source_path,sha256,arrays_sha256,identity_content_sha256,participant_id,canonical_participant_id,label,sample_id,schema,status,reason,split,output_index,original_T,duration,valid_frames,valid_detection_ratio,longest_missing_run,scale,assumptions
make_fist/p001_make_fist_0001.npz,0b41882b8abe158a1ab755065dde952e16f70dce0db20ff60955df6c84391896,0fe61d7eb2e359ed160d2828b6b5c9a263cb41ae54b5014ccb8d1485b4603491,714f445d7efedc96a1a4cbfc046d45b5fd0cb907ee3e6d589bfbe6796fd768e7,p001,p001,make_fist,1,2,accepted,,,,33,1.0721073999993678,33,1.0,0,0.21868243448367297,
make_fist/p001_make_fist_0002.npz,d418d86010e1c418b9ba54f5a33778f785b7ab244f224b190aa26389e732315b,27bca1839feed392c572120e82df33d54ad46bbc1130a4c983589a823d2facbc,6353d130c70f093ae55d5711a5c133736fb8ff62719af566e141075f959980a5,p001,p001,make_fist,2,2,accepted,,,,31,1.0080574000003253,31,1.0,0,0.21668379978344315,
make_fist/p001_make_fist_0003.npz,f6d2ff16d6977ef12c8ee4b582c6325eb95f5a80c950aa4b9f89258705a55e2e,86cfb066bdba2c9e7d635c90c2a7596977e9389b94bc488683786cc605db492e,23e6be3f7a959334ecc618815a286e1b57db117a92d998864747cf6c0c3a3c7b,p001,p001,make_fist,3,2,accepted,,,,34,1.1044818999998824,34,1.0,0,0.21412784940747198,
make_fist/p001_make_fist_0004.npz,4df9da424d350992988180fb73e9e34e29e8f83fa1dbd2ecfe3b3f12525f800e,090f8943d25940eafff8c068a253893950305c0ab5730d0b66fe4de53c7e9305,43b439bb5ee0286928763234c72c7fe4c94cda9bfd203678506abed9321f1197,p001,p001,make_fist,4,2,accepted,,,,32,1.0401156999996601,32,1.0,0,0.23351558833812874,
make_fist/p001_make_fist_0005.npz,c617b1555280766e93379910d84e71c9397651b56dca4a0bc9caf967c1ea5a9b,699bc6961b43590dade6518bcb41b7110b9a0a69267ab3ba1d99057150711386,485f6288ddd38d761c8e4502be6e3c1eefe9201da801a57d8120d7b009bf32f5,p001,p001,make_fist,5,2,accepted,,,,28,0.9119451999995363,28,1.0,0,0.22045289983776162,
make_fist/p001_make_fist_0006.npz,1c8763419baae45d57418860c6d758188711de4e4045c82e3e4c47676a73442e,c9750b1bf2e761b800eeb8930f7cb35d4196fe694f512040245f80251fc01c07,cca8885c3da6f34a55ac8170ae42c65e1a8df5709e98786d3748a78be00acef3,p001,p001,make_fist,6,2,accepted,,,,38,1.2482098000000406,38,1.0,0,0.22807468169919143,
make_fist/p001_make_fist_0007.npz,ede1e090a010fb754b65f6a59823dd3ce063c9774fa146a20a8a91500f7c87d1,9a30c1542d242bc7d112a3790a817df6648d82872ad4faa555776a17d6eaa7dd,7c2807d6ba6b551e33a8331b9a3a4ed22eb745c5f118994bdf439e7d043f3e59,p001,p001,make_fist,7,2,accepted,,,,38,1.2637097000006179,38,1.0,0,0.23392206849175745,
make_fist/p001_make_fist_0008.npz,d6394f4900d603d18c1b665db5dd0c2ca1514cfd89fac58e026813728c3aeeed,6fec1caf489968274945a05498b182e6790ac61a561a53004cad548f66a8a117,1737e0b0641d1a1c85c700a1d3fd84588999786d586b7340492aca5504496bd9,p001,p001,make_fist,8,2,accepted,,,,25,0.8157678999996278,25,1.0,0,0.21522575733014757,
make_fist/p001_make_fist_0009.npz,3fa7d6e138cf39062e4e15bead521e54691b3b35a3d58cfde7387cae31a720d2,3cc6fb51dbd66f950e2a7514e605b8bb97e740a3ca37626bb09006121565048e,b55c2f45c325226c25a4d04924fc2b84ad20831e178f7ca850e5e4e533237bc0,p001,p001,make_fist,9,2,accepted,,,,33,1.0721776999998838,33,1.0,0,0.21395741059800236,
make_fist/p001_make_fist_0010.npz,090b9b9c8a74bffe5c1c01dec495673d74b47748db87a9af34471621a8ed6bcc,1dc8f93574642d78e4410b37139b112df447e65cd6e88139009da011e4739d7c,1fb4e70bd1faf3d448a09d657be255edc99e1b4d1ae2e9cac1656e32788455a4,p001,p001,make_fist,10,2,accepted,,,,28,0.9120087999999669,28,1.0,0,0.21512477746731412,
make_fist/p001_make_fist_0011.npz,c3fc6ac81072489b9ec2efd745dbd421bb156d10c0db05cda6410ba3ee3ffe93,ae9389e3e725739c01646bb55a5d7f4ee0e04ab7bcc081613ab498821cd9e150,2072742b49660b1b2534fd01ebdbdbd3bccd68d064708c994450af203dd3c4f1,p001,p001,make_fist,11,2,accepted,,,,33,1.0720376999997825,33,1.0,0,0.2122227222144499,
make_fist/p001_make_fist_0012.npz,5d9ee61208851a87d8ec8ddacb66cdb9c9374edc528ebaac7ef4e7daa0779a2c,ba4411b2b17b938c221a3db9a71d97626f69658f41be6b4c72695948328b28ff,700512ee717b931702fb95bc8be4fdba7cd1fcaf4ec231d72f0daf6dd1f3298a,p001,p001,make_fist,12,2,accepted,,,,36,1.184185099999013,36,1.0,0,0.20574038836222264,
make_fist/p001_make_fist_0013.npz,959afd63375cfc2d798025e5a268a836f9e54c9d4ce23d34e28038e42817c96b,d3d35a9fc2331623b1b1d8d7092257c43ba4dd1c5299278bf78eada78804d127,7bd79f79d798aa9f96370ffdc11a7b0d978e0da589a29b2491eb6faf9fdff9c1,p001,p001,make_fist,13,2,accepted,,,,32,1.0401448000011442,32,1.0,0,0.21143074261134714,
make_fist/p001_make_fist_0014.npz,c29ead4eb4a5b9450036d522cc0594a487dd24c84d922769bd34ca6e39ad2125,e78f08f0df0e48c809e89901863c5bc3d2688487f325525761612e5f5f27211e,8e3815739bea509bd627e473b8b77347e76cc413104d1c51b41cb09a7138e41d,p001,p001,make_fist,14,2,accepted,,,,31,1.0077808999994886,31,1.0,0,0.20365304503874554,
make_fist/p001_make_fist_0015.npz,4797fb71ee650930bb073e0cd1bcac8d998891cfb76959bb18bfbfca1aac06fc,fb4603743522e370d157ae19141c98320607513e3635a3d39dffbff989e3b679,9245d159896560517272a07ca66b991208cf89b0737601fc0f24cecccc373621,p001,p001,make_fist,15,2,accepted,,,,35,1.1520712999990792,35,1.0,0,0.21538984413406645,
make_fist/p001_make_fist_0016.npz,e4060d4a3ae2023cb760373cc99f33b23ae6241ada2c4a7a47a7e949d662b7ed,1d4ac9726d9eb84e1ba8025a25f29aa8a4d2b9234c645c9f1334b7f38c862f60,106858b13ec6e5363bd339fc326ddccf8d8b7e9af519bde2f662b9bb9a2baaef,p001,p001,make_fist,16,2,accepted,,,,29,0.9439521999993303,29,1.0,0,0.2176817435822428,
make_fist/p001_make_fist_0017.npz,a371fb33f1636f28ff00af3849af054f5d2fd2b50a150b3e377e1dc9ef4fc4f1,1f5b5b0d02e71f754c3fcaed60721b9855c43f0ea0fefbd9793fd51dd201a337,40d8232fbe8430ff007bde1d20462f99a159fbe00cb424a551eca47540fa34f9,p001,p001,make_fist,17,2,accepted,,,,30,0.9921773999994912,30,1.0,0,0.2120748395005041,
make_fist/p001_make_fist_0018.npz,e9e252e7b811c7d487cf5b9e771755365aa3f65e641b0b660788761b95ba2cca,3e002360d6557b365ec704ecfa7ae87ea7fd1dcfb96908d95f85e2fbb25abc11,c553ce35de116e8e26dd2f0265442d76f30b664a8b3bddbb562589e769115f1a,p001,p001,make_fist,18,2,accepted,,,,33,1.0880347000002075,33,1.0,0,0.21680077662473113,
make_fist/p001_make_fist_0019.npz,b8dd09d0b4880c2b9636bc9372d3a58a007a3b3f9a50de897edd8dd3a6ffa307,bd355498a747c1d6fe67a8982259c15ec03b72fabf3aade1c97579160a21e6fc,893fc464567618dd064ceaa674d913e9d44564d92d9dfaca52a84cefafa40ae1,p001,p001,make_fist,19,2,accepted,,,,35,1.1358774999989691,35,1.0,0,0.21719867599963452,
make_fist/p001_make_fist_0020.npz,3b4a3056993b7181a475c2cbb72e0e8545be3f6624a42c6bb0871ec140feb8ad,43951e4f241da6855fa7bf5326138afd2379feecaad4769ad1c9c11191b953da,327abf6ffd2ffbb47ff69fb34527948a5c9b28ab0f989b93915eb21a3eb5ae1d,p001,p001,make_fist,20,2,accepted,,,,33,1.0877966999996715,33,1.0,0,0.21724627331729818,
make_fist/p001_make_fist_0021.npz,5af9dbfc573184a160d75aabd64c706f8963aed171d8bd9b5aff7073fff38c33,5620eacba1dbc72b4f85600586315451be303f7577b59f23fa81b1359a76cd1e,6894f6c378e7bbd55b262ff263cdaaa96782f88bc9ba79e92a41814dbfb6c6be,p001,p001,make_fist,21,2,accepted,,,,31,1.007803899999999,31,1.0,0,0.2152653853926225,
make_fist/p001_make_fist_0022.npz,96fccf0d543ba82f14535819625ad5b979fcc4ab99039e9bbfbbea0a67de079d,e28a9c8f43451738a4b9401855d5e1c5015da6490146ec34e6aa720cd3851c74,12a356d6c620734c61521fd587814554a7bc72cad247ed2a64c9936c2d8f2dbd,p001,p001,make_fist,22,2,accepted,,,,32,1.0400212000004103,32,1.0,0,0.21793801852107864,
make_fist/p001_make_fist_0023.npz,173729358ea6743b36ca28f6ec3d07bdcb92e73d139bfede769eb76c081ac7c0,682734e4e7b6bf9d38166dbf2c692bb656c883b844a776db52f98bd474844e35,eeb38654a154dd441d006f3deb4dcc6546ef470014f6de5e5e772d52b68504f3,p001,p001,make_fist,23,2,accepted,,,,29,0.9441665000013018,29,1.0,0,0.21842625989112874,
make_fist/p001_make_fist_0024.npz,dce7b339d3de400049001ee46bf0db280319228503761f46792c733029be1bc3,e7ae39713f83616f049b67c817440ee7a140c22746154cc4e71f25b0fbdcbb49,89a60d29dcbe09198b9d27846f5ade647a148aa7dd8b6ffaea0599c187abc7d2,p001,p001,make_fist,24,2,accepted,,,,31,1.0080162000012933,31,1.0,0,0.21629419143549508,
make_fist/p001_make_fist_0025.npz,97a1d8bf9b5aa76344aa41d9d4a7695600daee28038675b01b33880c374e8d9b,56cac27f9653197851c6ca7504c87a20e9823ec049211c392154a5f330accd73,1114dfae83f864c706646bbf3974a37e08b80446cc5efd4bf7817b1b33c1187d,p001,p001,make_fist,25,2,accepted,,,,20,0.640329699999711,20,1.0,0,0.3654829221303798,
make_fist/p001_make_fist_0026.npz,557b25eb81fe3b3ac473dfb946b360e45277311a5d3bf20d3ce7c26696832285,33a1227d13c9f1409290e8889dac6dbd7984de2f1e66379ab67c3451ef3b88da,903ecddd44170f2207279659f5dccad7bf4275ef32e0ffe58ecd33079c0d97ec,p001,p001,make_fist,26,2,accepted,,,,26,0.8480359000004682,26,1.0,0,0.3579288498077988,
make_fist/p001_make_fist_0027.npz,ebd5129a36b3dea7e4d8e416a48171c982c65d6032a086ec87e7ac342b520994,73daff485aecbfe3c1253ea37a1403757ff130e9e5a5b0917d4152c2bc0163c6,cdc1ddbfccd249edd9a43de9c527140a8b9e345102a408c70a7b004efcdecdf4,p001,p001,make_fist,27,2,accepted,,,,29,0.9441688000006252,29,1.0,0,0.3537700806039849,
make_fist/p001_make_fist_0028.npz,60785e3e58cfe4c8bc30223c28a07ab0fbe8cdb6b63fdb977456cf152b665511,6b4253433c2490a1091d72172548124a2162bee92d51b1085d399dcb12917f82,742b0cdb80bd1018e92cfc42f64755638938b9163c87a47e79d2ab5710db1147,p001,p001,make_fist,28,2,accepted,,,,32,1.0560531000010087,32,1.0,0,0.35164364107209006,
make_fist/p001_make_fist_0029.npz,2a09351ef4071f496158b8af3cb9076f80e8c6c91d904fca51a562ed160632d0,b4066ee1d1291f9795fd42e3e0676b1c751a8d0297cd9e9a59901d53f421faba,445b1a952f6d775f63c9951efdec765d156e75e7344721fe528878565a5c8f04,p001,p001,make_fist,29,2,accepted,,,,33,1.0722382000003563,33,1.0,0,0.3555353325406289,
make_fist/p001_make_fist_0030.npz,5890393053835f32645b9146c9fdbc0c2577ebdfe9d841a2a195615a8a8a70bd,f6f394eec7eda540682eb52661d028aee5276e70dba9a33a8e0498a07c65f0be,2f5e8fdc872f82161bfa31695978bac1d24f0f8f642a2465c52bca1f6a8a913b,p001,p001,make_fist,30,2,accepted,,,,30,0.9759465999995882,30,1.0,0,0.35655907640875617,
make_fist/p001_make_fist_0031.npz,c8206933bee8490333a374c781397718e43f126fee22a35c78c8c6cdbe6ed279,045d7540b165d9771d50b0bc01fc8452259ef974b14023656966babcacfadeca,818b2fc162831dc0ad7431c5468864d9259b97fe6debc5f4548110b76aea8bc0,p001,p001,make_fist,31,2,accepted,,,,32,1.040495799999917,32,1.0,0,0.3598565476640492,
make_fist/p001_make_fist_0032.npz,8e9043f41babbc1d794c864a5b5a20ddce649f91fbe64d2f2ad7c1127f7be67a,d5fa732c217634caf46cbdfda8bc7c9ae0b7b62e5d05f89b09d30ecb07663db5,575802c626fdfa79244f9b76f4d6c753367370929c2f2a9439e0669e449e83b2,p001,p001,make_fist,32,2,accepted,,,,32,1.040187500000684,32,1.0,0,0.35304509425165775,
make_fist/p001_make_fist_0033.npz,0a8c05018bc6fa313f92b02adc8c57ac219ccde232faef5459ce92ea98c5d753,1c2ea732479f6b5dae119b0a031a9211333e9baeb671d61fd7adb781551fa2a2,1bfd16ba56ea2f793942d7f5beb94b26d234522d1aaf21bde29ad669eb561654,p001,p001,make_fist,33,2,accepted,,,,33,1.0718406999985746,33,1.0,0,0.3518252572051195,
make_fist/p001_make_fist_0034.npz,c49cc2f5ee4e74a526f8a03a2065e3a454cdd2f74ddcb34b1e25e451a0adb22f,b0966349fdbba406157f8406d2b1029dcbe4c4f54870a0b5771d82688142cd1f,2c8016155c0e5fdc62ad2f6408c1a85ae63a6147033519f94730737c0e803b75,p001,p001,make_fist,34,2,accepted,,,,30,0.9760643999998138,30,1.0,0,0.35104811121146207,
make_fist/p001_make_fist_0035.npz,2e9d56736478858853af1f08bd2a032599e8b64065a15602de7d413b66c8f54d,03bc994053cbbffaaca3f88f2e68933fd29021e716d605e52c8dcedf83468258,d9101f43a10b2d50aae33bddbb378693e2640902a07011104721cb70f868ec7a,p001,p001,make_fist,35,2,accepted,,,,32,1.040017400000579,32,1.0,0,0.32893703585657585,
make_fist/p001_make_fist_0036.npz,0db361e149a3bd83747c61cdba1b5a4932a8cf989fbaed1fcf896a3f6ab05531,7757c995ab4115048986d1f098a9437206e988b2efe94afd85c54d2f39a06a6d,7b58e3fd02009c43b9356b29946798e74d90b430a66550de2441afbd6965b3e7,p001,p001,make_fist,36,2,accepted,,,,32,1.0560683999992762,32,1.0,0,0.3305297535094314,
make_fist/p001_make_fist_0037.npz,911a56fd395053e570518db036ee9e9277356e6cb7e5a831051ef4f6d2d3bb7a,351f92c0455ad4cbd8ed19c8a8c1bda988d6b6cfe28c79f1c8a200fb69362ef9,cbef6832d394b6ad887c42d94e0c0393a0de5e7a0362b3704e0282c8d57b0c8b,p001,p001,make_fist,37,2,accepted,,,,33,1.088154700000814,33,1.0,0,0.32024676214713477,
make_fist/p001_make_fist_0038.npz,5be8f4a64cb63a42fe795d9de5dbfce369f0e4d9f143c93857147fd2df808686,28d1e14130c46e422b91edeec59562b599f599ecd2a2513a51b44fff204ea9a2,cd55516b4205a477386b37fecd424700b4d6cbc20307dae7c2538c0267c70e9b,p001,p001,make_fist,38,2,accepted,,,,33,1.0879776000001584,33,1.0,0,0.3292417491048146,
make_fist/p001_make_fist_0039.npz,9cd8eb5cf6e874ca1fd06b20201c139abd9c932cd9103d31b2d640f9546679b4,56145de325420b6892e5cb564ff7ad1a6465dea628a77d9422f929a649a26403,3a16fbd2f90bd2c7dd554c75e0daeb8445d9f74e8e9cec8563a5404c8c126331,p001,p001,make_fist,39,2,accepted,,,,31,1.0080318000000261,31,1.0,0,0.33432795770687834,
make_fist/p001_make_fist_0040.npz,bb5b3a62128ebce036abf57bf022f39bbf65878a8af7d5808ac4936a2de12c0d,037114e6ab8ad39c69e5186d7a3948140b1a952cc4c9cea75d90c8cab88b9f09,62530d02b0e6bcc3aa6f052dd7accf17cfa1f36f3fd15592927525a62566e4c9,p001,p001,make_fist,40,2,accepted,,,,34,1.1198284000001877,34,1.0,0,0.3230698118767056,
make_fist/p001_make_fist_0041.npz,5f640ac6ad0844422c94c3857561bd1592fb18b5bc4248ca3862f705b72491ca,29c5d9d5682199c9eed04e4fe2a82c59a873483847af3bab918b81d5e96ade1c,f30258e69e70493e48ee92ef2f219c15fe4362aee72ca21a64a30efabbb1b5af,p001,p001,make_fist,41,2,accepted,,,,34,1.1039655000004132,34,1.0,0,0.3255995608579144,
make_fist/p001_make_fist_0042.npz,4a7fe12c8bcf964b6526ac1a0246001f27a1c3e972f534353dd15bc5bdd94e2a,fbc9e941a8d977a0ad35a12922703a4b4c2cfde1db10504c2d338fbb07b1abb1,445a509dba40ab79d0ade320eee64aa86ee841ab80b1cf4a44dfaacf0beb51b4,p001,p001,make_fist,42,2,accepted,,,,33,1.0719587999992655,33,1.0,0,0.3222190362894381,
make_fist/p001_make_fist_0043.npz,f19e12cba4c9642c00392c8b760c84c4fcc35bbcc6b7143755b8e00669d41698,8cebbe3269c87c83e4811f06deca0f043a3a14f13037344dd2822fbc900f030f,6a4b24dfdeba64cdf7e7700d2b95f2e400f42eb7a059c1759a717152b61364de,p001,p001,make_fist,43,2,accepted,,,,37,1.2159136000009312,37,1.0,0,0.32718614812853336,
make_fist/p001_make_fist_0044.npz,219a893b49aaf5fe13d340ad57dd2fff5d653437d2089bc931508effdf121017,6498aafd0c076367bfd69d855ee25e832034e65a20d7b0993014c98f8435c5ec,d7fcdcec45027a93035aa3e174fe97e58eb4cd5cd21e8770899f2ac6ab1dc1a3,p001,p001,make_fist,44,2,accepted,,,,36,1.167831799999476,36,1.0,0,0.3298545201711719,
make_fist/p001_make_fist_0045.npz,92bffb86cbf099db86eae391f23139850ebfd23e68d9a890751cac6783b59cb6,fb11b3672e3b69e3effd003afd930c83a27cf03bc5cbf71139bf59272eeb2e37,3286fdd3bdbfbd827733158a60ccc7ca55a96d400641dc58e96b30c96bd122b0,p001,p001,make_fist,45,2,accepted,,,,33,1.0717157999988558,33,1.0,0,0.3250326543319491,
make_fist/p001_make_fist_0046.npz,5738b6ea1a4df5b53af3dece4fd4f8fee0411d166eaa3dcf7187f5d8d0dbb431,7c3a583f7f9c6f20e58600c8a2c2d7e432a6e17f01b580bcdd0ac42b250ac5bb,e4950fca954e89db9ba013e0f6b344b5c233710951869a8c71144b3c2e11bdc2,p001,p001,make_fist,46,2,accepted,,,,35,1.1520115000002988,35,1.0,0,0.3242320226917057,
make_fist/p001_make_fist_0047.npz,d0f3e50765c90dce94b90fae66b72140ce8ee68885de02eec188222c6bac0035,5b49fbca822ffbb144af1224d0c2135ca57e8a77feac7e60d221452a35985781,161425fc3a27bcf39564d657501419e8bb5371c28327165b03bac2596e2c835d,p001,p001,make_fist,47,2,accepted,,,,29,0.9603165999997145,29,1.0,0,0.2010448200356554,
make_fist/p001_make_fist_0048.npz,ba9aae2b25e3284592b8d1fbc08179fac01fc5fb1a314c97db32f8d962ab7f47,4861511b5b0d3ce75e0d1aab68ca83792572333c0f92b762cb3aecf0e98ffc3e,e66da3d422b2bb67094f058fcdae4247b5d4b21adb08e49516104902986d4577,p001,p001,make_fist,48,2,accepted,,,,29,0.9442698000002565,29,1.0,0,0.2071062913793994,
make_fist/p001_make_fist_0049.npz,85caf69abc9577e0294fcee7f899f20609f6244908af869008e90479710baeb8,9e8b88c413f515b55b6ded83c4c36a3868821d720457538b2897b33db3d60112,d7f8c21668172e4240c365d2291569bd8476edeb9780f6b0dba9d9872afe11ba,p001,p001,make_fist,49,2,accepted,,,,31,1.0239510999999766,31,1.0,0,0.21718178409243397,
make_fist/p001_make_fist_0050.npz,6b3219cc26e97be0f74a3f59aa35c67d88ae8217cdccdaf420f97a38e6eee70c,8233087fa1af4e8acb1be7143c538086e14f2c06056a5a12f374588d0ce4b9e5,5ebf6b7621e01a7d6bd8f99fc4b4c1d0809312508119e66405a966c6bf039ac8,p001,p001,make_fist,50,2,accepted,,,,36,1.1842348999998649,36,1.0,0,0.21598906539286034,
make_fist/p001_make_fist_0051.npz,12252b82492fe7adc0084b5556b464fb744d17726c38e8830401a49c99472ffe,204b66e37df51a71c0cc09cc1e4dd0e3e867cd407cc38622eed380892e0bd996,b9d2a73a9d28abe5ff3ad005246c90683336513adcbc0b9e596353c4f31b54e7,p001,p001,make_fist,51,2,accepted,,,,36,1.1840131999997539,36,1.0,0,0.21508509039536847,
make_fist/p001_make_fist_0052.npz,09169a783f8bf215e7a6afd94b4447c69cd23a4fe2bb7fdce3834a6a05c17db9,4bef8c5a0b6474c1a6f7999d3222924218adaabe819c51bf93393ab9b339610d,22de8bba0d326441d2a8298c06c8fd83820cec185c1340976ddcf91905047402,p001,p001,make_fist,52,2,accepted,,,,32,1.0402343999994628,32,1.0,0,0.20229092814364374,
make_fist/p001_make_fist_0053.npz,670165872089af2d13bdc34dd827d42ae7398afd185ac7c34b8c90a3be65b685,dd081ff069bcf8f69628eb7ee3eecfaa32bbdf9af1c4bb23a4c0035626e41ed7,ae84339ec13527db8a4892b23f10a8a8007d81b754e53824400360432d61ea9c,p001,p001,make_fist,53,2,accepted,,,,35,1.151998299999832,35,1.0,0,0.21278731566603057,
make_fist/p001_make_fist_0054.npz,db3250a69224b19ddf070d918f8a2242d8fa8dfada9920168a353853b59544b9,92299b5182304971576da925384b09a4379fd529c0b122a772586bbf711a6d56,4ba00b8f3d367f8aa73c5948461b8f78d6e5afebdf82e2724bd76265c4fe62a3,p001,p001,make_fist,54,2,accepted,,,,37,1.2162681000008888,37,1.0,0,0.22245707151701433,
make_fist/p001_make_fist_0055.npz,d02d83700fe874bde7a4f8e81a976867dd02e08c57c6153f8ac77589d366fc29,c92099baa56073b3f23bf4cab119c062673694aa339eeae42c03aea2c0a28ff0,70cc038f436b47c2126d142161f3361b672641b14c25fd88e678651d43d9d5bd,p001,p001,make_fist,55,2,accepted,,,,32,1.0401406999990286,32,1.0,0,0.21387334722479023,
make_fist/p001_make_fist_0056.npz,3ef03d74884447edc8f2357d9ed4749bb94fa389f24c74783638b1e05aad3744,78d4c69fe15092ed0dd31338a10ddebc2b4eb57b3d2f14e23e8538c21833a63c,e7bd4679399515abd99e1c3b266228e10478b474029201af43eb9e8394c524a1,p001,p001,make_fist,56,2,accepted,,,,33,1.0719423000009556,33,1.0,0,0.20557741845357924,
make_fist/p001_make_fist_0057.npz,b4c111d5453db6e9eb03a65007376ea603bc1067afdfca3d0041dd0ace74f8c7,3054c13e42619d4b1fcb24ef6649f28c2ef763fb7a9c8afdc16b8551ea1e1ebd,772064d43b56e2b4150177d7deccc5ff24206a589074c262520462f1bf565eda,p001,p001,make_fist,57,2,accepted,,,,32,1.0397458000006736,32,1.0,0,0.22552083977377235,
make_fist/p001_make_fist_0058.npz,2a37bdb8f8cafa350e838c87979e45c0673217feffe44cb41ab9ace9fea32af5,e91d6b3bbd35a85abc6f2b8d5c29f0ef000bbe892baea2322391ddc419b8a3d0,4b9a200e788487a7614f9501b04669fc2ce24361e029d69f69aaf22b66cd03b0,p001,p001,make_fist,58,2,accepted,,,,47,1.5518562000015663,47,1.0,0,0.22942667277454906,
make_fist/p001_make_fist_0059.npz,5cf54f12bca72bacfc3f30d112717cdd522475ef79159fa44101dca8e9832943,e606b487da9672879a6eb16d1d8c083cf827fb08094766278615e1cd7032f3ac,bc6b54f0b41063aac1ab8abdf2bdbdab7ac387fa35e406af96059174376b8e9e,p001,p001,make_fist,59,2,accepted,,,,31,1.0082564999993338,31,1.0,0,0.2078768000586017,
make_fist/p001_make_fist_0060.npz,ad0cce36223d5839b8324d56c6350eb0d440a0ad7fb38c75bff5bda2f35164af,e2b99dd969e955a1d954a216082c5cd77fb25028140a148f7937bed963789356,5e20f8c91fee97a99d2e8bc912dbfa30abd3bef48c5b2406d522fef1a6b3c6f0,p001,p001,make_fist,60,2,accepted,,,,35,1.1520939000001817,35,1.0,0,0.2077196117065962,
make_fist/p001_make_fist_0061.npz,4943fe1f39c80d7ef86e442749a166cb7f48718536b9e8bfb214974baa177f87,0287bc799265d1a7ebbac447f5265ba0fef772edd933cdc2170041ba68a0c33f,7e5826642358ce511f513430f5f34bee3b785ffac7da29014fa0e9d936aec30e,p001,p001,make_fist,61,2,accepted,,,,33,1.0880366999990656,33,1.0,0,0.20774373677753075,
make_fist/p001_make_fist_0062.npz,72ba3df51916fd9fdfa9afb15df7ee37708da6b104f69576e87b9885eb3482b8,921e2ac5a93585eb595422f39f884b13c6f8923d4df8210d720a6f2fbdb58b71,fc24c694938dcf1b369d36b833d09a0260ca2fa7ac6d97884d50281be9bd23ba,p001,p001,make_fist,62,2,accepted,,,,32,1.0560057000002416,32,1.0,0,0.22150634180055856,
make_fist/p001_make_fist_0063.npz,a8e9da8a35051f4555f9656ccf302db8c1f239209b70892e4be368c885c9ae56,0f08411a9e339d94accbcaddd446ea36d70cc21bfb095758ed6602d39d9ec629,ad910a2eb7bd3d38f6b086d1359954d6c9ad6b8cbd8c138f101797561399cb2b,p001,p001,make_fist,63,2,accepted,,,,30,0.97579560000122,30,1.0,0,0.197626417886139,
make_fist/p001_make_fist_0064.npz,5bda462c689dc791950069f38800032f6d216c76b77b8fd38a38d49f9da4cf6a,4fbb17e71898df734c827c453e21a29875caf19bd6e722fb85da3e9feab287b2,f7c489308ef86d7ab33aa9e5c13a7dfe5140d715ba306a19159bceb097abdf8a,p001,p001,make_fist,64,2,accepted,,,,35,1.1521104000003106,35,1.0,0,0.2033671642010437,
make_fist/p001_make_fist_0065.npz,32050b777a3e5ec0a2b46aef8257fafe452a9d122310dc9637794b329b3ca383,5dc1c1d646049057d54648db16e4f75a3f13ef2b585f5e91fc10d52e79399820,3dd5f219e2f416f8a7ce5cd97ec9b768eaa7ad987116a3a6d19b823b245f2346,p001,p001,make_fist,65,2,accepted,,,,39,1.2799959000003582,39,1.0,0,0.20156767274634835,
make_fist/p001_make_fist_0066.npz,ab11f461dee2583eebce993e908255ab0fbbcf5917aa7e08e2b9d8073581ed6e,202ee2fed5658f570383b61b9f3f75e70ee4f71a8a5dd498d18d438553f35494,4ada0a16dda5411cd1b7aff9eb5390cd779122c4f2948b17c5457d3cb5839272,p001,p001,make_fist,66,2,accepted,,,,37,1.216206900000543,37,1.0,0,0.20417517532228646,
make_fist/p001_make_fist_0067.npz,15a973b7d1e96232a3c80e0217e1a0ac160b9d324c376a7d186c0b4926049d9c,30669b205b0004227f456dc08c36280535586b2dad396f2108f3220dfdf4eb42,0b501890b1df3225708cd6d68b84d8f0a9a705d1def307cba222323d26171fdc,p001,p001,make_fist,67,2,accepted,,,,38,1.2636798000003182,38,1.0,0,0.20339200641642974,
make_fist/p001_make_fist_0068.npz,9befbe12e1ac51d12a4ac6328cdfddfabac5a4b56b9ee1a2982e3ea0b56d5de7,c1d701a084f3933a6cb624eb92fe2c94a619e581ac2383f8930d8a197af69460,9f2bc38662a148a724f7985dca1d6fef30251427e0fad0c20ba4a36ccb353ba2,p001,p001,make_fist,68,2,accepted,,,,38,1.247989299999972,38,1.0,0,0.20443003405386403,
make_fist/p001_make_fist_0069.npz,624a5012680da0c05f714197a812fda213926d65e348324d7bc9522185308dbd,addadd8be11918850060b26e187adde9dc798d50c9552699bafe29ee506c165f,ff7bd2d86241d7ece0f2359f5500b0e95a1439f1f8c22799b31993485d734c26,p001,p001,make_fist,69,2,accepted,,,,35,1.151932199998555,35,1.0,0,0.20275374870707236,
make_fist/p001_make_fist_0070.npz,45681288fd4238afb1cc1e85f6ac1fc87cc3256b0cc9ecb957a1909e8c094e19,05f78aa4e7907496a71bcb61d84ee47ab82f928ba33d78c29c9cce444910556d,a5b08e5552cc14c480c7586c92cf54e425c6f65492d63ddd6ef302d3a5aa8335,p001,p001,make_fist,70,2,accepted,,,,31,1.0238047000002553,31,1.0,0,0.19423734455909542,
make_fist/p001_make_fist_0071.npz,7d4416b9e2eaab0931ad7aa4134995241ae931e741ab3144075f2abb34782111,b08b5c9923ab675e128a6ffd325d72deab991ca19e99e4b6f543ebda0d070005,9a28042028acbe954e74e3d1ea9b020d0db93a2e4fff3c43f616dd1058776c9f,p001,p001,make_fist,71,2,accepted,,,,33,1.0879563999988022,33,1.0,0,0.20334648639912556,
make_fist/p001_make_fist_0072.npz,7695ad7b7cd66731d4bde09dd809a693679be0d0e19d44f632684e47cbd5d77f,9a49b9d2554bfc8438a3e425e9dcbcfa6536e0b65b8cd46810e1ef80bf7dceed,cd15283b76a1102d99ea03412dcad1df27f3850b5e93962bce16fa1aae257f0e,p001,p001,make_fist,72,2,accepted,,,,34,1.1038427999992564,34,1.0,0,0.19724536999286826,
make_fist/p001_make_fist_0073.npz,35b8c7e196fc82269db8afeb8817037f3a817c1b766d1f088fdb92b7ecb6de84,409da2d49b9f1454dc59a22ff12116109dce5b09b1d7176a7a39099b4e7deb90,0e2b8e0f521822d0138309f08502e3579d4ef52562b89e16aee6140bc909d61c,p001,p001,make_fist,73,2,accepted,,,,35,1.1522008000010828,35,1.0,0,0.20264949491987355,
make_fist/p001_make_fist_0074.npz,74a4a6a9dc94015f00cb1d3dfc6983272b8aa3ec391cfb1ec0ef435cba1d3011,efd6691e975c8a261d2c773f408c8a075269aaee6056eb73c9869a52f294c937,468b1929217a0975f24bff85655c6d79b286e0e958f2e335b9d02922d4d8482d,p001,p001,make_fist,74,2,accepted,,,,33,1.0879549000001134,33,1.0,0,0.2035661129073977,
make_fist/p001_make_fist_0075.npz,5142279031652bbc9912401b6235c8e2fc0d50aed724dbbb158272de7d3868ad,3b32f49e9d70a31e589bf98e74355dab82ea339d140e00e4f701ddf3395cc406,ad6f1ad911c5f939af674f9f4728cacd2e047879f9cc43ab1f38516adf0f95ff,p001,p001,make_fist,75,2,accepted,,,,35,1.151693100000557,35,1.0,0,0.3503084913367313,
make_fist/p001_make_fist_0076.npz,5491e422f03ee729466e2c97cf5218bf2392304952ab714e63e78dc7be54c892,8584d937cafcfb2cd737806cb26b93329faab43616d1093b7e19e279bba8ba2f,a4f79964077686b478dbd5376b8a6b42a6d05eb0832bbe2254afa69946cf8711,p001,p001,make_fist,76,2,accepted,,,,31,1.024118700001054,31,1.0,0,0.356658014339644,
make_fist/p001_make_fist_0077.npz,8df082de02591766d2b04cfc596109b558fa0327cad7bebe9f742bbe03a90102,dee3bab50b7a3101b7bfb0be3f74756a05ca3766402930ac0e96720a00a2c5d3,d4a229e3e369efea84cb274e5b8457450138022aad77075cc58cffd5755c5008,p001,p001,make_fist,77,2,accepted,,,,33,1.071966400000747,33,1.0,0,0.349496287070791,
make_fist/p001_make_fist_0078.npz,5516c0ea183b4ba4e8be0f980ecc5a9020c6907049d4cbaf522a6d99f08d6245,f810f6722608ac5adb849acbe9ad0b1ac1aedc8c3892b0b42e64d511b03fd298,b60a1254e6f80311be12055ce048e679f6b96afb41b5ca7aa1ecf9cfb3d84e22,p001,p001,make_fist,78,2,accepted,,,,34,1.1039674000003288,34,1.0,0,0.34850931866987206,
make_fist/p001_make_fist_0079.npz,a31a9691be3ac203e64844a79444f3b01f81b05fefa2be9e25716d9d9e329324,513fe84112ce1af0bea17f74211a3a03799242d1b2ea0fb3079cc72462a0ced0,a62fd1c1d7b4b17bc9805b60f7c1851badf4b7b86d12284d112c3e821dfa0cd0,p001,p001,make_fist,79,2,accepted,,,,35,1.1360252999984368,35,1.0,0,0.3535708221385147,
make_fist/p001_make_fist_0080.npz,12234c74c0dfa81d78e4d9bc242bb03d9c634ce9544a8e1dd0e2110e36576102,1bf0ec30079dcb1d6be8d1c0bd70e10d2b2b755e1fbe84993270daff02a9c969,6cd04fc01c4f2c85cb31dfe160d4d30fe247039e1b901ff1464b9700ede66bad,p001,p001,make_fist,80,2,accepted,,,,38,1.2479224999988219,38,1.0,0,0.3506370775381703,
make_fist/p001_make_fist_0081.npz,68c5ae8a26375dc0cb13ed8d85acafb191911f0eb6b48767907bd17704fc2ebe,7412f80099f816b69cde81a404c8cf477aa89f76f2887d7de69b8de3de29a22a,c248a287b3a0ac5b23382abd0dc2c4b2d7d3194e17a34481c1100b979379f6bc,p001,p001,make_fist,81,2,accepted,,,,35,1.1363063999997394,35,1.0,0,0.3496333717447087,
make_fist/p001_make_fist_0082.npz,be2fc3c8f948bc802253fc3a3a8b35e6dcce7a037c294d7873ba75ed5917811a,7252eb5b52ffd22a4152a11caec002d508e946fbcb66a2c1a4f8cf3efa2063ec,1b163b1180cfbe111841aed8da6234b80505f7ce56418d1e508becedd38e3a65,p001,p001,make_fist,82,2,accepted,,,,37,1.2158505999996123,37,1.0,0,0.34712728905582346,
make_fist/p001_make_fist_0083.npz,a1d7fb6b2d680445ac3320392ae19c464e1ee7b0c51be5bd8174d3ba43f7028f,da45574b613970fa98583cd36b9b410e798ea5d329475ff274d8ea9b39649f81,14a4d900d87aceb5d7aa05134bae35b5e5ad45536497755b9210e0d3bc325938,p001,p001,make_fist,83,2,accepted,,,,41,1.3601827999991656,41,1.0,0,0.34724924840325866,
make_fist/p001_make_fist_0084.npz,9b4ff4a5287b74eb14be6839bd10f624a37bbc3d907e4b8493854870c67a3fd4,3fe2779c8e967ef2da4eb24c9cc4a5dec964197ed58b33d0efae4d9b40831709,84ad2918b7bf4e99e0d5e8d0aafe6c5700c5d0896a8ed5a0dec6990ba3ebc1d3,p001,p001,make_fist,84,2,accepted,,,,32,1.0398420000001352,32,1.0,0,0.3424966549833269,
make_fist/p001_make_fist_0085.npz,86cc366a15ac453463ae23d4f3958379c93fa6cd79ed7c99b3c4a809a6867fd0,cadcff3ef4af0a15d632ec6590be8c58efbdc3683ad46f4692b800b1c8039be5,12add5a5b43ee4faa3f5ee5ea88610d894355c616b766757f93556e492ee8957,p001,p001,make_fist,85,2,accepted,,,,27,0.8802768000005017,27,1.0,0,0.3591949470008766,
make_fist/p001_make_fist_0086.npz,5d423e436f8920143e161349aa11c0679e916ea90dbdd081283f618e763b485e,67417e77b67fab882bfb09331c19a79cace6febab3ad7f4c156cb76ba1207e72,4ae855d8ab04636cfdd8e231bc76e21c3459bdc8ab8f56610a6ccfd1ef9e3d3f,p001,p001,make_fist,86,2,accepted,,,,31,1.0079235000011977,31,1.0,0,0.355071586128742,
make_fist/p001_make_fist_0087.npz,71d89727726f547baf050e4e83b4b7c9260f414f1bcf6adea44d9e07d968fc24,995e822b975b88ff1ecbe7c4457dc6518f1569248b8780b54bc9c8df13e40888,1471b5a0cf5102a4f03d2856c2e1967754a67aca6e1d65cd4954fdbfb8d70d9a,p001,p001,make_fist,87,2,accepted,,,,32,1.055536399999255,32,1.0,0,0.345159709738703,
make_fist/p001_make_fist_0088.npz,abc6401773b868288ca4ff0a63d1864c8d2d495536e8362669777bc7831cafa2,fd13613ee4a08fc32e0d00faf807ad4b97453095037c73248f8ecece6b24b113,9dc67c89632ed27c42ba2fea799d4b08b17c74022b137cc50a28dfc579aee4bc,p001,p001,make_fist,88,2,accepted,,,,35,1.1520096999993257,35,1.0,0,0.35613577936448865,
make_fist/p001_make_fist_0089.npz,570c7b25cf438bea0bf1da426e0bb89a13ed63faefc1ba08344771522c57f081,17dce185135cf8703928312d9020e8b2ad2deb77e3c787c2e46aee1e32a44dff,5168681d0a5cdc86a60fb4057fe250bedbe4972227f8ed0d6d12d7023f07c902,p001,p001,make_fist,89,2,accepted,,,,36,1.1839648000004672,36,1.0,0,0.3515056195054238,
make_fist/p001_make_fist_0090.npz,9d167b991bbe902ecf344ebfcb939ce46de42738bf5a4ca3ef55f61d4e1c8477,43b08dc46afd889a7f411157bb5bbbc84593378856b293f1a64181edd3f727ae,f37be8445f4e50382f7aae09af5f079810283ae279a14eb244eee242b6c74acf,p001,p001,make_fist,90,2,accepted,,,,38,1.2479691000007733,38,1.0,0,0.3526647903235386,
make_fist/p001_make_fist_0091.npz,5ef9c031dcb48526728898b9dba1bda4fbf2ff8be4cf6a8b1347812a8362c8d8,8f17a92977495afcb9fbf1615f835c6254d33dbff7c319dd91a03bbffa443315,c73ad00e7a290877bf17386ad8921cea0e417f9e8573e5a921521bc5a225b474,p001,p001,make_fist,91,2,accepted,,,,36,1.1840578999999707,36,1.0,0,0.35047729860305166,
make_fist/p001_make_fist_0092.npz,a5b46370b107ef064ca97fa8873d8bc82cfc2c9f367ff4e3006bb45653cfb20f,464114de0069fc6fe59440a56938a426ba9bfd66071cae7ac1ba6d15496adb8a,a8641346940261fb3be321e9fe54cf7fd3f5ceca242861bcfd1650a255521bca,p001,p001,make_fist,92,2,accepted,,,,37,1.2163324000011926,37,1.0,0,0.3496455246717512,
make_fist/p001_make_fist_0093.npz,f632157b403085b865547af894b59bf508503ecc231af539d41e5aeeb27f353a,00456719e118b33c2b673b4354de955587a598f11ecfc2e53cb22f6cdb86498d,15221cff60838d9ceb16346add191f79c91c203464b3699ebba2882e2bcd6a78,p001,p001,make_fist,93,2,accepted,,,,38,1.2482421000004251,38,1.0,0,0.34400163912834425,
make_fist/p001_make_fist_0094.npz,8576d31ef1f69fc20bd93504c28735ba8f3b8b3306cd207715c0403f918bf118,1b3956be4097c8495bf2f639b473709c6f76a0a2467e7f531f9684aaf18598d7,5a89d7a93b69c6944b4f3c5397a5f3d1550fe49f1b118341f546dd818e7dbb97,p001,p001,make_fist,94,2,accepted,,,,37,1.2157915999996476,37,1.0,0,0.33960416466357496,
make_fist/p001_make_fist_0095.npz,1a4c6609ca183e8d97d2457e2e7a6c671ef7a8d2d3cb971ce64b1702e82eb0e0,b16c541b9f44e36ddd56a2993284a3225db575deea399a2a87687409a6d1e37b,51bd14b29c5f208f7e16e3a93967793ddd67501c82645af7d111c17c8ebced85,p001,p001,make_fist,95,2,accepted,,,,32,1.0403158999997686,32,1.0,0,0.3348589162105141,
make_fist/p001_make_fist_0096.npz,c690ef685066fa26b898182b90e0f39c4d6878bdf8692d6a2644f9555c1f3590,f73263a092063eb9e98b76f48645f35b8ef8629c0460914da7a8b1d27c04fecc,26d174548d19897dd42faa47660f882be760bc687319e95e255bb5cc6653f366,p001,p001,make_fist,96,2,accepted,,,,37,1.2160665999999765,37,1.0,0,0.33372718171122057,
make_fist/p001_make_fist_0097.npz,5db4de0d9595b43c73113713dc0eb4638febbc8379ab183aac15ca9409e90b19,968b9036068bd6bc5bf5e8af39f7da1f3ae8d246e88edb06500008ba69c2a84c,a161b8bd70278b5a5f0fb8f22a9ca64645ef8d7b3a8cf407964253d0dd6f343c,p001,p001,make_fist,97,2,accepted,,,,37,1.2162268000010954,37,1.0,0,0.32809993834441764,
make_fist/p001_make_fist_0098.npz,e92855280e6e8e76e7646c02c5c1d5455a66b327caa1674ef8245cd84a75c983,9743ca492662086c6ef02435d79471156f89ae46343bf806006be085dc20f6f6,c01617171e3fce82dcb6492f6bbe91acf3e4bc03cbe3f0d70e07156f9a00eff5,p001,p001,make_fist,98,2,accepted,,,,35,1.1358399000000645,35,1.0,0,0.3151901995970938,
make_fist/p001_make_fist_0099.npz,abeea2097491cfd8fbfd4843c5a9e2a0ed3eb1fe615bb7aae6a2ec713896dd79,9b3d8d8d92dfcde475e60e35218252143b6647721a212998432b9a45c82301e5,44584bdd23f1ac9bdd456c2b9cfec990c622f003d868c2d93d5ade1e89ef6621,p001,p001,make_fist,99,2,accepted,,,,35,1.1517875000008644,35,1.0,0,0.32025882141011547,
make_fist/p001_make_fist_0100.npz,4f307f10ed9b025f8dc5b30bd5c870caec55cd5c4391156bdc02c00cf4b4f94f,367fb0856db5f7a6d7c312d7a015eb975e12e6afe15617beb4dedd288218773b,d4bcf8d784dcccedada42a4fae46b6aaa6923ba3fd94dcccaecb7ac856c04c05,p001,p001,make_fist,100,2,accepted,,,,40,1.312149400000635,40,1.0,0,0.32208349350949417,
make_fist/p001_make_fist_0101.npz,5d376d3269e6d8020da8d74613b33355729c60d7f79310e50c8f81872538291b,800cf3a62d163559c00f2eaadccb47c7f23069a0da4b48155230ee1e00dac24b,0c41affdbe4e24579c783c5f668e66f912fcfcc67750bef472759dc970b6f719,p001,p001,make_fist,101,2,accepted,,,,39,1.2801558999999543,39,1.0,0,0.311777165709931,
make_fist/p001_make_fist_0102.npz,eaa283c31a89d82e070710c76e8d384dd97795fae622cb0fea6d1f2f4e11e2d1,9e5ebe51bb3d5eb16ca3c3b3cc84023ba88b980b7353f993b51c39ef0fca31f3,ec2adfca0cc0af281b61d54146fa4508b3a9a7e90c9cedac6f80a89647387479,p001,p001,make_fist,102,2,accepted,,,,37,1.2159254999987752,37,1.0,0,0.317260335104041,
make_fist/p001_make_fist_0103.npz,494c25d15d1eab2a96a6a325d2086c1460d22e58f789a1c072d3843eaa567865,103c0996853b1eee3dffb2c65c5ebb4ff43a4e3f37f45ce14e49107104c92b7b,14cec039956fd9446b8488fbacfdd560cc8a97d8428bee86cf08ecc48f30635d,p001,p001,make_fist,103,2,accepted,,,,32,1.0399175000002288,32,1.0,0,0.3059102115158122,
make_fist/p001_make_fist_0104.npz,e94d2d00461d9969c801e18ca5a01fb6a0dbaf55ccbec301cc57e532251141f0,4be431899aac8981b057bc05eee894cb4dcf536b2a6eeefc701089dfcb8a96d3,ba5f8e552cdbe8571a30df7366d8b73ac78eb270651109a68080ac5a299311ec,p001,p001,make_fist,104,2,accepted,,,,33,1.0879217000001518,33,1.0,0,0.18409477901549753,
make_fist/p001_make_fist_0105.npz,41d4b2e8c346b24cb0e9e377572bff85c66516de917fe6a5e6551f11d842cb93,1b3e940749b0036f9b401768d607cbffd7d376b9459e7974a18d4e28755c78a8,37427399daa22e6e9f8b4715acf4cad5ee73ce70832eb628d70a979facbaaecc,p001,p001,make_fist,105,2,accepted,,,,39,1.2799211000001378,39,1.0,0,0.1967041211956498,
make_fist/p001_make_fist_0106.npz,5db50d4f9eea8a270a7b2f48faff637fa7dc062a29993384510a017a76cf01cf,40ac6d40ca17f409b33eb39bedd246a758d75e7d9b855a7a72b1cfc4204fe6aa,1ec2319d2a01b081228346921a5a229a019a4a335ddb41f62975427bb418eefa,p001,p001,make_fist,106,2,accepted,,,,38,1.247886400000425,38,1.0,0,0.19466845103959612,
make_fist/p001_make_fist_0107.npz,e5469c5acdf2db6f0349df2eb6fe3efe30d7520e6ebc74eb5a49b964f8b317ed,9b804fe30b61dc50ece22ced47c1f99b98ac87d379ce0680e559cee41d74f710,2c50aa7866d6371a56a07769bc2320d8c952f8fc86231423f8d80861260655d1,p001,p001,make_fist,107,2,accepted,,,,34,1.1203237000008812,34,1.0,0,0.19838976103354966,
make_fist/p001_make_fist_0108.npz,fbd2e135b6710d1d5623406441d48663dbcdf41664a8650b75c0086547c799da,0ea75578ce68331a09af27cc80912f8af9a83414b19b1e11a54766b2e0d93ad7,6ed113f6b1b16c8ad5aca3b60a6e673fc72657663772a8a0b44f757d2b19ad15,p001,p001,make_fist,108,2,accepted,,,,35,1.1521523000010347,35,1.0,0,0.1885225586458659,
make_fist/p001_make_fist_0109.npz,7dab65d59c59b39e7cdc2034f95f42f1a34eff48f8daee4d369e76f3e808119f,9b5fc83ef2cf247594cd7cf8d59ea2dd39eb780888e39da1962d7991cbf888b6,87a22f58a72788a1a78a51cef5688bdd5c52099777babdd438608946d05abe41,p001,p001,make_fist,109,2,accepted,,,,34,1.1199558000007528,34,1.0,0,0.20537231896665117,
make_fist/p001_make_fist_0110.npz,00b0f4f68a907c25273a3c2f200168bb373c8ff4653ef8f1d1e4b86184e21d89,b366466ec464eca0b552a49968bc27c5da3befe615f45e53db785f06855edc92,815c55bbe5f0d94dcd2f305b7799d0bd8ce1738d5b87fc87bd4adf27c96cd862,p001,p001,make_fist,110,2,accepted,,,,39,1.2799491000005219,39,1.0,0,0.20054291792295584,
make_fist/p001_make_fist_0111.npz,b14a31f29534bb25950d65f388240addbb9779d99fab3515d963f9ebdee83ac5,cd428a1b5f5551137e76d1944be209ea5e5d3bc6739c180d08a6312171b0c209,4166a116c52bd4dd252d8f10e5010635ec165f6abfb9f2957e75cc8bea2ed1dd,p001,p001,make_fist,111,2,accepted,,,,39,1.2962026999994123,39,1.0,0,0.20054030873806636,
make_fist/p001_make_fist_0112.npz,64e9b19a8ee8b900be22c6795295905a13ac59bd365353811ca45c7b781278ee,6d4aec9bf572a7b44decf0a07dc594db475834456354d21cfeb02c37184da309,1a080a96d4990b023dcedc9f07a289e3c14dce211d9e02943150d04e8a37fe34,p001,p001,make_fist,112,2,accepted,,,,37,1.216053500000271,37,1.0,0,0.19160382130389414,
make_fist/p001_make_fist_0113.npz,63bed63e48b3687fdef73cdfcae0f718fa5d7f1c917ec13fb53b82b2c39c7c5a,b3f3a4c6ebecf887244e538506504d8303b961e3fdbc4b28cfb9fe5db0ef8945,5b831fc4a8cfd90b469ad2f2280fab8fec7ea1e31d0dc1ea770e265b4defd587,p001,p001,make_fist,113,2,accepted,,,,36,1.1839978999996674,36,1.0,0,0.18527567940386558,
make_fist/p001_make_fist_0114.npz,59ce9f5471da3db1dd20872f815a8155f3f31411e113a15666f4f244e011224f,77af1199b131ef372ff5c228f48c6df6c12e05a728d3b105c20bcaf856daed81,b2e7c5fe6c8e0e3c0a6ae2a32050a3e4fba8657a1b0d606145e9e07e00f43043,p001,p001,make_fist,114,2,accepted,,,,38,1.2480881999999838,38,1.0,0,0.1837258675877186,
make_fist/p001_make_fist_0115.npz,5b53e94b4bc9c045c55a35447eec8e88c3f66b01d10742cf62a2a946a546a207,1a923d5c4240985b32a8ba86fde3135737144bcf68845d208b9e596de8e876ec,e7642cbaeef0455677479fe0ae8b3a1c02af6b6bf1f1b4ff121d332644b7b14a,p001,p001,make_fist,115,2,accepted,,,,36,1.1840926000004401,36,1.0,0,0.18509972850912432,
make_fist/p001_make_fist_0116.npz,560418731efea61a24239ff8c7bcba7606d6e3467ab1c89c2dbef226e0577790,14e9cadb03e717a1e6872d9546bb7ae30e2d421ab835bd71ee11f5c3dc1af31d,dba70b5a24e71eae49a6b68a0b2c8ae8d2f5f562315a2488dec857ff859865c6,p001,p001,make_fist,116,2,accepted,,,,40,1.3121443,40,1.0,0,0.19656633576424493,
make_fist/p001_make_fist_0117.npz,a6ea8c628aab411391e18e63fbe3b807f900e4483d72f6d16d3598ace2b7e026,8cafef9c6f7e2dc0264ca44ace7aca165d4e4acf08facf3279b292d78a7db14d,04b23b1fc9043ddf554031456813fdaf1b1a115935285f0a8355eb6aba60675e,p001,p001,make_fist,117,2,accepted,,,,39,1.2799296999983198,39,1.0,0,0.20226849861403742,
make_fist/p001_make_fist_0118.npz,e1eae8417e6effcdf279f3446e34905b95a6f5248106912ecafb382aa4f8a1fe,bad734c7de1d0f89b026bc69f70397ff15a16b7b7b9ebdb55dd18d3e6c4a7e49,194244e76bb7e151e53b7f55030d385fdd135be329fc98f6a068d13d2656fc7c,p001,p001,make_fist,118,2,accepted,,,,36,1.184042099999715,36,1.0,0,0.26571041502129344,
make_fist/p001_make_fist_0119.npz,67975e5f20fdeedcc0fe2d91af2e1bdab53adc32eb9d2e54fd3f0eb1d497e77e,81043c71ed42d76a3b6f534029cb0ead0dbb1c4287c27204e0ba858acdb30fb8,9c5b3d57676ba6e10b16c0631c76c6bf43669b9b7bdd4d848b4e3c6f8464229d,p001,p001,make_fist,119,2,accepted,,,,40,1.3279593999995996,40,1.0,0,0.2475655396627086,
make_fist/p001_make_fist_0120.npz,2f295c0158f82c59eb927c75fd5a7580404308e361687f7c4ba20d5ccbfdf26f,8d7a258e1d375dda2aa69178fb604c661ebe4e4a006c5525a4a804e0f2eb2203,a52a62f18ab4465096281775c5d701dab2be9922efd4faec4e0aab3892502fe2,p001,p001,make_fist,120,2,accepted,,,,38,1.2479808000007324,38,1.0,0,0.25232223930741127,
make_fist/p001_make_fist_0121.npz,b09203694509bd8e150aa9cb988557f167118aa1f78e6625a30ede6e803d9101,e6f6776755d1dafcb7a227cff359480d7391c43559e3842d279f4ceb2e3f4f7b,82ccb98688ba18194de6d90d0766a16527962efc58301f3828e79800381731c3,p001,p001,make_fist,121,2,accepted,,,,35,1.151897600000666,35,1.0,0,0.23965106815578008,
make_fist/p001_make_fist_0122.npz,8c9cf1436df46f483bbc76e28591182f7d000000e0d5d2823cb79678d612391a,e0d927c741e973fe1bc559c846191fecb874d4c7b048fa7cfe66b361f47e6df7,80a16584e7759ad4439e5310244e086219ec293df61dd411a4b24861a6ee5701,p001,p001,make_fist,122,2,accepted,,,,46,1.5198967999986053,46,1.0,0,0.2469579681074739,
make_fist/p001_make_fist_0123.npz,386fd86d9d430c2716f4051e1a6ed4d3b419d36e5ed3cf06a45008ac2f036c0f,937dce16db2a669b207fa946dc09a4404217ba867f4a1dc90489dfaa8650a753,ed18a42c10fd8b33b1d6c4a739ee0205312b8a005d091959134effad988690d2,p001,p001,make_fist,123,2,accepted,,,,34,1.120040900001186,34,1.0,0,0.2537011331818655,
make_fist/p001_make_fist_0124.npz,3f964ba8f6dd28e36605f25516176f72ab081b6058e67cab1ad4687a9bd1f349,bc95c6e88e525216b82218a54c98192107232705b30c8583f6066d3ad29bfded,67203178b31929dbe781635cafbec2e862c83fee572ccd9c3ad1c0251817d5ed,p001,p001,make_fist,124,2,accepted,,,,35,1.1360637999987375,35,1.0,0,0.2350325413301576,
make_fist/p001_make_fist_0125.npz,3877f573033c3c4ce6873bcd99394b6d7b7de9d7fd3a4312be75527db9488866,a98b4c1a5bea08b042fa515470867f86491c3371dbae1b29a820dd6ab753885d,2a1794a1a688226189462215e59cbabdb8b580a2a7d10c05acf87903c6244ab0,p001,p001,make_fist,125,2,accepted,,,,37,1.2160826999988785,37,1.0,0,0.2578723505672951,
make_fist/p001_make_fist_0126.npz,78ba294026b806264775ea72719b65840b81e3e2dddf0edd572f764ecf8773af,6f77d904806eb5eacbaef7adbe3a97f07518f947586988e2ba12a2382fee36c5,8444e6b40e3239c295bf5a5b04bda0972f0291c218400b37116c5aa6ac776986,p001,p001,make_fist,126,2,accepted,,,,43,1.4240905999995448,43,1.0,0,0.2586917606204091,
make_fist/p001_make_fist_0127.npz,8f11e2cac6572f7bbf8dd3cb59f40bc0c29eb5a6a919bddc7ca7acd9b0605a56,743cf99e21e6fbadf37542ebe17a81e267045726a31aac150bd0552fb2108cb1,99f2e539a1bb86128c9806a2dd31a9ece4b4c645b1988c58af38fd08f9eaedb0,p001,p001,make_fist,127,2,accepted,,,,26,0.8480103000001691,26,1.0,0,0.2140113899006173,
make_fist/p001_make_fist_0128.npz,cdf6cdd4ca4f65da7b4aca894e380f35e288c181808dbdec148db201ce52e1c8,89f8da2db434e4bbcda199e1c50b6f853bafe08ae6677de148a46a8d49f5a4a0,e986ea2068a5535f80129931b7b021143f3b1941cd73b8e2d5c8b7120d4e54c1,p001,p001,make_fist,128,2,accepted,,,,30,0.9759781000011571,30,1.0,0,0.21374005631758247,
make_fist/p001_make_fist_0129.npz,850237ccd969385e1b97847dd7339bec573e0c3a04adbe0e08dcd966021a720c,0d71066f30cb809a0c69079462f81d4b18e2c71504a778958c9ddd1ea7a55432,36c5befc9842e2f14afe1ce597c82bf44dc7918b486f57f61f62b626a4ac97b8,p001,p001,make_fist,129,2,accepted,,,,34,1.1199972999984311,34,1.0,0,0.21163246054311274,
make_fist/p001_make_fist_0130.npz,c3fc5a4518476c9b53b20025d15d3038112084e4db8fdd48819374f0b101f7aa,85b8ed4eb11c4b675f693fcb3792d1c190f0f85717be8dea3c5cb77b8acfab17,5823191a3732343088317a3cc7111226459f81a9b884a92fe0e013e2d45edce1,p001,p001,make_fist,130,2,accepted,,,,35,1.1520813000006456,35,1.0,0,0.21549254739893717,
make_fist/p002_make_fist_0001.npz,1c92c02fd9b6028861265e702d14d559fa022b362cddb54d1def30d0f5f668a4,d193a73b7a20b8aa1317bb6b80e08d5b2f841ef1f39d9cf33036196d681f74b5,7cd396abdaca222e0bf6dee7064770296b9fc8fcb70cdab7201e5f86fae24b8e,p002,p002,make_fist,1,2,accepted,,,,70,2.309009699994931,70,1.0,0,0.2637753894409701,
make_fist/p002_make_fist_0002.npz,e7ec40c064dceab9718e3358286b766c1cdb0e2fe7d5c61a48bcabad76a36bb9,e0156c3767254e2c56885cc2da52c8701ebf32857720af899230aaa3996e08bd,f6312f37f0ee793ac617f27c88dbd37509ca959c57b9fa4edae4ed6e10f33775,p002,p002,make_fist,2,2,accepted,,,,27,0.8713220999925397,27,1.0,0,0.26088824520319326,
make_fist/p002_make_fist_0003.npz,a232d845cd4aedf8320a88e8da86d0cf890af6d95601a7295f62c270fac9819b,76e1f55d2f12b5dab2d309b1fd65b4826fd54f8ba737b4099636616f84eba3e3,6f494c2cb32c4639f9a7f8bb9afbe4d2a0ae5701d74858d81deb56fe33aafec8,p002,p002,make_fist,3,2,accepted,,,,40,1.3001131000055466,40,1.0,0,0.2585488230300902,
make_fist/p002_make_fist_0004.npz,8eae55d668e619f3aa905a0c6fd60aa3652a1f79a0916d354a4f4a77d1d11c69,e8b5990fc7f25a9ac8ccee350c6a92232a0fecd6e21d31ad14c926a47257d1e4,f53986323fc47f890cb1e79ef632e4d53b3751cad71e075b87f4efb3b341a4c2,p002,p002,make_fist,4,2,accepted,,,,39,1.2588724000088405,39,1.0,0,0.1756278212648314,
make_fist/p002_make_fist_0005.npz,08c83930e75d5b16d30f32d7e6ee902afd482bff64499e0241a34fd1ed3a7a6a,ff63b1c2e71d5dacf2d980995f0dad750344398245e49043df42df11962a7992,76608c3185a5cb3c3c4da856f167ebcd631704e1871e6a28e0f1e28934762261,p002,p002,make_fist,5,2,accepted,,,,42,1.3767305000219494,42,1.0,0,0.18508152182585302,
make_fist/p002_make_fist_0006.npz,9f08c74753a94fb39b8038f9c429c86e8d27543a649b6be54d257b8f6166e717,e43f8df2f9bbe87e0585f7385516d8991d245f8bda03ea817459bc557f7fd587,ca0f4e0f237a4f45eca608d9e61f5db0e29cc47e0031be38bc3b4b2c891e05c2,p002,p002,make_fist,6,2,accepted,,,,33,1.0722334000165574,33,1.0,0,0.18236598028353432,
make_fist/p002_make_fist_0007.npz,8bb7c1dff6766b13572dbb89cc3af1d164a0fb81515ef65111150c798d68dfbc,e9d10a16137022498dbc55780722f0087206458117110e6981701e654c752659,bed7085af29a4961814189e1681c8dbd1a07c77ff2eab31ee42b53e49de424e8,p002,p002,make_fist,7,2,accepted,,,,42,1.3719170000113081,42,1.0,0,0.21892246475174817,
make_fist/p002_make_fist_0008.npz,5bad1e1113105e0defc77eb42013319ff11cefd90205430a86632a138891342d,498b10e235dc90c7f4f11fd5742c67dc468cb3ab766a2bb15ceb12c064636744,d56607abfae661e470de87b5a617cf757643ba51c65154c02675dd73738383cc,p002,p002,make_fist,8,2,accepted,,,,42,1.3682380999962334,42,1.0,0,0.18959685250677838,
make_fist/p002_make_fist_0009.npz,01f40150d336eb90d13815ea6b97e4e5c128ab5d9cfeba3b327fc524bb3100f0,002729604b684ea2378292dd22fe449590de3eefd6502c47943c7aa8d5d66342,ce261f0e3e8ad067e172b3ebeb6503bc71a9fc7684a7265392943bc949c22acd,p002,p002,make_fist,9,2,accepted,,,,44,1.441298599995207,44,1.0,0,0.16008157221551927,
make_fist/p002_make_fist_0010.npz,83a870e863bd50414ab247fd39b6128d9f5cab098a0c2d9609235411c2034b10,166599b5b32f33d7d649c5f6a84ab7c6583292ed7dab8a913d11ea9287cd06ff,e36964ca1a16ee1ebf6a4b68dcc6534e9c7d4ee07c33cce7a60f14488c954825,p002,p002,make_fist,10,2,accepted,,,,47,1.548974300007103,47,1.0,0,0.22390204878985898,
make_fist/p002_make_fist_0011.npz,b0c1bce7d2dfc7f4dc44f700457ec7c96ac9f33297b45748acc57219aaf6771a,dd6a45dabd3e7f42db8592dc66fd3e75a204ad932204805a45e554db046917c1,838ed34fa3b067e2a32e72715fe5f6a41c1fd2bd28bd71e5a57aa68f1efebfa3,p002,p002,make_fist,11,2,accepted,,,,38,1.2305294999969192,38,1.0,0,0.20124238662888363,
make_fist/p002_make_fist_0012.npz,ec7da3077f523313ff38edc04da9f93b95ae3ad200a98d72cb5c4ab8c90b6b85,1b246839c7089237f34abec3d966805b764825850daf28e75cc07c31f1f9e2ba,623b49c80123a614c6ba3c1b747829fe763311495942b40e38adee4b02c3bad6,p002,p002,make_fist,12,2,accepted,,,,43,1.4052080000110436,43,1.0,0,0.1089787591961953,
make_fist/p002_make_fist_0013.npz,44f961131ffe9c96e82e9ccce13ff3888dd8939de29fb68edb26aa656ee2990f,e79d8426e153accf2f0cc9aeae80d62d04799a693324494d4937dd379f3c80fe,78dc5b4dc198621a6c77419e7b0ba0f3d49fc3b6089670968d668e41dc7c9787,p002,p002,make_fist,13,2,accepted,,,,41,1.3360225999786053,41,1.0,0,0.22797952448767989,
make_fist/p002_make_fist_0014.npz,739ad19369fce859066805beda6b7a4ec0cbf96a64f9abc7cc95ca90355d3541,241d0909d3f6a54ee535dae91f61d3bfedfde6607a0f22b97a758a2515345eb3,64bff79652f1fb77ac4b794cc18ff544439262802da82d6852c512d6ac551a0f,p002,p002,make_fist,14,2,accepted,,,,50,1.641939299996011,50,1.0,0,0.21645108129239077,
make_fist/p002_make_fist_0015.npz,a1283f67054a61ff4544b0d4abee34ec8165a016185b77c21dfbb5be9e34a85c,f754f27292ef447a28e4707ef29aeb37466506b725d066c6b486d7ac47bda61b,73dc2d0dd67f14e2263ce856bddd275cdde145d5694e5584e9bf318e8a4d0a48,p002,p002,make_fist,15,2,accepted,,,,41,1.3227588000008836,41,1.0,0,0.2055100068574931,
make_fist/p002_make_fist_0016.npz,dd511c123e68cd4d17d31cd1a6b4c373ab0d75c7b64c2eeea77672e417b0b832,b579f11f979b66a5e54abc5c2e972012a2f9f6326f56bea292c2967a54384519,261abf958bb42297476d02dfe9da4886fe54420e04282148e6bc80fcc5a66d02,p002,p002,make_fist,16,2,accepted,,,,41,1.3378918999806046,41,1.0,0,0.21712955666000872,
make_fist/p002_make_fist_0017.npz,f7fa9ffec2c6b99349a19b370221289c10db76cc7b87c6a9efbe94b6d2be189c,3a5d3b804245e1674cf2c18c45a0a2348c015cd51dd8f7d3d6e3d7bc6490199f,2872cc339698d545cc20b4831ac56dc29011055fe6f46b7d58fc2265d1646664,p002,p002,make_fist,17,2,accepted,,,,49,1.6077567999891471,49,1.0,0,0.24745251129595644,
make_fist/p002_make_fist_0018.npz,09bfef1776b2fca6edcc96689280584f0246cfbb9a86941c5f6947e2640a0f26,238b7a61d16dd5eadfb1b44926920d4c42b24a4c90484126759100ef3679705a,8797d8f9f9aeecdb04efd88d0cb140d4e43d9f12d15a0be3f7edcb5e258e9b81,p002,p002,make_fist,18,2,accepted,,,,38,1.2291954000247642,38,1.0,0,0.28724272365035763,
make_fist/p002_make_fist_0019.npz,93b7ed5dd87105fdd9fca4855c6b9269f552764cbca19d2209fe1bd63a2b60ee,8178a86d28bdc7aa2abbe48096a46301a95b5a87d6306a76e6386060df49e711,4ce3610e0144e3e7f8f0dd163f8da1f29e8f67ade3fe962b2535d0c4d1100010,p002,p002,make_fist,19,2,accepted,,,,42,1.3635983999993186,42,1.0,0,0.23566228267268213,
make_fist/p002_make_fist_0020.npz,170306796e0f38efe64ba8793f9b07309c4298fc757a25db397e32cfa4816e9c,2358d9fa54b2983fbfdcba99d178183fe7de7fb3cad1bb607e71290337c49f35,fccedeb72f343f5313dc9059a937c92ef9c060bb2678d5ffc15c467d7f110723,p002,p002,make_fist,20,2,accepted,,,,37,1.1978599000140093,37,1.0,0,0.1558665677508758,
make_fist/p002_make_fist_0021.npz,b687992babb35bfb44609378b720411d3456761facda2cb2548ff4bea354a09e,70f5b75ee57d70abf2dc6ce5a6b72de8f0d415812ce02fcf2b4aa0b722d269db,2b418bc124487601579e68c7fe36e983fb1305650f4173d67e2eccc80574c348,p002,p002,make_fist,21,2,accepted,,,,47,1.5267495000152849,47,1.0,0,0.14422255949277868,
make_fist/p002_make_fist_0022.npz,f62007737a2f5e8edec9ccd470d40d629490683b7a41a6303950f2a4fc8262d1,cb21b4784acf5e6ba6f6b1e8703e3fad6b3986537e63a694b447842c8d9bec91,52339cb02fb24df865ccba8cbf8cc3f897938450278b827bc44994ae050a9d02,p002,p002,make_fist,22,2,accepted,,,,46,1.4820155999914277,46,1.0,0,0.16479066274719661,
make_fist/p002_make_fist_0023.npz,c638ea7363e65aab14ea67670515c2af3f760959a39902ac515b50f46b835288,9c93ef7e7da086fe36c702452677b5a77e9a28c495b48fbd8b4fcd40f0f52781,97ec3b1311ea6ec227675f4abd08e3f4e394db757ec7e10b8875bdfd4cd809db,p002,p002,make_fist,23,2,accepted,,,,47,1.5441519000160042,47,1.0,0,0.18062818022953137,
make_fist/p002_make_fist_0024.npz,d15fa2e94b1dc377e89d0a24b773e8a977aaea5d24f546c17668baa9f96eff84,fe15d1ed89c43e18a37cd07052e8e8d98ef077ea3dc31375fb2fa0e68391d28d,306e9c264c3a927f129f711df2466f666d92134fc7bfc4cb021ca12e1f6c6f3d,p002,p002,make_fist,24,2,accepted,,,,46,1.5021958999859635,46,1.0,0,0.2674014327685923,
make_fist/p002_make_fist_0025.npz,cc0f39e032d610db12d409e3c6fc06e1a7146f7fd4b14a4fa1d63c603b02e2d9,463c1277e8ed1525874c9190cbb35ad7159df5803239b3fb6083db52e1dcd733,c7c9dda3ddf77b13e04fdf30eaaf5a60fe1ca62ba06bdfd2f48e342d27dee548,p002,p002,make_fist,25,2,accepted,,,,40,1.2969475999998394,40,1.0,0,0.2719936756274938,
make_fist/p002_make_fist_0026.npz,e8e2d50864dafe10212c564fcd78cd373de53b90c678d61e5f5ef2b4eb4ecf83,e3a25e63dfb04c6a0d129be0c658732eb138f04e440ca20bb49b70cefa505025,2377b2a162c5b6b6e3a44077f3d2ffe405a62317a0dd32c33f50fb176052138e,p002,p002,make_fist,26,2,accepted,,,,46,1.494494599988684,46,1.0,0,0.1956411609336154,
make_fist/p002_make_fist_0027.npz,5725bbcf598378c7a53e528d57a0225093ef146a1134bc694aa7594e244be2b9,af5ce64971d35079e1a7734f80a3101316688960b4b96ae8c7d3e4a08788fe22,b6f04eed8a31648a886f7704894d0743ebd711b401fb364fd2d026b2779edab4,p002,p002,make_fist,27,2,accepted,,,,40,1.300515099981567,40,1.0,0,0.22398113753022159,
make_fist/p002_make_fist_0028.npz,ace9084840d5843ff06dad46f3e95d80a0f09d3f677708a34c05a80b0130a496,5fe637df051528b86392ac69f4adcfd7ed648e90f4b1002a2b67e87b350e6dc7,db2c0ee9371a26e74ee55d66ddb459f45c8ab5bfe82742ca90f27d0fe79d9c22,p002,p002,make_fist,28,2,accepted,,,,41,1.333862700004829,41,1.0,0,0.23672132619757966,
make_fist/p002_make_fist_0029.npz,ce048450507f2656a103f0e4847c3a8d41cf5193afdd18a9d8c6c775f6c0255e,4a0ed990bc31b715e6fe42246de89bbd572c4fe02e73a6c55ddcde6e2d18629f,d9aa15624ea1039393709151cbafd404d4df653e4c187ee4b3ce3a5b82a2566e,p002,p002,make_fist,29,2,accepted,,,,37,1.1858095999923535,37,1.0,0,0.20647487352568542,
make_fist/p002_make_fist_0030.npz,c8d280ea39d24f327b0cd23031f56fbe45f2b3ba7ffa23fa41c2bb737ec5077c,c985e41949d21988d58de56973289d05b5b1286516d542eaaf362a8ba7f2dad5,67b2d612e76baf9993949f3e26edd6fc450786d028a767b711253cb1a9007edf,p002,p002,make_fist,30,2,accepted,,,,43,1.4122212000074796,43,1.0,0,0.20219308974014427,
make_fist/p002_make_fist_0031.npz,6b806cac849d4d0cecd0a6b8a4cfb6a0d935765df39226f282f5158a17ca31bf,197200f9895070a2ab7dace3d9196dbde5163285f748f0652a65f707275ef7b2,6343291eb4512d7d47ec80f6d03db8ac1abdc7da67227bdaaeef4db36df16884,p002,p002,make_fist,31,2,accepted,,,,40,1.3079945000063162,40,1.0,0,0.22157618128747658,
make_fist/p002_make_fist_0032.npz,30f186eb4a8a80ceb45d7f9d6bc611906269975e2fea75b78af6c9cb7d3c7c4b,1c40efcef131798e5de94c17658d8c67f616aefb50c1157c5111c39ef24f062e,34ed8af12173fd01e51f3f701ce269e7074d25e7863033a1d8c31458f310b231,p002,p002,make_fist,32,2,accepted,,,,35,1.1415001999994274,35,1.0,0,0.2653877911656032,
make_fist/p002_make_fist_0033.npz,ded0440b9c955136835ce3dc3763171ead305e5b003c4e917c650665bd252414,6efc7035a08037a57c125fb7094ab97f838aafa974282fbfe11a56446f8f8f8e,1b94d49691518bc2e01790b31dc06b6ab23cb558413f8a67ad6aa8b83fe4f5ef,p002,p002,make_fist,33,2,accepted,,,,63,2.063952900003642,63,1.0,0,0.2110651782214844,
make_fist/p002_make_fist_0034.npz,0ffd02c1bafcd4613fdce4641aa8cdd07c0eb6139829e6dc52ce94aec389de1c,b256c9467544acb58f7960aefaca6406b4b5f4327dd716e8d7be4d8eff9daaa1,5b2d177669b3697b4f42b7f64b74a6e665735106991c32287c4892dff3cd80e3,p002,p002,make_fist,34,2,accepted,,,,22,0.7048394000157714,22,1.0,0,0.24485070003837262,
make_fist/p002_make_fist_0035.npz,10eb49c8153075db9f46093fd80bac029db35eb3d2370575cbae2b046f7c44c1,f635be8bdd593c5f66ee378e99b6c2b51162c75bc57cf8770e9ffcab5b293591,fbea8257eb3a4878b83273d00927c72697bab304a4f5dd4436abf280da2c6af2,p002,p002,make_fist,35,2,accepted,,,,35,1.1454801999789197,35,1.0,0,0.2477358742492218,
make_fist/p002_make_fist_0036.npz,7cb1eee4d9b74c932f6f6ac1f271efa42ff11a2a8f4befc77ec297b76f8f1ae0,27cad23e8f2ba350a5ec93efc44d6b3e7c2c66002fbc6c178734e9fa9f0ef185,cb5b45c084c708e7ea89cdd9a6cc7104a56ce6affe030dc48d5ad50294b7573a,p002,p002,make_fist,36,2,accepted,,,,55,1.7897286000079475,55,1.0,0,0.20794109189993562,
make_fist/p002_make_fist_0037.npz,5238269ddb66ff960b829c260add1e6a140ae5c706db63deb4303398e71d761d,bef11e5cad96e950761b133939aed6ff1a4c82cafa117fa97b589070853df869,198b179247427befd3c7d15f12d638097c42245e48e1b2aa4fc95626c3215766,p002,p002,make_fist,37,2,accepted,,,,23,0.7285863000142854,23,1.0,0,0.20235530902887874,
make_fist/p002_make_fist_0038.npz,53a17dab44240c2a199dd9054e92f080cc86b910c623c79a10907ec466c8d5f5,fd4dd9b6fd4040a6a53e5c5a2d86cb643c0b2fd71a9fd55505287b3569af43e6,d034771e8026cafbf0a998ed3fe8671e5eabb984808b3408feb0797e1952f553,p002,p002,make_fist,38,2,accepted,,,,35,1.1530750999809243,35,1.0,0,0.24772166345854083,
make_fist/p002_make_fist_0039.npz,1d0f5a1692bfe1fb42ce7a45b9b3d8abd832c7f77ec4d7af23a7a005f4b2ba47,4024cd47ccddc6bdf5528ac2bf0626c4c2e9fffcb38c1a2c50c1e36809aac8d7,96cef1a7a2c70a27aec8415c8f768b92bc22f97e8ceea3486e75e29129cb51e1,p002,p002,make_fist,39,2,accepted,,,,37,1.176941900019301,37,1.0,0,0.2787326524089187,
make_fist/p002_make_fist_0040.npz,4d9a2fc22525a5b0b61b3d9e72939d7afbe0998381aab547f6e960f29b450f9b,4f3f70c5554e66f715e8710f9f0f12c609edf71c4fd5750873c21cbbac78ca31,217480a778c47f3d2956956402104390503c677a777c6891af55b00639b4a782,p002,p002,make_fist,40,2,accepted,,,,37,1.1999958000087645,37,1.0,0,0.2528319131512128,
make_fist/p002_make_fist_0041.npz,f058636e12f29645603120315709bce48b26649a65b453b62982330894a27781,01b7b05e0c48001b885fe11e8aecec09ee92b0a7feea00db609fbb4df9f83b71,83b0666600b6f2d952db47f7eaccb10370e7bf0a87012658cdfb611eb7e849b2,p002,p002,make_fist,41,2,accepted,,,,41,1.3111638999835122,41,1.0,0,0.2024032587617413,
make_fist/p002_make_fist_0042.npz,f6d19efc539067354d3118b124174fdb7869a51fc2ce75e947e74dd354d864f7,6ca2275e10b5106f59198f4e3227f2be0297cb156b1ae81e1cc04503bc516004,248b683d8e8d23b20ff345e92c2f39e863f0d651fcf6eb8e04792bb50ac3e370,p002,p002,make_fist,42,2,accepted,,,,34,1.0918130000063684,34,1.0,0,0.3223920280079773,
make_fist/p002_make_fist_0043.npz,0a13b3d7c2501f2ef3affa777c8f692e5eae14a1c2666af5c6daf224a8cd6db2,11b46d1c9028e69f5c52c8651e960e8d8645bbacfc952795249f420388ad931e,13055ae7eb9c050913284e834d1beea7f5287401574603c576ee74ded9fd931c,p002,p002,make_fist,43,2,accepted,,,,45,1.4658888000121806,45,1.0,0,0.274825534643893,
make_fist/p002_make_fist_0044.npz,acfb942350641e640d791ee75e96247494098963813c98ef9c6209588f11408c,9eec2c061e0be2841bc1d4ab7bc075a63751fcf7dee59601aa27debe0710da68,fbf267a214e88bbd5f535aef43e4e79cfeeb0b2cbc599d4de1e01139dd70a4e4,p002,p002,make_fist,44,2,accepted,,,,45,1.448605999990832,45,1.0,0,0.2681228726172861,
make_fist/p002_make_fist_0045.npz,1c1f8e5e09b8b1b8d9cc8553feb3434b32650bf5f320eb7c7da1470ab76da56f,cdafc3bbd1d65dbe32e88ca5dc6b17e4381e07dc738a2b948384bf200b20e1fe,b1d728dbdc1776fa83250318e569be427007ad26a89c693595d1e8110ef6b5c4,p002,p002,make_fist,45,2,accepted,,,,35,1.1235223999829032,35,1.0,0,0.11265745716681343,
make_fist/p002_make_fist_0046.npz,e75d3409441714cd0cbf0701da521ddae1859ef5489a717291ffba8ee9d3238a,234c522d21d6924095d2f132351222a73dfa14fced1e2fb169291c38faa89d35,8bf6dfac9faf68a12b2cac4402999f251758319b18665c947e613d99b7971510,p002,p002,make_fist,46,2,accepted,,,,38,1.2139169999863952,38,1.0,0,0.31314044485098613,
make_fist/p002_make_fist_0047.npz,553eaa887e01b4f65b916518de480b4b1f46cafe0c8af62711e6326a88339024,5d58e58fa93b6b60bc94ef2ff6ef68b4f82e1200f4638eefe4f3287a213f3e0b,5242fb559818c38062be8fd0eeb6dbb21c641ee28ee8e75bb4f1b27595e84a59,p002,p002,make_fist,47,2,accepted,,,,29,0.9341166999947745,29,1.0,0,0.2667340539814625,
make_fist/p002_make_fist_0048.npz,ffcb50bf70a6b29dd601071bd8c30bc44aea47f3e77df2898f4492b898465f31,34aba413466b5341f5e22a66620af137765890d3fb42f6d2cb2efaa3e7628184,2310242fea97fe7fb7a63ccfdd456bfcd639d865a940b972415bc97b3e952dbd,p002,p002,make_fist,48,2,accepted,,,,41,1.3349470999964979,41,1.0,0,0.2962771717731581,
make_fist/p002_make_fist_0049.npz,955ab1cc07de1d17e965105c5fed52fa464e7c7eb0fefbc3ddfb7a42a1e717e1,a149701682aff42cef973f7f70799deb9c715bb22feb6ea7487d4fe1931a62fb,7ec6c1e92cf7e53025b4d77e14febdddae43a2667f1dfca82e0c620ec303781d,p002,p002,make_fist,49,2,accepted,,,,28,0.9012058000080287,28,1.0,0,0.1344549537698716,
make_fist/p002_make_fist_0050.npz,aa2540fa47608b4f66f389ffb057248c35265e51dc563d96cb44d2d188e6bc1b,d7beb2d3fef0c51aafa8298d3521292481d4c04aac632b92cf7afb971377c972,26381d87a08a1064900ef53e0c67904558cd52a10284a8e66a9df3ba3800ce89,p002,p002,make_fist,50,2,accepted,,,,35,1.1444485999818426,35,1.0,0,0.23575020135255842,
make_fist/p003_make_fist_0001.npz,f45597c5ef86539611564724eef11aecfc57e27b33740e88b01d27ae25c5e00c,12139ffbdc4570a85d49e79b4fa875e9827414600f626d1b8f6ac6b95f91b0ee,41bc7c89f977ee0bf1db6be2a9592421d50385d75e1814ca09d2ba452f0e4a38,p003,p003,make_fist,1,2,accepted,,,,35,1.1363830999980564,35,1.0,0,0.12831747241920724,
make_fist/p003_make_fist_0002.npz,bd0e4b7cac6e1536cf54b0249351083ec02c70a6cb573f6496bebf385fc8bddf,5a5f802d4dea7da9c6f0ed47827b5d9e427886233bf6d8ef87b2950a2e714a7c,2831fb94586936a9af37768225e799dbb0a4e93eeb3be9d0427ed4333dcd2bd4,p003,p003,make_fist,2,2,accepted,,,,32,1.0558110999991186,32,1.0,0,0.1291409283914109,
make_fist/p003_make_fist_0003.npz,e1b564575c9df78ff420c7529c7c6034512d953f09456b8a090e8753296f1c21,7823f2aa767090e0681253e86166e7593dc390dba474340456a321ee0f6d052d,3e8129e06ebeb3881ff3000d7e0b67346ad4950e700b5db016a811c28cb415e4,p003,p003,make_fist,3,2,accepted,,,,46,1.5197846000010031,46,1.0,0,0.12612161540813077,
make_fist/p003_make_fist_0004.npz,033d334d5be215be1e4790a497c94c34d91c75e65a54921be50825c81114a03e,b71fda828fc7bdea834c53ec528df4fd992a40948d1e23c7d7291763f73ce0bb,53e96e0cf8149c8535faf81dbab197512a77f62069d8aeb1d31c6e5eb329d104,p003,p003,make_fist,4,2,accepted,,,,46,1.519689799999469,46,1.0,0,0.13396547649309487,
make_fist/p003_make_fist_0005.npz,6d647d258dd1922156e21a55aa3e12ae56dfa96b4c05e979f3a86a64d8f98dfc,a4d30bc9d39d324285a00f9f546da19ee95f84c3993387d9b82a6f92fff46b24,e06402ef3b564a1e4df415640ff0d80fa4a4ad7847e58f3b0cc88dbfc43c7b6d,p003,p003,make_fist,5,2,accepted,,,,44,1.4545665000005101,44,1.0,0,0.13076091058183906,
make_fist/p003_make_fist_0006.npz,c442aa2340b33bca27cc5d7cff7a537e81861e8ed0612757bf964b8aa35e2a49,5a68937b175dab1b82714de9d54103944022770f726c0d1e52bd9d3f5d785c01,6ffd785d651f6361119b6fdf36a9037b0c54069ebbb1f9f087f18307a1d2197d,p003,p003,make_fist,6,2,accepted,,,,33,1.0887640000000829,33,1.0,0,0.13105080147244674,
make_fist/p003_make_fist_0007.npz,fc14442eef903eb130c5285b136c5aa22b10229b8fd428383a506adca1952c50,5cf35009f30b430c33757ed179f80082345f0244cca449c4bba19c7ce3291f53,7616f3d8b7d898a5d926f7cd944bfa37a5d64d603d0a51df4baf4053e198ed49,p003,p003,make_fist,7,2,accepted,,,,43,1.425922200000059,43,1.0,0,0.13636674773051732,
make_fist/p003_make_fist_0008.npz,1fbf0aac0f7eadf5571cac04d221fdd4d96bebd5c8be19d79464a0cf5429326d,d86fef28b6d0ca81356086d4466298b9bc5cf1703a263f2ff16efb2f1e554979,5546d0b3486d56960a1a58c871a9bc6f6e38469b46b8d305f350693d3b6c99d5,p003,p003,make_fist,8,2,accepted,,,,40,1.3283211000016308,40,1.0,0,0.11828104242589321,
make_fist/p003_make_fist_0009.npz,c37ed17a8da030e8b023625081ca543fcf0369db42c5cf6ad2ddd18467e5f2ac,c459532de6a157e92d867a2fd9a2399f099e7c2c2ae3f219ba3fd31d12309cc0,601b1cdbca485efc467675e7fe768ad611224f7c2876b55cb489bbb001b7e10f,p003,p003,make_fist,9,2,accepted,,,,45,1.4722452999994857,45,1.0,0,0.12744754126496527,
make_fist/p003_make_fist_0010.npz,1d3f59e560e95c70e6e73971eca3ce78538a1978d20ceb353486119df2f1783e,1561a4c7a73378783eec6ba925705e02c14cf8b6c31843453b370c3d6db67e80,b0f5700d8990b352f83bdf56bb46fb2aa629d79834eb5d72d4c46b92abb8b17e,p003,p003,make_fist,10,2,accepted,,,,41,1.3436132999995607,41,1.0,0,0.13062886431367124,
make_fist/p003_make_fist_0011.npz,bb6dc46be80db026590cc666cce5c6b51d6dfe8ec8a590c9e6bdc302acf72550,d4f1508110b8fa0c50cf9381387ca4720533028db3b44c861663650805c225a3,839d6610e28dfa456337068f11c4b8155097b7729dfe5bcdbd6b7bc25cc8bc90,p003,p003,make_fist,11,2,accepted,,,,24,0.7661600999999791,24,1.0,0,0.1265507782273676,
make_fist/p003_make_fist_0012.npz,854dae29723363f747b8287c7c4f472eb3d410a64c00c79a31342271fab36e5a,f3f7cc8ed5cada473a27cf6b210a285150876a5266388987cc0fc6a76079b502,958971ee46fc98ac597d7e715da5d5b61ef918b0f57ad7c7e65d08e60824778b,p003,p003,make_fist,12,2,accepted,,,,31,1.0068460000002233,31,1.0,0,0.1432476647494925,
make_fist/p003_make_fist_0013.npz,2d2d08a7b06c4d9e0261d3fe9e2261592ad86fff277b653f524f231dcb5b3e6e,a1244eb8068aa323588aaccffe420068d3160bf0f6f857410dde1eaee28ae053,697b3372426014eb851827595e986b94e8dceafb63f5b33ccd0bc371cdfcc5da,p003,p003,make_fist,13,2,accepted,,,,26,0.8490626999991946,26,1.0,0,0.14289777757757674,
make_fist/p003_make_fist_0014.npz,ccdbdd15e5e6926faec1ca286a669890269aaf9d3216008233513a9d1f209221,f137789c5efe485f49cc7d5d2695b3b58f8e2d014bf0be0e0d1f5e900bda9736,5ca718264ebc2896f30bc7431b3570077e2ad0e0ab00038e57b3a60118b1fc2a,p003,p003,make_fist,14,2,accepted,,,,29,0.9436195000016596,29,1.0,0,0.1279354296321019,
make_fist/p003_make_fist_0015.npz,5b30deb60b8fac1cb5245518d7db4da609a9efeb83c1eba2c932be84326bcad9,4e3fba1202ebf41b7d3ba86aaa5e351ebe0ca719a91900d4cc95c713c47b9be0,96ad8d6cf0458f27316ad2e1c7c35190f1b088dc0a624536927972dd32707ab1,p003,p003,make_fist,15,2,accepted,,,,22,0.7196851999979117,22,1.0,0,0.16281517376841867,
make_fist/p003_make_fist_0016.npz,4b2e35990ef1f0fa220d88e6cf5b52b9f8520e02174e4641970639d48b683da1,22f77ce2396546ac9d40b82e3c15ea12fa02fa5992d907445015d840cbda2998,382baedd246ef67754297622165b9a57f5d79da95f71bf7e99381aedbd99dd87,p003,p003,make_fist,16,2,accepted,,,,33,1.0881078000020352,33,1.0,0,0.1662909877025619,
make_fist/p003_make_fist_0017.npz,aa9f6c5a455c60af7af93b69bec803c9d9fbed567331458f1caaf0ef878d6600,02001bef063025f2855da20600b456f62d63515948b618f9e0fc789219aead8c,b02e8a3248c17ba1e98e8bbe74a2da07cfcff5e574cf098eb439191aca7815a4,p003,p003,make_fist,17,2,accepted,,,,31,1.0079928999984986,31,1.0,0,0.1665424106739824,
make_fist/p003_make_fist_0018.npz,8d9b2664f35331d8b9038393a43b56fc3b60032717fe389aa4c7c8291501520f,11045aaa30a4fdfa71204a483014df8baab4c8e7a59b6093dc9c13809279eeae,bf09d5254a116a4acbf52a7cbb294b83a07f41a43ff898d48368b50f8a60380e,p003,p003,make_fist,18,2,accepted,,,,29,0.9436682999985351,29,1.0,0,0.15403766243225714,
make_fist/p003_make_fist_0019.npz,a197017eb48807a2ee6ad2536eb966734d117b89065e98325dac825e62e0f750,2430c305089e49b1d1c56c85901a552c2ba7214b46a6c87156efd2e3e05e9cb5,31e59cf69b4c1af315ad46688df28f26f2dabf2021bb0f914a5244bf50c7dd63,p003,p003,make_fist,19,2,accepted,,,,22,0.7054750999996031,22,1.0,0,0.162801530247406,
make_fist/p003_make_fist_0020.npz,7ec5bd2eacfa47d3db0c73b9aca7266aea9baeadcae66d6c8d6255af1b9f9d99,1c4d40a46d4c76e18076e976c490a793dc3d4f39032b68430963be267e56d62a,6d739d30433714df23c28f0d5707e68ceea3ef049b00beb2f7930fe250e829b0,p003,p003,make_fist,20,2,accepted,,,,20,0.6407126000012795,20,1.0,0,0.17938757933299704,
make_fist/p003_make_fist_0021.npz,5a9def3c580e12645080431c557035d22ba504c0d8b8d424a3ebd4a885a64ad3,b142b574438f9700887530e36e5ee842fc05a5b0c9ae918196a931a6ec760c0d,536e64de4527d6e173cf70b862de00c1338e2be26df0cf1f868dfdf4eb2cbcaa,p003,p003,make_fist,21,2,accepted,,,,26,0.8472499000017706,26,1.0,0,0.18526222401726866,
make_fist/p003_make_fist_0022.npz,ded56e6c78606c1b5211039557d41692e4834aa9c5b6b94ce78275a6d89d5d61,afc0ea9bf8c77660265c8d0d88be56176393821e2d015348689ee3839ca3728a,a87b12fffba7ae056b53cf628334357c9d5ba0165fc6b0693a4adfb2a547bf39,p003,p003,make_fist,22,2,accepted,,,,25,0.8162241999998514,25,1.0,0,0.18289348774232048,
make_fist/p003_make_fist_0023.npz,4b7d816e617c5b5ed0c848bdf58703c9a1dfa1f65c8dece7f2abd621bfd158e5,40f79738b65628920c674403d8c9dc6a4c50a7b25c910de0faab09d5a459be61,e2443b093819130c092a0920d59dc8b1970556ed8e4d08eac459b2750c187195,p003,p003,make_fist,23,2,accepted,,,,28,0.8924504999995406,28,1.0,0,0.1746142804532268,
make_fist/p003_make_fist_0024.npz,c7af95926e3b1943bcac90cde6ae3849fd534e820062e464e7a200c9df5cdb7b,84ff6fbc8d29bbbedaebf6d848f0a92f7f014ea6e71f275b1ac52f6defdc4577,a276fef0cda92e85d04e32b73f424a15a46c12b6666300bfa4de89bb6a4ce7f7,p003,p003,make_fist,24,2,accepted,,,,24,0.7707011999991664,24,1.0,0,0.15644449440459368,
make_fist/p003_make_fist_0025.npz,e4ebcf6c67a38b0fbeaee94c6f26e1d8b84f02c6d67907c2ca934033204afb4a,b7e5a63281495809170382cd46fbfe09e00e2469dc4ffbc72b1b6721bd3bc02e,ab5a9f55a4853fe72b07776f2abee61c972ffda6504cad163a46cac744a62edc,p003,p003,make_fist,25,2,accepted,,,,27,0.8821877000009408,27,1.0,0,0.16277149772074076,
make_fist/p003_make_fist_0026.npz,f9f1076325af215d79e6d04dbc5910f43069e115358ea6b88ec7dbd6217eccc0,f48ba7a87aa691928613bfe163a726f788484676b3f70f0b26a886402e2d55b9,f3b0c7a06ae320eee15995791879fd25e68791bd0661172297ad4b9bdbe32cb6,p003,p003,make_fist,26,2,accepted,,,,27,0.8802405999995244,27,1.0,0,0.1698346127191081,
make_fist/p003_make_fist_0027.npz,49d8476ec767361f5c138d191280337e6ba11015c637ccba61528d7765478661,7dee693973930c84acc1c6c7aa8bce92f9c4c83e5c58cfab30bd6155c13b5fac,ad70c8eedc0f16323595c0bfea76edfbdcd1d580f25bf39c633034673dd5f297,p003,p003,make_fist,27,2,accepted,,,,34,1.1020022999982757,34,1.0,0,0.17649331390639658,
make_fist/p003_make_fist_0028.npz,e2887ef3706b68dc251c9b8aa55929209b6355de3e89ef0031ec7bc8895ebc85,c0cf29c6a9d0de9d584cfca388a0a6cc3b0a1928c93ca7bb09ce475a8c750389,dd38a17cfaaff3e1061c22b74b727b354b21df50924a520b6f05df36535b2450,p003,p003,make_fist,28,2,accepted,,,,26,0.8312965000004624,26,1.0,0,0.185399304877539,
make_fist/p003_make_fist_0029.npz,2633050fa184887070ec0b85af5857648daf921df982ff5b2906cc4f022a64c7,64f73e10bd97bcdcb5b944f4acad87ece4ad6c61c779bd481d40b7c2a2bb7afb,505643aaead1cbdfb7156fa7153634496cbb6030dd579c6a1a00f095f2f5c785,p003,p003,make_fist,29,2,accepted,,,,24,0.7668076000009023,24,1.0,0,0.17403311647344918,
make_fist/p003_make_fist_0030.npz,a3e7a5b439305b23298dba3a31b4a2e3a6d0956a947695d3e7141662ea7220a1,cca6a838798376cac2550d64adcec981e15fefde3b0538a790c335b453a9da7e,4e85d5d961c657455e482d028c7d764c0c068cdf8b7b8f73ed6cfaed768447f3,p003,p003,make_fist,30,2,accepted,,,,30,0.9767447000012908,30,1.0,0,0.17254439982511194,
make_fist/p003_make_fist_0031.npz,085645253407eb31601c9cac7f54e7c21eccdb368c1c7f53077caedd1d0f0887,97bfa473d6eb26672bb76361c5e1e84aa0520a0596cf76a28bfed532041ce084,b81083d0f6361de456c5b3ea8fb06efacbe0dccf3d85a33703bfa09c31752ddd,p003,p003,make_fist,31,2,accepted,,,,32,1.0401359999996203,32,1.0,0,0.16793882358294582,
make_fist/p003_make_fist_0032.npz,8ef09b90ea5747819e278edfb8f45267fd98d8d85260c9fbba2ccedddb268799,944373308232678b4918e7ad9c73b5eb9f4ccc26c684c218090c1e839ca91261,ca406077d48cd4701fda19c6f472ffe0f1061a9d857664634438c55089ca99ed,p003,p003,make_fist,32,2,accepted,,,,20,0.6402376000005461,20,1.0,0,0.22602907993940594,
make_fist/p003_make_fist_0033.npz,f65f9a48e16f1de13215afd2ebddfcb2992db66f0709f785be2acbfc948af766,5decfe14367d04058dfe0c940eb56086774fb8483ec8341b9eac3786cef1ea22,575b40f1a8fed8830c230577a251573fba79ccfae077ef6c512991385d2f78ac,p003,p003,make_fist,33,2,accepted,,,,29,0.9598296000003756,29,1.0,0,0.22533991327116978,
make_fist/p003_make_fist_0034.npz,f3bef965fba521f7e102b220ea007b02d02e8d1eed60af84de6537059c809897,5f51fd2caa501d934cf9f97be233cdd7f04215e3cf969ef1adf040c3a9bed631,a733f53d2d15c00b38dee2268c3c1afaf4bf6f1815fd22278408584d93841158,p003,p003,make_fist,34,2,accepted,,,,31,1.0069053000006534,31,1.0,0,0.22022226042680537,
make_fist/p003_make_fist_0035.npz,799790ed1661f771d117e61b71b0a2be886e095c9250be4d13d084fd1a6852a9,948191ba891cb4f6c0a0cfa77c154780ce4899385e88c49fc505935f418709d6,3f23b393ffc8c194c2595aedabdf3f891f365ebc63148cee9d2c11897b1dd28e,p003,p003,make_fist,35,2,accepted,,,,33,1.0722321000030206,33,1.0,0,0.21616198477452434,
make_fist/p003_make_fist_0036.npz,5420e0216807dbb96504ca73f19696c0e13bd31ae887b1700a6bc0b0b4ebf18c,29aef3c628269a212e2eb1452f8dd96c76186ffb0483e59f78cdb11d28befe41,afc8bee12857d333a69ea7165567e3410a092be0c33550f5a7bdc7944c3e7f5f,p003,p003,make_fist,36,2,accepted,,,,25,0.7996506999988924,25,1.0,0,0.21877583415103555,
make_fist/p003_make_fist_0037.npz,5df1a8d426815e91215bfa61fa5eda2027b5a0bca7b421b5f25c0e33d530b340,74fef5ec880f127270e105cde763479eb229240984f32de329ad980cf6939248,274db3c1a9fcd1bd1f307f1aa52b79f4296d3ac0bfb660ffd4739b61695e0400,p003,p003,make_fist,37,2,accepted,,,,27,0.87770509999973,27,1.0,0,0.22342503390725948,
make_fist/p003_make_fist_0038.npz,6f0d1cae37d2ee2b7da7e31f32e91012604240883275780da40bd7a146920874,1d6c5c9dcb2751dd0c00858a93ead54de4f778edcfa81b166dfeadc58aa2cf6a,e7444e641de72bfe78864a80521d51e8345fc093a37f6a83db4bc80bd90c5060,p003,p003,make_fist,38,2,accepted,,,,26,0.8468912999996974,26,1.0,0,0.22112632199908472,
make_fist/p003_make_fist_0039.npz,60dc41444d29df4c1d86960808badca13e795cd1d35591a8af497c1ed2163e46,7817e5e57f9fec4fd140de215ea58be4e6dd88363c83790f07df27fecfcf2b87,3a0a8c608be6524d528fcaf96d1b6a7f41816f947b5eb7e11bf34f44f55389ab,p003,p003,make_fist,39,2,accepted,,,,30,0.9731820999986667,30,1.0,0,0.2143532536797464,
make_fist/p003_make_fist_0040.npz,1c8b23982f374959636b18057b18b58462f8a59afa8071114f9d1096e2d5b922,74209b23c8e924fc70c175c6181fa65ac748e4fa262a16861d6e93c9e7b73273,d7f92e0252509c31c1a9f0d4abf4fd829946472201bc31e0d566c5a926d165f6,p003,p003,make_fist,40,2,accepted,,,,28,0.9114262000002782,28,1.0,0,0.21002079351919767,
make_fist/p003_make_fist_0041.npz,053eb7a4b6920d41a6499b2853d62e191e9feb5a4c0df690132b887aca8259b5,eaab5e048222e1050c4216e43706f18b4ead543eef8a222b4a672a516c6c415a,640f75cbc3e51f5840168258a2b5238c90121fa82887a5adb96dfdcedf15f558,p003,p003,make_fist,41,2,accepted,,,,24,0.8806035999987216,24,1.0,0,0.22405446281620944,
make_fist/p003_make_fist_0042.npz,6e7a6888f7890a6cb6abb5597a3ff73b629130b539f7c8f68caed813056fd08b,bf40f492b3d9b2145beb85eb730b34956b029791d23e3cc34fc6f3b8a66929da,a7862542ff323c758fa21adc2a5468dec1925749a6f273cc824f07b74c756942,p003,p003,make_fist,42,2,accepted,,,,31,1.0246786000025168,31,1.0,0,0.23244558691786157,
make_fist/p003_make_fist_0043.npz,505d2421ad91ee09173f0c18520028ce308d28812dbcf47b95a53e402b1cc826,77b9937ff99e359ef4a39c89000bd6489ff130963463b711c5df9da423e45001,b23999046b08606fca8ac0fd39f5e957a3a76d4fb063e7fb2636f5bd9a71583a,p003,p003,make_fist,43,2,accepted,,,,28,0.9117301000005682,28,1.0,0,0.2260883936827072,
make_fist/p003_make_fist_0044.npz,87285555c2f00a73a0b3782ea6c74a222fcbbede1dc8c321c47725b8c63e7e0a,41d437baa8e71c519df30f8ce0034bc97758a604046ec5f7b19aae3d786e84a2,25e9cbb85ea4bd0af5af75d53e7760256acc0c70d6e893f86e45f3ff3f65cbdf,p003,p003,make_fist,44,2,accepted,,,,30,0.9779086000016832,30,1.0,0,0.2218001389436257,
make_fist/p003_make_fist_0045.npz,0aff33a4d8b06202ff62fdf533f4f63bc16602596297f00b3dcce658a3f02f6d,96fb9508f97b11a8744acd02f67a45a42e8963f328058584921cf2e60f0b5d82,1b9835036b58c86ae1b6616d9ff8ec6fb0acbb3ac8b572d26b5faf8053bbdca0,p003,p003,make_fist,45,2,accepted,,,,28,0.9117265999993833,28,1.0,0,0.11556349874974359,
make_fist/p003_make_fist_0046.npz,3337afb0fd93ce9c7c96152d977a9b26a81d1c43e434c98540056aff11dbfcb7,63404434426790c86defc8cd95746954252a37c177bbe3681a995db99a0e047a,6867bb7f14f97c2b8bb5ac58ac13b1a85b39ff889766cf9c0c89736faddd159d,p003,p003,make_fist,46,2,accepted,,,,28,0.912070099999255,28,1.0,0,0.11919177628622166,
make_fist/p003_make_fist_0047.npz,73bcddee7931d71ff8eda260284553499933c1a3ccc35f3fdd9aa702b9ae8009,4771b2335bbc131dde3579dbd6dbe341213bcf428686d4423e89d4dfe41a6a56,9044707bf6cb7a8642db77219e087399acea4edec8df75aec02648cadde677c7,p003,p003,make_fist,47,2,accepted,,,,24,0.7659026000001177,24,1.0,0,0.1234910099543289,
make_fist/p003_make_fist_0048.npz,f488068c2a5f3085a6770f41069420f948bc4538807b4c7723753995f93ba963,a89a0b6cbda734b3a9280c49d8ecb7c085de568512b77962f4c022d007f222da,cd71676cdd8d7304667cdd6c5eadf2853c71fe440fbb319039436fc00c0afb6b,p003,p003,make_fist,48,2,accepted,,,,29,0.9443218000014895,29,1.0,0,0.12667388491753181,
make_fist/p003_make_fist_0049.npz,e70c5804c078306f8d065d5ada2bd861bd32c89209b7f7b0c74976d2d2e1f68d,34e8df42718441a52f9a56afd7291cc5703c82fceea911045eb09669a11171b9,c23ebf2b167ba29fe33d19aa261649ea7007eadf1aee27159902c0973ffe3c41,p003,p003,make_fist,49,2,accepted,,,,27,0.8807572000005166,27,1.0,0,0.1282107171176173,
make_fist/p003_make_fist_0050.npz,390f1a99eb6a83e12b2de5bc284bd422a24fb0a0547ab350efab24b52b883019,dc6635f308c32e84f6f876753db47b2974cf95fc169e958dc44a9c6f50347ab9,8bf02b817671483648672c7387706b2c4d43d8b4bc6ee5ddb9940748a31a682d,p003,p003,make_fist,50,2,accepted,,,,26,0.8475107999984175,26,1.0,0,0.12815747091576485,
make_fist/p003_make_fist_0051.npz,427fdd7d366bb3a507026ae0160dd3e3e9f47435d1468394f073c8f107a1617c,08fea82f26314bd007cd6d9e97d85604c58fb1cdacbad84d2a59efcbcb1672f4,e59eaa7d5e062ef96554427c0d68ac02d5c286d8b77f1a50e5fffa2ce887fe48,p003,p003,make_fist,51,2,accepted,,,,25,0.8175568000006024,25,1.0,0,0.12122709598339476,
make_fist/p003_make_fist_0052.npz,d4a447666db5560dd97d5e0e40530d7eea277c075af5c8468d5d25f127e37955,21aee89cdc7e4097e41fc3dc0540c7e17028f93a0de5e429c7496c44cf3cdb23,d8149f633c69ee5af48df62d1fe07fb66cb12a9bc994cd5e34426d08d4a13bc7,p003,p003,make_fist,52,2,accepted,,,,29,0.9438434999974561,29,1.0,0,0.12200979300148203,
make_fist/p003_make_fist_0053.npz,38545b32fd6c2d589ed396f86fa7e8e2bf4609bc653d761bcf46cd6ce8fcfe14,8e3f3f41a909851a6e43c6ccbb4b82ecea2814f453916cfe661e967f41e54957,b2a34e30d5cc5e80e9eb8b9a35f5fe286588a5852c7bc4359240aaefeb3a1151,p003,p003,make_fist,53,2,accepted,,,,31,1.0092821999969601,31,1.0,0,0.12124540975416204,
make_fist/p003_make_fist_0054.npz,f21758b38d9faae87bc6b375423e50e6d534caeb780ff5482e28c6d476160466,75079a75fe61aa9a2051bdbfab0f56df8d723c61244a1724040f067e44ccf8b6,172f7fa0f4fa88748c727bfaefb4e407f5174900d83d95df70261d578e21d1cf,p003,p003,make_fist,54,2,accepted,,,,28,0.9103682999993907,28,1.0,0,0.1261557354341727,
make_fist/p003_make_fist_0055.npz,55720432b72ab9f16c526f45e0f24d0edd93ab6b4bf7cda5f68002c72407766b,3d10a22ed6b260e268684316981a28e33fe172b66a7b64fceb784a82177e8a7d,1027f8f05f1346cbee65f5fc2bebe0f90811d3c10a754ee0b98ccb92cf1d3f84,p003,p003,make_fist,55,2,accepted,,,,31,1.008401800001593,31,1.0,0,0.12864631282081085,
make_fist/p003_make_fist_0056.npz,d0b7d4cb3a9ee66631cf46038f685e3a65c032797e93d6fe903fd52e732de452,3aa2c3e15654673e3aadd0658d79b957c673f27ca773c56a2c7b912ab4d58d55,447eec03e5793591bc01489c511051197ccb9028a989f28ffce7f041a502c94f,p003,p003,make_fist,56,2,accepted,,,,26,0.8515675999988161,26,1.0,0,0.12837098123689686,
make_fist/p003_make_fist_0057.npz,1379ee1c49d964d441fd29fd8f2388195b21bc36add7a018804218c3c8f4b5fc,bb91e18d0d247a4e58558a5f67ddf29caebe4757ac8a5a67bc03dc03a78c97f6,9f8fff45d41e2367145f94d82f992584e3c728a821b209a80bb57c582f1fba1f,p003,p003,make_fist,57,2,accepted,,,,32,1.0563701999999466,32,1.0,0,0.1251524803703703,
make_fist/p003_make_fist_0058.npz,30b38cc426c08fe57662f9f3558e532ebdd957a53489f05d53eab2002c3f3364,cb4170ccab9ba881be2e5e7e487248a0f4238cb882aba34436d932b5ee17c787,ef95fc67589f109d53e730f3205f1142d39d8f5f7fa850e2b2f7585feda02f56,p003,p003,make_fist,58,2,accepted,,,,40,1.3085939000011422,40,1.0,0,0.12811596346763285,
make_fist/p003_make_fist_0059.npz,e1e379d7b7a13cd5a5f691bf417d6daca14663d17604c084152933655698fb44,417452b1e2bb80f3113ff3b2acd7b06eed4a583739b3248b75a207c2519b952c,537ec96cf5ae39e7c7b107c1d02d9dd98cdefed19672f0499b9b658c5a2aa7ac,p003,p003,make_fist,59,2,accepted,,,,42,1.392142699998658,42,1.0,0,0.12363738025000401,
make_fist/p003_make_fist_0060.npz,078a6f52c785f228f884f0755f3b388a662a1642e971804d9f482ff5671086fc,33be4ce6671342fb6cfd0dd29a506a48bfcb0db7403fca3185f3c82e79b42c96,531958dc62dc8597ad5cd85967613817421823f5e3f5f99361079c16c25a7192,p003,p003,make_fist,60,2,accepted,,,,48,1.586399399999209,48,1.0,0,0.12152982504919302,
make_fist/p003_make_fist_0061.npz,ea23fc9ae67b4241fd35960d4da7b1b94ecfc3d53e50f2d325009e38b2ae716c,3e8e919086efa02a6564182b1ceb61bbbcfb3237177842dfc7d7484f083b16a1,78d66141ec51fd0486486da5a840b69816527d20094c873d5f34e8c01129d74f,p003,p003,make_fist,61,2,accepted,,,,34,1.1034687000028498,34,1.0,0,0.12504086019785982,
make_fist/p003_make_fist_0062.npz,cafc2fb2ec8af409babc5ae8fd9bfcd04f07c23d576308c3f897bcf4e4916b01,825ced69e5b02c09da3a58f7c22495391bd4d4c8a02c5f41eeb44049fa80c789,302d3cee7b6d3b9aecd1266c7c2da77b14bcfd9cc57b8caadfb5e6483814df48,p003,p003,make_fist,62,2,accepted,,,,41,1.3444586000005074,41,1.0,0,0.127585812300767,
make_fist/p003_make_fist_0063.npz,0077429a676ae1a71e00e5794fc004088de815b76d4c3ff579cb96dd4c49b34f,41a69fba53d76d4f585ed46284adb1c1c1620ce14f8bd32eb7f17b9ddda9cbb5,abebd3ff7733e69e4ec9b79f25606e0ccd150051ea624af8ab615948a92b24c7,p003,p003,make_fist,63,2,accepted,,,,39,1.2801374000009673,39,1.0,0,0.12533068844897333,
make_fist/p003_make_fist_0064.npz,0e0cd3444a6676d3d6dc29d8d8ce1b0b0ae4481cc4649afee0928ecefeb1f9dc,35cf8cd6c40192b181a2211710f24c01b29e48067800dfaeee732b1286bc08f7,6e280df91ab29cd5afe5a8ad4a0c967b2f166537d2c0e150a750da9e5ccd4c08,p003,p003,make_fist,64,2,accepted,,,,42,1.375584000001254,42,1.0,0,0.12550996074034004,
make_fist/p003_make_fist_0065.npz,2852f91eef9d8ff2f9c2b8abb293fc8f3c48683cce24feac0705fdfa92910dbb,a1af420278fbe6ecd5b4312d5daa1fef1af346d77a6ba143c97932b79daefec0,477484a2d33f29c96b29df81acbeb60807130b8eff2423de9fdd2b60ab33c639,p003,p003,make_fist,65,2,accepted,,,,38,1.2497808000007353,38,1.0,0,0.12937062019926807,
make_fist/p003_make_fist_0066.npz,703ddd21222d1f18d2782cb6f7201d8d2ff9915977acd5f57b8ee704cde7aa6f,bdbb02a3b314048041f7e576fc354beb6eff8ca40f0bb6eb7d79619351c1b351,f939048e953e025d4569da0b48f8563650847f7098a2ec1806c9a47e25bb2188,p003,p003,make_fist,66,2,accepted,,,,39,1.2791580999983125,39,1.0,0,0.11817563850303713,
make_fist/p003_make_fist_0067.npz,693b91baf18bef4da208bd6a86483f46d98650a6cf3a876e16a66ced8b6a8b81,624bfe26572958597ce3e34633f84f649be034fe3ab0e12ada81d879d367e45b,c460e470cf30fa716449c58eb7818acd0720e6ffc58608d069fb4901a274df26,p003,p003,make_fist,67,2,accepted,,,,44,1.4567690000003495,44,1.0,0,0.11338120080425673,
make_fist/p003_make_fist_0068.npz,a229d8af03f7f9e419c11c5380abcaa0b8478764cd6a86f2c5907341f2e40bfe,fe996adff4cce1f3d61d0bcba9b9ba427ef4c0a8cc2de65c29793ce8bb50d059,ae57506d4e335adf7b24add50fd85e49d0f48535cf0ae9ed2ee3c8e57a871a22,p003,p003,make_fist,68,2,accepted,,,,37,1.2154303999996046,37,1.0,0,0.1283636435669617,
make_fist/p003_make_fist_0069.npz,8d85d9154791fc3297597cfcc6590148b1f80be192a978d663a109318f98771c,30e75149afeeff5f7d961d37e9f2ca0066453917b5dc6897917c31470b3ed3c2,f943bc1111c0c4e6c67c9972c9fbe3f77f11d10a3a9b0a78b77d325608ff4d8d,p003,p003,make_fist,69,2,accepted,,,,42,1.3772078000001784,42,1.0,0,0.124956426943711,
make_fist/p003_make_fist_0070.npz,2ebee5b8c35f3f14bd3d981947669992b1f5070b27a50b4749f61df325d12f6d,146c196fbb4d25c970bc6c408a2ad0d114292a4576c916ce24cb621e36c7f1a4,d6ddd13127c3df314ca2dceda3da21c373147a2024df6578018bd3d259f9c2f8,p003,p003,make_fist,70,2,accepted,,,,27,0.8653603999991901,27,1.0,0,0.22352294136376064,
make_fist/p003_make_fist_0071.npz,e046c005ede7c4117e3ba495addf5ecec2c53cab0c3992e50a2d98f80c919d1d,2633415f1c9f3765b8794cdd34a173fb21a6a367cac6eea76c6b534f6ad201a6,a7c9a2030385640db1fbd2d0f94fc321330894fd2648bbb192b56a72815031fa,p003,p003,make_fist,71,2,accepted,,,,39,1.2794104999993579,39,1.0,0,0.2188478723461968,
make_fist/p003_make_fist_0072.npz,373d4e67a52259401b046644a7d61cd20e7637b2f4364f2484e7eed0147bef60,ea4f6728ba19b3cfff1985f3bb60773dd0b83f66e56fba426c4e39ea4b6b1b56,cd08b768d4c0cda721f6458d0e663d50e1080de7b8009c4602b15bd81007ae61,p003,p003,make_fist,72,2,accepted,,,,31,1.010048399999505,31,1.0,0,0.21019775107446917,
make_fist/p003_make_fist_0073.npz,8db911488bf2ee9d67e025799fe6029cc393cc9fb942ba045acec9b195b34651,0d7dd22930acb4f4c5ac88ab98674a692f9f48538aed974e80d2c792678a6f31,134a0f6ef18701c3ab0fd1c1dca6c41a472a4aa22f1ff2128ea762ad4380cd25,p003,p003,make_fist,73,2,accepted,,,,35,1.1539410000004864,35,1.0,0,0.22106318373409348,
make_fist/p003_make_fist_0074.npz,81b906d9b4c5ed24a190ec71053a98a1d951bc8d2f65da889d3c1a6d37f3a6d4,e5b52dd3dabe7dcbf99cc85a63fda6a74f09201a7d66de0b72b1d840c7876eef,134ffa7fa254171fb4f08e044d17ab466f5b3bd25a83f585c5335314a41621a6,p003,p003,make_fist,74,2,accepted,,,,39,1.2794821999996202,39,1.0,0,0.2126934433995085,
make_fist/p003_make_fist_0075.npz,ec9b6e128a7284d04b2ddbd159947cf22f953865736321aeb3fdd6aac53f6df5,0522457081217d54b15f11cc3a9fbb92546e907bb798dbbd3f5ef87bd4db826c,d1c516d06d11107a2373f0729ba2c689fbc76e105dc50f7b7562ae0a915c718e,p003,p003,make_fist,75,2,accepted,,,,39,1.280392300002859,39,1.0,0,0.21893790626585044,
make_fist/p003_make_fist_0076.npz,5984835152311148a6dabec286d4ffcd3e3b7d988be3e7916df0612c051b37b7,19a87173585f870f10539537a81d9eeb6ec7e63b84e5defd10cbe936ebec4c6a,d3c7c0602542363e15410064283ff8dd5a929b3d6dc075e30e7797e4e95e0f45,p003,p003,make_fist,76,2,accepted,,,,35,1.1354517999970994,35,1.0,0,0.21124757555784082,
make_fist/p003_make_fist_0077.npz,b5c7e65b18876ae8b9b6d332977e68fe261adfadeed2c6d780db7946f5abd46d,cb63de891976fbc4166e27ce3bb2eb3e625e6124ab4d377e15eb62c4d08c999a,128bcb6060905c7e640fff11dab93fe7b657223007d5aad78c519d4b8c3d8d93,p003,p003,make_fist,77,2,accepted,,,,37,1.2169747000007192,37,1.0,0,0.20107070144291705,
make_fist/p003_make_fist_0078.npz,99145526436d9145329d9fdc16bd759f1622d24de6ec60553e424c2f683af549,42b7b20ce43abf76195acc39bb7ddc4df9a86af5e06dd24f7d92a3f4299624ca,0ca426e8d333d320431d077bc1cd812517fde51eec0d00bc8c5c7828e3ef979c,p003,p003,make_fist,78,2,accepted,,,,45,1.4880757000028098,45,1.0,0,0.20911256807141568,
make_fist/p003_make_fist_0079.npz,64ebfe554edecee900eafffd41a763df1f97bd2f8c4db181262e4e73353eaf34,7a448b1f42e69dd4516e7715c7ed6f1f1381115713eda65372de14275f5e9809,221c85c4d25e2101ee1fe3803d180370371939d42307df1eac0a90da8fbd38fa,p003,p003,make_fist,79,2,accepted,,,,40,1.3284782000009727,40,1.0,0,0.20938777291235058,
make_fist/p003_make_fist_0080.npz,7ed8120b62ae8cff2e547e92a5782cf40286ed474c3dd3cdad6cd0b6e75ef45b,b8e1378b509100ce85af19a45cb2c571fc51d890b3dec4fed5dc762017321cee,e7cbab517908ec8bc69d7a146ff13e4fa6e2788d1c81d5b6e5136439aceaf7a2,p003,p003,make_fist,80,2,accepted,,,,36,1.183462299999519,36,1.0,0,0.209180267404605,
make_fist/p003_make_fist_0081.npz,fb4ee00324d6c5baa3b9911295a5a7f545cb777e9efc6694f3a1d44dee3bdf2b,20fd1c8199d566de8e8f1ada356ebbb7d90ae8c7273d354dcc506931f9252d26,29964a1b16bad3c2970fba0e0a0b58b8f5166c3cf3aa79e263ab9135fd8005f9,p003,p003,make_fist,81,2,accepted,,,,28,0.9119997000016156,28,1.0,0,0.20661640160029704,
make_fist/p003_make_fist_0082.npz,3913b5e0f36ae7b35e213740b979e67013c30638cca5d71530b3e407a225beab,73d282e0b89aa935dfce97cfb6834660c9374fcb12eba434e21edd17474b0754,5c013157ef9bfbedca6ee687bf198144e6cbaafb2ccae51c79c2fe0d8164bc7d,p003,p003,make_fist,82,2,accepted,,,,26,0.8464481000009982,26,1.0,0,0.1974504236551352,
make_fist/p003_make_fist_0083.npz,dab6916c99d673f67cb1c60517248a4b038154f726a1b65cdbf815acc61e677e,a31412f21cfb5b19c080a8e59b57aa6b95db4117b418693e8e2870dabfe4b59e,c610da7a67a93b9be35f2183a24bb7c9981abb9af7670bd06c8ea616bdc5a959,p003,p003,make_fist,83,2,accepted,,,,28,0.9130206000008911,28,1.0,0,0.19849845168239194,
make_fist/p003_make_fist_0084.npz,fb0698098e8e68b404d8b9959c3316e3d426c932ebcc2ff2ddbfbf417e419254,4b50b9ccfdd0d59d8c1bbb7e32ebf49c7be2815ca43716d27a98770d87b569e6,e5fbdc289decababe831e89708eb68b21a8ded0352e9e437a2ac48c18796c63f,p003,p003,make_fist,84,2,accepted,,,,22,0.7048280999988492,22,1.0,0,0.15742657978560687,
make_fist/p003_make_fist_0085.npz,929ce7e3c4f9446b57b5e6b199bdcc72d5d6f4736c3964809c78bbfccbfc3c7b,f2c51fa7e3e92df2d1deaa39b61acde38ed181c2099287e2ca85e6fa58c4a64f,a2c29b25fcea22c2a098cab8f93d054aad9cde19c97790edb76927aee390a458,p003,p003,make_fist,85,2,accepted,,,,32,1.0564293999996153,32,1.0,0,0.16000442564395356,
make_fist/p003_make_fist_0086.npz,a0e6bdcab784536920740d7b1aaca4fdbc679ac9db2361824f6909d1ea11dd46,d93ef0d6d21c47beb410e3beede6b2757dfc8bdc9ab444ef28f858d0a3fe1264,6b85f2612d3e92fef42378918afce13e2d6d985f3f8aab93a2539cc550a667e5,p003,p003,make_fist,86,2,accepted,,,,32,1.0401553000010608,32,1.0,0,0.16128799958899143,
make_fist/p003_make_fist_0087.npz,f7ea753e4c8b388ae17f76aa8c8664b6b3d25e90333a2a586b31df57867e9cae,f976c32a6ca46ea45449a0d353b3249a52e931e80f8f6a61baeb342133099573,f79a263b0b711321a9d3748bdd76c7744f78672b9cf015178883ac48543923ee,p003,p003,make_fist,87,2,accepted,,,,26,0.8310966999997618,26,1.0,0,0.1640561668021264,
make_fist/p003_make_fist_0088.npz,6adba7d81cd812eeb9cbfb655f8e19cc27937b79227b9e7f13293eb8d25ddbab,c469989eb5f33086bcc410f0eaae77a465c8f0e4a65e75fc3f7d38ea36b24c65,4e8a34ae782acdced9a631c4a785097b1c23e097ee612ae94ca5a59a456bbce2,p003,p003,make_fist,88,2,accepted,,,,33,1.0726308000012068,33,1.0,0,0.1676019186250593,
make_fist/p003_make_fist_0089.npz,41c37061ca2031880cef2b13df4303a5070e1c9a6573d7f30e3af62bfcb95d0d,abe5968755e36e7f1ad9bd36320bef3ae429073b0ece0d8e2ea304d854a176bb,d2f08ea26ba1cd4f022085c72164b29e6af30c7a2d5d4a6a79c10ca9bf30b5b5,p003,p003,make_fist,89,2,accepted,,,,27,0.8812364000004891,27,1.0,0,0.1451210300930125,
make_fist/p003_make_fist_0090.npz,11f28dfd7923971150efb68d6aeb1ae32908c12017366a9ae309df5b996db776,a9f55b9e77b6d34dc3ad5155cad43c787d0cae7fb506222eee615ba49ef63c8b,147366bbd6d3a11b9dd7aeaa7fbbb660d4edf897f8bf0657c7fb48563c9618b4,p003,p003,make_fist,90,2,accepted,,,,28,0.9140147999969486,28,1.0,0,0.14949420245072031,
make_fist/p003_make_fist_0091.npz,9ccc8af361ba578aca8457e697afa5333bea9195bc91103b6f3047e89482b949,b39a7732f4d06141d99e1ccba9dd9fc2d9fbf297580bd3c9187020f63dfcfd80,d77e6a764e59a591ef9b9a9b61ec1c59d5e6cebb18cc5462819c90e49852a308,p003,p003,make_fist,91,2,accepted,,,,33,1.0693387999999686,33,1.0,0,0.1609750555154039,
make_fist/p004_make_fist_0001.npz,58ecf2d5c4361f043770f330835e4de129e1de36e3c6f5eedc32a03adecae8ed,3e47aa8d59971e40213c59d8bfb571941a7be044f6e473328256b23327ddb907,3d7c4df705ee7365b168b52f86d34a3e2ba71ef88bdec997dccb8aef3c50d93d,p004,p004,make_fist,1,2,conflict,same_arrays_different_identity,,,70,2.3,70,1.0,0,0.2717861550225804,
make_fist/p004_make_fist_0002.npz,86be129fcc9cf9a8f8fa1ea5fcce8dedb49519ef48d185d1f3295e6aa1df972c,a83436ffa15db9aeeefa225fefa0ac3682018738e8c2fa52f94d9ca18313f99e,a75f87343bc9f44b0d7ba39da608e2475d6d4ce25254d9735937ef2d75c21a31,p004,p004,make_fist,2,2,conflict,same_arrays_different_identity,,,77,2.599134199134199,77,1.0,0,0.2729436004026607,
make_fist/p004_make_fist_0003.npz,17077b24dd5f37fc8e1ad24be474fbfe64611496c05683da50c77e31ebe4d3c5,e636fda9eb434a7e6086533e54e969dabe6a9a8ea90b421c9efbe9556f05d306,e79cbd5fcd1509ad021d764141543501388685fefd1ae9b58b0c7cce470232e4,p004,p004,make_fist,3,2,accepted,,,,69,2.2666666666666666,69,1.0,0,0.2968880850431328,
make_fist/p004_make_fist_0004.npz,ffb72da512b76d60c10773c354092e058706c952cb86e0849bb526a278a93cd4,12f75b542da74c3b30ebc60b5b3cd38f2087f6e63d75c96d1724bd14e1b77dc5,e45258c2409d0cfeb4146a587fd671b74e6fa3a73283f3c628cd9f859139ed24,p004,p004,make_fist,4,2,accepted,,,,71,2.3333333333333335,71,1.0,0,0.3059426461396308,
make_fist/p004_make_fist_0005.npz,44fe9b63f9ea96b3b737563ee1b8eefa0c72edba32bd8a2fac88584cd1de725e,53bb20154d1fb1df46053e61cff79139a4adf978c1ac13fa457b36dac74549ea,9db8b8a601c108118952aa19c6279ad6603198fa2759d0d8787299d399bf9f98,p004,p004,make_fist,5,2,accepted,,,,80,2.6333333333333333,80,1.0,0,0.3472544047633962,
make_fist/p004_make_fist_0006.npz,d7c64b8d3238a2b4878d0159185df4c0d819b489b083c45abeffa25457162a61,a4e1f7682cb008eeb5819c55453b466495e881d80fadc273dde56beb8bba8017,9a5472331cb674c6857f523d30fc2d09053db970172e4e16d5d0c5628c842056,p004,p004,make_fist,6,2,accepted,,,,57,1.8666666666666667,57,1.0,0,0.40988122419382267,
make_fist/p004_make_fist_0007.npz,128f3852389c2565ebc00970ab91adbfe6066dccb48bab1f6971c82c75200881,34955c52f1fa96d5aaad06f6505b8765e787b0b428c4806d1374b651860efe57,1d1b65a052e13a9c1696c117ce5db64cf34de39dc5f8c2d01faaa432166c8284,p004,p004,make_fist,7,2,accepted,,,,69,2.332367149758454,69,1.0,0,0.3610264310304667,
make_fist/p004_make_fist_0008.npz,f9498c0dde091bdf1152b09d37548a11a68f89647659136d9637c9377d6e3fa4,be6192622ecc69389f80d02fe0ff215570d35c38d414f5f008a450a1a501a7a0,b3b3e0e057f7be0c1d0493367a1a9e1e5ec5997f68c0451612c9ef3ffc2f37d5,p004,p004,make_fist,8,2,accepted,,,,80,2.6991666666666667,80,1.0,0,0.30381301243287084,
make_fist/p004_make_fist_0009.npz,c01bcb0af8523e77436f6c3ab99e41eb89de746dc944b62f69d80e6be694fc0b,bdea5960a1336911fe8fbd6c9a3c98761a5e4b840dc4c6cba430ac877bc27528,b90505391bde355757c9ec9be66d112d439c29c529d9dbc145e672e29d3f5410,p004,p004,make_fist,9,2,accepted,,,,64,2.1,64,1.0,0,0.28040799209098144,
make_fist/p004_make_fist_0010.npz,b9f98eba1ccd59e731d4e979a2635c9fc931bf9b18a249a4391db42bfd660e19,bbbcfb0eebf611fdb7879facc9e99c5b9d4b956b1436aeb7b1b5feda1f682a30,e109362cdfd65313948e3455436c29b51a4aef1c5afe27c2652e8ca1f518a958,p004,p004,make_fist,10,2,accepted,,,,90,2.966666666666667,90,1.0,0,0.31824365158169043,
make_fist/p004_make_fist_0011.npz,913a75ae4dff15aba21597f6a1483406634c0114e3c80588f2fd86f8d25e7779,e26905a082ac7b6b5bc662e4efdeaee18bc37b6cdc75f043bba1e43b741d7c58,9ce7c71005781db006c04ddb684d8baf3b6b0c28700d026f7892a48983db3753,p004,p004,make_fist,11,2,accepted,,,,76,2.5,76,1.0,0,0.28376588417609827,
make_fist/p004_make_fist_0012.npz,2c78229135d2abf9a371a7ff1982fb5749206688d657fbb69f2116a5b21aaa98,a3727518f7da8c92e35eb02d066a11788e65c1a966920be3f419eb61956ab78c,d10a6f1e7d73f425d3f0801ecea048c0c34b290f1297d00aad073f11580a3a19,p004,p004,make_fist,12,2,accepted,,,,77,2.533333333333333,77,1.0,0,0.28293644335047885,
make_fist/p004_make_fist_0013.npz,d8e6d33412f29b71c5ea57aab20e7b08f2e60b380189be054ae35f269f44146a,11fa3b72d1ca18bd137ee69a44b489164e8ffd1e640dbb46cba906ff76626113,1ef68468f1b0999061412bc0eb8a0ed5909c27453ba1a58eb9475a5935f432d6,p004,p004,make_fist,13,2,accepted,,,,79,2.6,79,1.0,0,0.3329715487188158,
make_fist/p004_make_fist_0014.npz,b6abc33aa8a5b7c4ad2ad95f939779e85d71036a0ddbfd4fd4902d8df96d5baa,823841fd0cb3c1072e0a48575a5eb7dfb5b97df8caf3e5da2b0d83aa1863d15e,4ed47a2e8f371f935b63f3471ff82489f91cd4971317620e2a0c001911f06d66,p004,p004,make_fist,14,2,accepted,,,,84,2.7666666666666666,84,1.0,0,0.31358463481567794,
make_fist/p004_make_fist_0015.npz,a3f8343e51eb3781b71913def1261eaa1aaf405a399348b8acf072aab6f9c17c,9da8ec5d1e460b7a1d990d42be5faf57e67ef3a309ace7440b365d559efde9c8,f21e006e09fc96f08266745a183214e39fe0fb172aed842bd6f3a840a3657d22,p004,p004,make_fist,15,2,accepted,,,,96,3.1666666666666665,96,1.0,0,0.36726464565455164,
make_fist/p004_make_fist_0016.npz,64c805c9d5964971fde7fb9787ab21bb8e089fa9823baff0a96285a0350afcd7,a8e7aa785afe2ae55c5eba09cabb5045dc8f731f528580665bbd8749f66be591,3c8ab205b7946a25c3ddf2c33d012fdef4650e2bfb3739b7aa7a9313505f8b9d,p004,p004,make_fist,16,2,accepted,,,,78,2.6324786324786325,78,1.0,0,0.2708786130957469,
make_fist/p004_make_fist_0017.npz,ff0cfc6a7deae52e6d3343c28b7788edc86bc84f6c6d41f7fc5ca6e2b3dd4074,2857a2ff60021d26a210d2c9f39a292a1c1fcc08af752d3b0538d09cd399ee41,6835abce124627a239da9ccf31a688e69c32cbdf648443f33fe55a01591cec9a,p004,p004,make_fist,17,2,accepted,,,,38,1.2982456140350878,38,1.0,0,0.2257469788795954,
make_fist/p004_make_fist_0018.npz,7371b8f72983257f16270fc0371c9a71dfd3edc958a5ff45f0f8c92858d60929,46bc8da8b08abbaa29902a8d45eefaf3d190f9bff9a2256ebc6261bf516444d6,2a9f281ae253c71cc6b5ab664d2558696a8555052dd14cbe8157ba8f56007b31,p004,p004,make_fist,18,2,accepted,,,,58,1.9,58,1.0,0,0.27289466162360027,
make_fist/p004_make_fist_0019.npz,3a4403986e337c61bb06386bef62c9660910dc31af66990f5dfbf29c5275cdc8,a48409dd41a5b2cbd0dbf699a4c44b8b0d470e0ec2732fa8cbbf90d147f26a71,22444e58c8133f8fe63b4e62b014c75e620268d27337f4dba8b75becf27c112c,p004,p004,make_fist,19,2,accepted,,,,53,1.7333333333333334,53,1.0,0,0.19371674511756629,
make_fist/p004_make_fist_0020.npz,5dc6f96955c377c34564aa54e93e01cd3d906de8388c2a6b7d22621e7d8f0f2a,133ff8beef2686811719a32aba622acd71b9357606a6530ec61235b04771912b,de00d08c86286f24d4228b4c96c5e62596a465e96027486c5336663e210d4b94,p004,p004,make_fist,20,2,accepted,,,,49,1.6,49,1.0,0,0.2722590043297848,
make_fist/p004_make_fist_0021.npz,b481a6783ce9dc6a47e231ecd68dcbc4cdb957bb432acdc650bd6015247ca465,365ba7910354bcb98c51a34526500db22695873a5ff75469cefe833942829d87,7077a7e8f076e68eba0372d759a2482b536dfa4681edc9d256a8cc6ef69dad3e,p004,p004,make_fist,21,2,accepted,,,,69,2.2666666666666666,69,1.0,0,0.40955127560016097,
make_fist/p004_make_fist_0022.npz,88ab134ef7af6069f38c860dec1ca518a0a169812ea40b2c458fcaa4925bb9c0,764517222c8e100e713cc76ba7ec299cddd4d47f8b192d8d8df01480a1a50e96,7f0e7b16f89bad40aae192587689ceed5be5f5422dac914820a6c75f8bb5a6b8,p004,p004,make_fist,22,2,accepted,,,,60,1.9666666666666666,60,1.0,0,0.38396430398671433,
make_fist/p004_make_fist_0023.npz,6acecca59d4931f2695376a9a8e1df5caee28d58a1ed35c73a3503da8fe2899d,c4cc3c3fcbb590ca63fb518a2a71bbb0e0774bb6b6c4d8a4071fb5d252e02cd4,e96e98455d02cfba7a9af35b3e4e870999665a07640b3b5fc12a57ef3987ce23,p004,p004,make_fist,23,2,accepted,,,,58,1.9655172413793103,58,1.0,0,0.32376313023806264,
make_fist/p004_make_fist_0024.npz,c6970bfb575fd53c8ea0f0a1967b13a7ffba6fb616d598cb444c8499307d783a,161c02bb6e83e5a987a69a0186ee953124f729c0c55af88729e4a7fab9498f2a,333a66a0fc840fa84757d8ac68ee329be9581ec1f5a003117f4ad75f9877d75c,p004,p004,make_fist,24,2,accepted,,,,47,1.598581560283688,47,1.0,0,0.30156914374729193,
make_fist/p004_make_fist_0025.npz,78b5e90482752c8479ccd9b3e5a728051a9c80139855e17a66ab148616ad8747,468bb589ec1a2c79d03cd92810651262ae617d13a2068983655ea2c726719e35,129cb5b63bfea389b691c47da166d2f0c6653c443df142904227690b3a8eed2d,p004,p004,make_fist,25,2,accepted,,,,56,1.8333333333333333,56,1.0,0,0.3020084861438278,
make_fist/p004_make_fist_0026.npz,124223fc737095a667902dd774b85904b51afa47150d306611fc4f4212fed1aa,29d9212c663d143f7efa8ed4127f84f35c01c281a892be036f951c38f8588d93,51ac85a8c2dde9da978426dfede13532a6690575c70db4677e5a65233d96bebf,p004,p004,make_fist,26,2,accepted,,,,76,2.5,76,1.0,0,0.29392154097299583,
make_fist/p004_make_fist_0027.npz,d6e57714bb34931f4c181c0d727ad3bf35d27497f05e2325c95073429f999edd,17fc188954dd95637d47a5e3e749f861f0a35d05aef42e13463143529e63ebc9,cf99f87ef9bd00e5670f71c88591d87600de199c6df39854903ce83c11d3f0c4,p004,p004,make_fist,27,2,accepted,,,,62,2.033333333333333,62,1.0,0,0.288709034747504,
make_fist/p004_make_fist_0028.npz,1f45d8489c6f52e099531aa6f8209c245e57614dc5ffd98f03c9fd73b2477680,1857c7a2285ab9e4c438c1c0075018874635994ad5dc3011fea56a873ef2e6c6,cf4958a1a67a09824db0885106a8e23f96bdf79476352496aa65aac2374be5a1,p004,p004,make_fist,28,2,accepted,,,,90,3.0325925925925925,90,1.0,0,0.2982636106224458,
make_fist/p004_make_fist_0029.npz,ccb5eb2db2b691d6313ebf5ce759d0be4ba796cda34a599b4d09f35c6a741027,4d06aef8fb025fc0e2a5f3146e674379586b237649a2eb30dd9a75834f5cab4a,a679f54a8b8b713669427ceeb9075a58fea61ee0841479b57514ca7b19626ea2,p004,p004,make_fist,29,2,accepted,,,,76,2.5,76,1.0,0,0.2944914602012568,
make_fist/p004_make_fist_0030.npz,f02655a6f7c0d5203e5b430851b390a9f086d37301bf2e05c6736f4da24bb890,2a8e0ae5d99e04e28da395a9ddec5a9c2291ca836569fe0b8923d3e79de6fee8,d9c1bfc55fa27f07dc5b8a89f543b444dfe981997b3dc4e85a32c8df41409d90,p004,p004,make_fist,30,2,accepted,,,,83,2.7333333333333334,83,1.0,0,0.30377445264741443,
make_fist/p004_make_fist_0031.npz,09fe45fe7dc01bfff400e98cde670c535d55605c6bfa75f7229cccd9e0a2b3c5,09a7b5e39fcf2328b2ff9b95ac3d346090eea8b9f76b97bfd0a1ef155cd8d9b5,c4a1c7eaeb54f80316b181207cf9ac806183d63a4469ee25df886e3ae49b59f7,p004,p004,make_fist,31,2,accepted,,,,56,1.8333333333333333,56,1.0,0,0.32715704907601556,
make_fist/p004_make_fist_0032.npz,f4be255a5624eed6123f118b66d66f58188345576461088cfb86af710f80b433,795d3b8c665e6400c7cf46b0cdcd73082d944353bbac95f7fd872465bebdff2c,12fff6ae0aa43b80ff67f8c9a9763b4c2ed01f093113410a2f03156de659c96e,p004,p004,make_fist,32,2,accepted,,,,67,2.2,67,1.0,0,0.26578167182746565,
make_fist/p004_make_fist_0033.npz,2ddfdedad6c672281e5b3deb672ca55c1c1f938af36657c4e98889255ae6c6ea,3e47aa8d59971e40213c59d8bfb571941a7be044f6e473328256b23327ddb907,4f501e3ce9c19fb1966ee193403e9ea97a3dfeab1c7a6fd0932d21c054d2d308,p004,p004,make_fist,33,2,conflict,same_arrays_different_identity,,,70,2.3,70,1.0,0,0.2717861550225804,
make_fist/p004_make_fist_0034.npz,b6a0be5ab0b264dff3a21a81b64ba801be9f4e7f7a04049c414ad087fc74dbc8,a83436ffa15db9aeeefa225fefa0ac3682018738e8c2fa52f94d9ca18313f99e,7f3f5ef89121fd3812d7b716cb1b84166eb55c3fcb09008a58a4faceae25db94,p004,p004,make_fist,34,2,conflict,same_arrays_different_identity,,,77,2.599134199134199,77,1.0,0,0.2729436004026607,
make_fist/p004_make_fist_0035.npz,ed31a7a2a34f4034fc5d34bbacbc5c6eb83e95d2c28b581893f1c1703d55cdad,d9a990088b559f520d49f758392621e12b2c4484e9e83520c0daa0e301674d59,2fc7204dbaa33bf6d439b68067ad10bee9e6a3d6bf125f78f303d72b66d82eab,p004,p004,make_fist,35,2,accepted,,,,50,1.6295877999982622,50,1.0,0,0.3565342385536045,
make_fist/p004_make_fist_0036.npz,7c514a07ef9f2b22e2d5213ce6f95971fcaeb2c80c882be51cf7bf7113cab663,33106495ef85b6dac4e16ef4799f1705fc658f579a41def8d6a8b333759659ee,e5266987a1dbfcff1a2710337fb44e1a694ce9016614a050954ee92b8a636724,p004,p004,make_fist,36,2,accepted,,,,64,2.0876762000007147,64,1.0,0,0.3665841499272803,
make_fist/p004_make_fist_0037.npz,a1ce37e560ad248c2089326d248818d06af8b4bea3e4bc6b838f0f82f9bdb465,ed33d9a104c33775c0cde07b886e519fd22da5aeb51b6841cbdb767847310370,140feac5a24765e85b5a58a1372d4efd2e7e9c948f44dbde1f9ff4fef32958ea,p004,p004,make_fist,37,2,accepted,,,,67,2.192811000000802,67,1.0,0,0.3485635817189844,
make_fist/p004_make_fist_0038.npz,2346a6deee2f30202d572a6e2810ae28f46f929ce9638aa8de6df2f42463ecda,d1c7bec9cffa622aab82b629887cca1873352856d47199b286690f6567b5ad47,a341b5bd1a91157d366f49957cb032973599446b8f634f636e0044948f377fac,p004,p004,make_fist,38,2,accepted,,,,45,1.4762993999975151,45,1.0,0,0.3686851706357223,
make_fist/p004_make_fist_0039.npz,43384833355fa1ad893e78c297671845c3cd97f8d6ede200d92d0df9f44a64aa,42306f652cd9dbf9687aa01fccd3543324dd57fde7c18afa5c707876a5663c31,c0b013f51f1b4a4f75f48dc209cdea304dce8d4f2e7ca3f08db643067d89ae35,p004,p004,make_fist,39,2,accepted,,,,39,1.259154999999737,39,1.0,0,0.35767992298578377,
make_fist/p004_make_fist_0040.npz,6d42836f337dbf629272067d1bae7d31e0b4aab8e300bebc827ac5ac7f5aec34,1bdc4c83399a88eb4d0809e13efa84ca9fd2fba90d6ba063e4e1c611b1266e77,36490233f8e61ef5ff18ab8914d63466e38e63c47bb30e89d0608f3869203688,p004,p004,make_fist,40,2,accepted,,,,44,1.443469300000288,44,1.0,0,0.36688526124027865,
make_fist/p004_make_fist_0041.npz,ffd43857d0d3ffc009566760930d5936f3f6e6e4326ea367cc2ed9d606c8f88f,8db2911b1da5354933d9249747e4ed8b57e7167285374c903f1b7d21a4945ba5,5227abbc2e49dceb489cf767c4e4c64414d62930e5af2ea88178cc8a73116e35,p004,p004,make_fist,41,2,accepted,,,,57,1.86588109999866,57,1.0,0,0.36358201045951866,
make_fist/p004_make_fist_0042.npz,3ba2ca9b8c23152dc16dcd8a26695ffeafdce53c2312f6ac6052af8afa887423,c1a3e25f5fa682557d078c4dbfd245878b71c9f3e2c16ce1da85b4669e6dfd7a,df815cd619e460d1aff0977d7957b02198e4fc93c32d7b72eb9cce7733f6dfe6,p004,p004,make_fist,42,2,accepted,,,,44,1.4402907000003324,44,1.0,0,0.4011617615693487,
make_fist/p004_make_fist_0043.npz,80259ce65b790207e0b833791a40cab11615b4a557e2de853b1927719408def4,4de4158fd27434691ccbfccc2df5bb842f77789d71b9df97a554024d5870698d,249e698671f1856e951427688fd2b17035e47e0293d76acac22047abfb0d4d01,p004,p004,make_fist,43,2,accepted,,,,38,1.2446342000002915,38,1.0,0,0.32189125372740957,
make_fist/p004_make_fist_0044.npz,fbddfdc16655a326a9c1881b2e575818fb699acef43288c7bb518a218dd05ab3,d80f821d676d56afe57e73bbe337ae1f6d97fba4952f762a357e49ef499e2a95,31f51f3ea26a953416dc283fa8f51a9a825e380e6f77088ea78a8d13856dfa97,p004,p004,make_fist,44,2,accepted,,,,44,1.431820300000254,44,1.0,0,0.35782095849597373,
make_fist/p004_make_fist_0045.npz,3972953a79a35aa8dd56bc6b1c2551b6636d1e35e7f1736dee6165f3ff2aa609,43da46ef36518d4dc6e163c5ad0cd30a8d5423bedc1bfac90b5f71833bd4c968,738eafd76b2b1a61f01df88b4c28289cdec7799022b0f9a43d2fc156c009c11d,p004,p004,make_fist,45,2,accepted,,,,45,1.4862415999996301,45,1.0,0,0.369930601500085,
make_fist/p004_make_fist_0046.npz,d0885d9ab09fdcd2685a13a1502fb58c36c225fdeb50852ab402e3534fc7c1d0,03d0accc1ad542108ba958740f779146f44c324a40e660d88709d5b4aed3eb17,2c894cc51d2f2198821571eabf3ef9b6c1270848d7f12abb0bdd021f5e63b313,p004,p004,make_fist,46,2,accepted,,,,47,1.5244641999997839,47,1.0,0,0.37239052227899366,
make_fist/p004_make_fist_0047.npz,57712c68a7b6aeeb89c9a58eb8214504e87e98cd0f23f2a0e65e2b4e6bc64889,13f22629b259cefe6db6601a5cb620078ea1e9c0cd2f870a4f658414fe995601,d2ebce1547c779935b140de7d63f0ce16d16393043d665d02b8e8993d9ec666a,p004,p004,make_fist,47,2,accepted,,,,37,1.1956092000000353,37,1.0,0,0.3215326107713203,
make_fist/p004_make_fist_0048.npz,b39c6bb6ba6baaec1c2103f4a656e0efeb3067ba031856d181a2b9d68b1b6ae3,4d86d70ba635ef36c7a1be883f5741eafeeafa6f70b4d15cb09d7b73c877109c,df13a812b64c91f5bd4757dcf7cc20a355c5678efc449b86a591f5ccc145b16e,p004,p004,make_fist,48,2,accepted,,,,41,1.3333841000021494,41,1.0,0,0.3827237730535672,
make_fist/p004_make_fist_0049.npz,01519d5218705df80f72fa3888023d0a7bef8a9f8009500da2a7c9e18af9d63a,965dd3628058d85d1cd635b5ec77eedeca5002a85cd65083eee950e56b4e3e9c,37c1b5f22c2cab1ab8137e149e69d3022c157a33cc0a1ed724ac14c7b0f96a0c,p004,p004,make_fist,49,2,accepted,,,,39,1.2747856999994838,39,1.0,0,0.3563616439409749,
make_fist/p004_make_fist_0050.npz,1213f69c7c1f427b491d8848c46058a3a842db2125a1491649c7850b5b6c3189,a4a3f37432064995b0240a93c1adb2e0c9339bb3f2e5d60669785332bfdd33f5,f4110bb9fc19cb0efca003560df8cecae2f8c774b8e549036709a166c235fe60,p004,p004,make_fist,50,2,accepted,,,,47,1.5220983999970485,47,1.0,0,0.3759299888501225,
make_fist/p004_make_fist_0051.npz,484a419f5a0fc137bd0e0cadf82370aad7e47e342eb18222656b9447ca96046f,f2e6f4dbd2da7ea6e5d6f801e233c611f7f16d6caeec0859d150896469f609b5,88ba95e0b96f7c300f3d0096ecadbea1cc9ed1c62e43a6926a2f946254723444,p004,p004,make_fist,51,2,accepted,,,,43,1.4103929000011703,43,1.0,0,0.3678858634209868,
make_fist/p004_make_fist_0052.npz,61b718f4ac4947e520286086db43bb16ac003eea952b605b3e182d67758866ef,397a525c4321b51f80cd2e42ae90e6bd07105d33bf2208ff3eab495052042b21,b49424441c57a7c41b805ed34597f334805904157f5e607f013b4261e5196329,p004,p004,make_fist,52,2,accepted,,,,37,1.2151427999997395,37,1.0,0,0.3471738056561956,
make_fist/p004_make_fist_0053.npz,d88cdf0e88fcad3674e10b97ac3b9bec5aea07b92b832cb09755b955c842f6aa,0c756c79ad12261a9096557ba351b4d06398732852b6ab6e6b91b430ec85f260,1290ac19c25a0075398b64aec0f205ab67fbcdd3cdb8a3df72bb7cb0862a635b,p004,p004,make_fist,53,2,accepted,,,,33,1.0843979999990552,33,1.0,0,0.3378723452439742,
make_fist/p004_make_fist_0054.npz,8ffe0a4ed3f644e71929ca93924068bd1a6a84c218e75dfddc715e8bfce863a5,8ce031d63b2aca3931e30777373a6a4fcf96986ad99a713d48a3bfc26e69ec0d,64f11b5b902aecb505a283be97819676f68ed86f17986292feff4cebd02a4b6e,p004,p004,make_fist,54,2,accepted,,,,30,0.9622692999982974,30,1.0,0,0.37202223438842463,
make_fist/p004_make_fist_0055.npz,8df2b61095fa61cede58dc03a66d7f03645b433bd46ac375b239fa2b7f028cd8,aab4deaf24273711a43292268a6a49bc9530bf740e6d61010f2af9ecea5d50ed,46a41843f889808f1605fb1efda39161cde8e6513634783ee57da18ce45d9130,p004,p004,make_fist,55,2,accepted,,,,31,1.023017700001219,31,1.0,0,0.3514958323388165,
make_fist/p004_make_fist_0056.npz,fa63b05f568c32c3e509a220c77df5c194b60edbfd46fedab03691aeaae0f94b,b65b8926ed5fa3f2032f0eff4b7295476a85e646188604870d1ce5db8f6d942b,b6103be250d594630caf0ca82fa38cc46e3effbd18deff3ac0a7808350e3b4b6,p004,p004,make_fist,56,2,accepted,,,,28,0.8988521999999648,28,1.0,0,0.3744225148174244,
make_fist/p004_make_fist_0057.npz,a2b5173d80ec12f89e3f21d8c4f1a0bc4512d34ea68318bda958d981920d4d5e,5ef6780125e05eec82583128a625cb287fb2aa4d998a1472e99ff0b3e03508a5,74cbd9d159abff09144b617199cab6861caee88d449b614f7bebe5709030772a,p004,p004,make_fist,57,2,accepted,,,,38,1.2431587999999465,38,1.0,0,0.35288111387861554,
make_fist/p004_make_fist_0058.npz,2065256e54f2ac7dc21d17cacdd11073d85e684f8af199a55f51b4ba0df78f19,20b4584a04278613d60809b122fd6a52647b24782f68a95ad4eab150fb546e46,97c1f16dcfbdb26f5dc49d7cc56de4bd2663cbc76c889a14b8fd5c2a18444f7d,p004,p004,make_fist,58,2,accepted,,,,36,1.1585873999974865,36,1.0,0,0.4109574485410127,
make_fist/p004_make_fist_0059.npz,1512a4c0ceccba6a8115721131523e7695e1e5b17a16d4ab000112286d43d09a,387bee3a51eda6674bafa91901b6453aece50d195a2aecca3cc84219282b9cc9,f7dbef468b450fd9a406dadb28c4e442e86c63a2b67275392c70c8abbc38edc6,p004,p004,make_fist,59,2,accepted,,,,38,1.2299992000007478,38,1.0,0,0.388815550746748,
make_fist/p004_make_fist_0060.npz,0731b86be4af54201c330e5bdb5fc0636886f7b526f18d1262271b1ffbef232c,4b3423a24a427d077a41ecc5863d7438490a2ebeaa49b89ac0b04c76bda3af03,eefe9a7c92848571b6b3d0eb600e0be03ce9f32b3e0519fca3665fc15af98600,p004,p004,make_fist,60,2,accepted,,,,31,0.9961301000003004,31,1.0,0,0.39590300446504045,
make_fist/p004_make_fist_0061.npz,1831d09b18ecdf265c056d7bad04fb4b60c1e3a344e010320f9c95b610f17ba6,e912a8482c3a2eefcef56e0fdb49e9b439c6f7cb52ada9753ef3b30f6c14013c,b870122e9cc1c5fb9a2003d27603fbd51b606247bd05169e5ca4accb3fc6d8ce,p004,p004,make_fist,61,2,accepted,,,,34,1.1144922000021324,34,1.0,0,0.3885329009062155,
make_fist/p004_make_fist_0062.npz,67dda13481ae9bf58437a97746428f80c9df26d2261aa2015c2d5e60693bdbf2,5b15261e7ad1c6b7ad7fce5cb6e9f214a58b3ef55a86d64a671a8c7b5eb091a8,52d64aa26c25a5590928a8b3a998fc377d075145b600f8c70dd15d1722ab8db7,p004,p004,make_fist,62,2,accepted,,,,35,1.1446955999999773,35,1.0,0,0.3875576680257785,
make_fist/p004_make_fist_0063.npz,066e10fe5e550ca6818662eec9fdcc4eaa5d5902f92ae3e5a58932256bfe12de,32026dd8f039c92f5b0368c841b7cce463d2abdb7a0311458858a9093191827b,cc943098f934894f9605cd7a8bb2b808c128a0a20602a335a98398c3c20f545f,p004,p004,make_fist,63,2,accepted,,,,37,1.1921807999970042,37,1.0,0,0.3586530287935763,
make_fist/p004_make_fist_0064.npz,0e7155eb791f8c1151f36696796daf122b47a51ebc3b74b80ebec1cb4431365a,24c90aec66bda711a8663b63382f3d1037e0d059f59e829d07d8437feebbc145,75fc7e08c8230c11b72b2137b409b7e714ab3065adf659e545384a13260d7846,p004,p004,make_fist,64,2,accepted,,,,38,1.232160900002782,38,1.0,0,0.3909068378292308,
make_fist/p004_make_fist_0065.npz,3bd850113c1409f9b37ad29b3afa14fa1543b98f3dc68bc95ec4065980d3f8c0,aa07b5eb715eef5dcc58f4d036001e31d98fabaa40c9a131f598f5be8bddab75,b9c1f5d7dd666e39601c5abdc7101758f0ccc0956b6867f46550b8ad31cd74b0,p004,p004,make_fist,65,2,accepted,,,,37,1.2028747999975167,37,1.0,0,0.37634691791394753,
make_fist/p004_make_fist_0066.npz,3df22e33473c66af0b0b4479c74edb99f9ae71468df427ab363aced27a25cbe1,1dc25dc8674facab92619fe412eb5c17330f2328afedb41e689cc97815d4c7cc,9f6496b5676232d86c01a2753e98ae29230a6b47333b5cb9ecb1e97d0da9f190,p004,p004,make_fist,66,2,accepted,,,,37,1.2079408999998122,37,1.0,0,0.3175928482333035,
make_fist/p004_make_fist_0067.npz,29556fdb1acafb18c123c12466ceeac7d51276c115cc88cfef2bfe8ad36d9a81,ab4e75319565a3a76d3f982ac451ba8b175a4263685082f287961717b6b5fb9a,85cf476b111bf4aa52dd5a2e2f6b563cc3f50d8a023a7a6053dcac2917d5eb38,p004,p004,make_fist,67,2,accepted,,,,39,1.2575407000003906,39,1.0,0,0.3264861789217124,
make_fist/p004_make_fist_0068.npz,457ebc93fc19d355abdf5af04396636781ad98cb10ac5d0ea92d8bddb9d3bf0f,9c74274d35985e949f51e8833b9fba99b77c9be563c8ae3d61d557ce5749513b,c3d1cb7e20c6ad386cee1b105fe6b87ad1f7b645c6cec0b28197980196e70086,p004,p004,make_fist,68,2,accepted,,,,38,1.2606869999981427,38,1.0,0,0.31479974412949296,
make_fist/p004_make_fist_0069.npz,79ea9b6771f8a79edc1127d2ee9e443042b25bedd5effb330ea71c5ae6e319ba,4ce95c86477db3da67e0d03f86d61f0acecc331c91c14946bdbd49423db96f67,a04651dc61d833f938e2b0ef25765c134afae2b48990f0004dfb867a191ea893,p004,p004,make_fist,69,2,accepted,,,,40,1.3036389000008057,40,1.0,0,0.34165873414723025,
make_fist/p004_make_fist_0070.npz,87db751c34f72c50dcc552e5879c6c4faa08a979dadf0bca9f048d1b24fba326,6c72f3848f103baa002329c01fdb57a060fafcab0bb12ed1e583c4b9b20f887f,baa280b1a8d10f40c772401bf42de300a2994936f34ff63a3a95c4354816e6ec,p004,p004,make_fist,70,2,accepted,,,,42,1.3657409000006737,42,1.0,0,0.3550985005893742,
make_fist/p004_make_fist_0071.npz,488aaf5300ce438c962accbaad68c70f89b1d70c9670624c650c899e78330f0f,76d59e882bd53dabc7a7d2eefbf04c439dacaf0c62fd4db7f03326330c959b20,3c76201540e0a6c2975568bda2232aed2a9f2ea39ca309283f52e3e64655eb1a,p004,p004,make_fist,71,2,accepted,,,,42,1.369067299998278,42,1.0,0,0.3457735292799871,
make_fist/p004_make_fist_0072.npz,d1e1e1255fbcddb696b967e72d75098d2cdd86233711214668b6bd3792bf5fe2,9da47e82c279597e3c8d68d99307bd3ea14767c74f784d229e9e4ee6445320a4,72291ba254486405d45eaeb7929b0fda684402448183750c897eac4e6ac0e100,p004,p004,make_fist,72,2,accepted,,,,27,0.882778999999573,27,1.0,0,0.3817512029642393,
make_fist/p004_make_fist_0073.npz,69ca7ba26eee7fd1046764f0111b5bd421d141dce1eab89a56c9ffcd0fb0d262,ad4cb1cb9bbba908226fd8464079312fcd5f3b3ef3269cac3d6d6b61591eae2c,db96be9574c8894e0d01c8b81d9c74d68ad249736a142fa86a9d3152721a3079,p004,p004,make_fist,73,2,accepted,,,,30,0.9749198999998043,30,1.0,0,0.4341854804004124,
make_fist/p004_make_fist_0074.npz,831a118c161c01bad1581f262e2abb8dfd4a7cbe62173c6811e65b991145687d,12585aaeba55fcea3578f003b617f84dbdaa9955bcd07937988e484576a165b2,3405bf3cbe5b090a49cc020d18ae6d6fcd2974f9ff8ea65029073c5135d108ee,p004,p004,make_fist,74,2,accepted,,,,30,0.9642665999999736,30,1.0,0,0.37773355117138724,
make_fist/p004_make_fist_0076.npz,9e87f3cb35dfe783c365e25e6b32869edab8c24724ceba3dc570a8462e3f46ae,f0e033d30399b6ac7355cc50f1a1536985f86ef2b34632c9cfb33c5b54d90bb2,2c4cabd2d8ea13c5b9ce7dcf43f8d4a299110c0bcf1b1db23cf25ad6a79d9f3d,p004,p004,make_fist,76,2,accepted,,,,39,1.2794261000017286,39,1.0,0,0.38537289858007107,
make_fist/p004_make_fist_0077.npz,fbc35623999f38da6168746af5676c16fb877a95413e98a4ed8b9937e38c68ae,9e88548c263ff1ccb27e7b54cb6df51031a2586a09d74ec08ffab54d0a58b0b2,dc1953a7975682bb028cdeb0068d0d1ee34298fcf28962d1f1da1876c3a8c3bb,p004,p004,make_fist,77,2,accepted,,,,40,1.2998605000029784,40,1.0,0,0.38747411912907376,
make_fist/p006_make_fist_0001.npz,a1736384505bfd66cca9b8fffc69bc9d4a60c6f1e00fe57d62df52cc32fb21d0,6a1dfff7c8cb1dd4ac14e404b39c46c14fa7f573de4b47d78620ce15597a9b6f,84a5928069f652f064963ac83731efd166cc4ee72f9a6b13dfdf771584b63a1c,p006,p006,make_fist,1,2,accepted,,,,45,1.455318599999373,45,1.0,0,0.266346204175589,
make_fist/p006_make_fist_0002.npz,ad3718f991ff35a09ed014dfde52d8ea353af8305c570e56845e6fde92932de8,930c7548381b2b822f596da8216a899742335a8c6436d00b0e63e2efbe7744d6,3896ff28f13b7ab668da657bf69a4bc2dcb664f7d0ae4adfb65886c4cdc46378,p006,p006,make_fist,2,2,accepted,,,,52,1.6958027000000584,52,1.0,0,0.2865698097830801,
make_fist/p006_make_fist_0003.npz,4bb0d1933951457e2d0cc4b88302c5dc70937bb46fccf63b0582ccd3410ec4c1,61514633237a2ced99c752e66dbd5a103d0bfae2e47b72eab89781754db81e9b,32122f5f6f5f84f3afac170e999e145719515276334b4e73d46524ff925b65d9,p006,p006,make_fist,3,2,accepted,,,,70,2.287747700000182,70,1.0,0,0.23065564380195572,
make_fist/p006_make_fist_0004.npz,13acfb408e037e6560329c26d0239723eb9d97ece94ad55dad6cf7d34f3e457e,b2cc677f7524d99f5fa23473c79f0b64b1908519b0ae4297189990ef9af4e017,a0c241ec0de6e3a76bc6c4990a988ae805469b776321d843ebde464dc4884dda,p006,p006,make_fist,4,2,accepted,,,,58,1.887953600000401,58,1.0,0,0.33685620203143457,
make_fist/p006_make_fist_0005.npz,b2d7e2fffb9ec20e691ec7ba7a247fb14678fa4d29a64c3039f399190b71e351,afa63e33333226d14f2a4a949d418f75d4b3e4a10872fb71c6f1a8ea75b915b2,bea184a6c4abe7535386911b261f877c593e56e2c550b27a257cbae5bca823bd,p006,p006,make_fist,5,2,accepted,,,,49,1.600058899999567,49,1.0,0,0.3461857622715132,
make_fist/p006_make_fist_0006.npz,a3547ed162ed73e8e6c5311c443b5893b5815e04cebd68443750780e13a14eba,c4d432988b3775c8057f8d3bed2385d0a6624be89f33f0fe0d47530897e940bc,db2974f3630ea4437091af72008233555cda7deac76581912c6794b508bfa0a2,p006,p006,make_fist,6,2,accepted,,,,60,1.9676945999999589,60,1.0,0,0.33319345561005076,
make_fist/p006_make_fist_0007.npz,b68422be2e4a6fce60c798f4a29aba0bc94b30c8e92733a67548bbbecabf854a,3876737615ed8cf4d931362ab3be90cca99bd79ebf284f972bda35f0a329b3dc,1b398caaf0d04c1509c2644acd94c2470f3d4c9d870410daa5588675c6656c48,p006,p006,make_fist,7,2,accepted,,,,71,2.3518984999991517,71,1.0,0,0.32661703820019405,
make_fist/p006_make_fist_0008.npz,4ad49e756a45b764e448f80bc7c5a89bf3ea7530f1315db8db61daac81036498,1c0237365e3bc4dd3a93ae852330524191ada0c07b1726f12e0d24e1e62b4412,cfa6aee509ee499f533650b051dd032055d1541eaf07c68296574dcafa43a3ad,p006,p006,make_fist,8,2,accepted,,,,52,1.695923799999946,52,1.0,0,0.13995298544492782,
make_fist/p006_make_fist_0009.npz,8f90554f9de468d764330a38e1da73b01ec40d3b415b96348f9b35563df81dfe,bfe2d5d22afc479f4d4dd479c90c6c168f449dc410f1ff8aa703972dba725969,eb5a09f9f358dcc7a714096f1f61d24aa8c3032b8f275b93bae79be95bb2dcb9,p006,p006,make_fist,9,2,accepted,,,,65,2.128579300000638,65,1.0,0,0.17259453872731834,
make_fist/p006_make_fist_0010.npz,7923e6779c417c9231f0a51263a5c419ca89123f22cb5a75207cfb05f6dfffa6,c73f02ea9c8cb68067a2427f7b8038deac84591488e15a2810156976c9ddb89c,f49e39578b055bc91c5c1b5d392235d87678d71cb5cca93102101a0eb245aa9c,p006,p006,make_fist,10,2,accepted,,,,67,2.1918105999993713,67,1.0,0,0.18657099164217666,
make_fist/p006_make_fist_0011.npz,42f4ea99f97be05430e54dedfc24aaea668a4005fe9e781454669e1fe6165a14,37f770443262a27cc3b16afd2d9058c198cb85467f2403d57b15bd55ab0e2cc5,bef9328ae921f184694f4569b34f98ca1fe7bf914d9a8b66e479de2dcbc50637,p006,p006,make_fist,11,2,accepted,,,,57,1.8567311999995582,57,1.0,0,0.1907912835098894,
make_fist/p006_make_fist_0012.npz,ca03d22edaf8ca93684e4d3b9de93c9da45741aad571d7bd08bf65280651ea44,76b31c746a5206188d4c8b0da068a962fd073f1c2ee5c055b56aa251ee4f88d6,84685c063b1c44403cac292fb1f1def5a0ee35e83c02322eaa1097304e36700c,p006,p006,make_fist,12,2,accepted,,,,64,2.0957201000001078,64,1.0,0,0.18896948566575872,
make_fist/p006_make_fist_0013.npz,4eacf46ee70a4544fece3d6846fd87d17aed0d90a20fb90573b71b5c457eb5ed,1517510b1578e9838e97c1d783e0aa41159712b875b4396c3d2259c7ffc5d666,78a0af9c8259f13f22507fc564455c4adee580b0577c289e3b06fcbd3c8c5783,p006,p006,make_fist,13,2,accepted,,,,60,1.9673001999999542,60,1.0,0,0.1679416996038062,
make_fist/p006_make_fist_0014.npz,8560baf468c2a05550933836a93629ec2fafab4ae55d1639086b73462c63f26d,099005d724f7f724ea239a7cfcc15b72e03e650d7b4a8b4b5041541d9b1dca3e,c5d21f8462ed771dccb7862716acfe4db5b15e8b88d1534dd5db091b629679a4,p006,p006,make_fist,14,2,accepted,,,,63,2.0639085000002524,63,1.0,0,0.18476694014065045,
make_fist/p006_make_fist_0015.npz,4e5f78add1dafe08380085268be494d6b86c21bf5a1371e8e2d823b0d6b9bff1,1837164251494a56affba3b224d65d1c2d39a51caaaf33ef24ec24f1f771e6a5,e4ba9ffe3c8e8bf5e0c846bef424ee656ba0b9fe57a93aec50cc628f06ada39e,p006,p006,make_fist,15,2,accepted,,,,58,1.9037332000007154,58,1.0,0,0.12977786281000253,
make_fist/p006_make_fist_0016.npz,866f6af797889c55c2c53dbfa469dfe0ac34a3a297c156400df2e3fb914ed933,bcddf5cc35412d077c90687ae13e2b731d8e03119aef237c3effddda736dafa6,e014a05be042cd4330f9aa7c868461b22d5cd5042b7e30058725570e63c99121,p006,p006,make_fist,16,2,accepted,,,,55,1.8082610000001296,55,1.0,0,0.13453542314609448,
make_fist/p006_make_fist_0017.npz,26c5bedd4cf9ca1c6aa315c164769d0363d14f6c2561a42bc07873ee8a69d03e,4666dfd9363d4119dcd3487b27f94c390a1b314d8e872dd731f8a26cc144c8b9,8dd75343da10608e7d923836b75f9a1efd2ef37f8b1763b5108f1bfa8ddfbcac,p006,p006,make_fist,17,2,accepted,,,,70,2.288180999999895,70,1.0,0,0.16893918344725412,
make_fist/p006_make_fist_0018.npz,e09d6df45debdcbd3feb3e487e4f36271908fcc0b307d9e2be8e673455e86a9d,ca17ddd21733d929edd9622cc0c3568f1fa9aacbe43101e64b99bd3529736b3c,f0f5d234de1efb417d4a6d45a0b6b16a1c885e0b25d34a952a4e6ad0dd791294,p006,p006,make_fist,18,2,accepted,,,,69,2.2564032999998744,69,1.0,0,0.151463689032436,
make_fist/p006_make_fist_0019.npz,5389b08c48b7feba73f7694124c3876e6c3e9bf447a84a4ae147f2ba850b8316,86e6dba182475a2c78e7488ab7916e8cf7e31f413ec756eff74d851c64ab4e8f,b75e41d0cfa8346131779bae80ff4d8785d12003efcb198ec545d5c6ef3fa3df,p006,p006,make_fist,19,2,accepted,,,,74,2.4317294000011316,74,1.0,0,0.14990917900295334,
make_fist/p006_make_fist_0020.npz,a29ab653ec5d488f85b2fea2406c6dda0d8d23eddea24d5e3d3e87738fb9d73c,da40d574a424a97c40e57965491e24be146d623d34aaf4135df5dbb68cdba13f,3d451c1da9a866391930fc03543dfb9d42256176f3f75247c41d8972b3ae09b4,p006,p006,make_fist,20,2,accepted,,,,72,2.3672816999987845,72,1.0,0,0.16315723584620823,
make_fist/p006_make_fist_0021.npz,91f960ef8b22a45fb1fee1a724c3b3701a481ef0ce4c4bf951aaa5b9d5f1d2cb,dd4b157301304db7f206f47e3a5922b2afd6778b8241ae236466add27fd0a8b8,73847efce2e33a812d6d5cb901386806d20aad14876f4382d0664cd0a70c767e,p006,p006,make_fist,21,2,accepted,,,,61,1.9995952999997826,61,1.0,0,0.1482182359183781,
make_fist/p006_make_fist_0022.npz,91e2d54d39cc2afd7fdbd97bc8aecf407eb4069dc3e2bf5436f105ee81107e54,88156a9982eb793c9444daff3a5f6296ca36644b385903e0703fb41edf942c08,86f69c43db272e8fec00eb26b546b2743f8fa5a678df3c302a064521f6afe961,p006,p006,make_fist,22,2,accepted,,,,60,1.9523693999999523,60,1.0,0,0.1487609434954525,
make_fist/p006_make_fist_0023.npz,369ac1631bd73c8383d5475d392675aca204d08e81ebef4fd210f24efdd9810e,87bb383b70cbaafe3d8238ee7c621e30cec724758350208eb66f3fb13815e6fd,74bfb5eb6e38c844fc0b703de716fdab3596cac18a8c33c27377b2a496550eac,p006,p006,make_fist,23,2,accepted,,,,63,2.0486663000010594,63,1.0,0,0.11116916474644817,
make_fist/p006_make_fist_0024.npz,5bd60e89959b6b9ceef062daba79579f46b441922fa6515e6c4553952269cb35,dbe23f927692a825e9c4b995d162e06e0cdada52b282003bfa8a55f3e6baa80e,89d7a61d5b5c0b0d1ef5a69237f54a939b5d5c2dee680dbeb1931050449cfa0a,p006,p006,make_fist,24,2,accepted,,,,70,2.287712699999247,70,1.0,0,0.13148284087104029,
make_fist/p006_make_fist_0025.npz,6b8f649bd74c5d7c9323fd5c1c906d22ab500122486b2c13fd7848a4ae7c87cb,b96299254b016245b09b6c6302fdf6ca425006a89bc2b295dd7b8e2d0d6eff00,a62cd5be0a4c48b80daa396d768838eedfebfc5fef8e49987b428ae12cdf5656,p006,p006,make_fist,25,2,accepted,,,,76,2.4961120999996638,76,1.0,0,0.09097705030910003,
make_fist/p006_make_fist_0026.npz,3be05ed34b6a16c18d5ab743e0a57719a3edec46931778228473acd1fcaf2916,bb4aaa9ee9d7dc63a32e971538f5be467d9b2bb9e896d7cc70525d2302d60487,413a29757e9fcd13eac7071abdaa51664f58a29af5f8484a1debef6051a6120e,p006,p006,make_fist,26,2,accepted,,,,67,2.2081545000000915,67,1.0,0,0.09822739627597456,
make_fist/p006_make_fist_0027.npz,3345de253630ad0a124e678ebcd8c8cfb5a79bd9e25f245fa14198998a1b5276,fe0a12873f25e4063de68488fde11bc2712c610a7dab4fa025ba3164a70ab09c,9bb78731b171ec4b2b85e58a88906949cf519e1a18683b01b93952215e8645e0,p006,p006,make_fist,27,2,accepted,,,,70,2.304779200001576,70,1.0,0,0.11855008542771826,
make_fist/p006_make_fist_0028.npz,e5a0f45187c7fdf29e0871cf2db74be351c58029a258f2b7c84ebfba7dddf807,68b7d598c9629e5c5609f71bd5cceac215d886a1e4cc4773b85d1705f4664739,5a0b0cabf3f668cbfd3b7f16e837b4cbd57bc5c41ba7f14f46fea0e171f16e91,p006,p006,make_fist,28,2,accepted,,,,71,2.320108899999468,71,1.0,0,0.09774399643692337,
make_fist/p006_make_fist_0029.npz,767d75559868f7668b45f4194a5bf59511d59062b51282b4460684ee84bcb1f0,2d4d8e03c8f62974311f34b9f83cd8840b07adc2144df217eb8a6563d4abc1f8,56a4625e087ba46a329bf18ad3fdbb62d190165afc7531c4229620b11c719ded,p006,p006,make_fist,29,2,accepted,,,,60,1.952426199999536,60,1.0,0,0.1519223336689201,
make_fist/p006_make_fist_0030.npz,38c346ee4bad14e4cd01d3394853a0b027cb34f7132b8c7cce42c51fd1d2251b,307dcbc0ff4e4288960d5a79f3f8aad0290e18fc4bae0cfe90b55ce834201598,ef538e2969a8f47f6df1f0ccc9c536692d52495857ad5aa3f87f1d6b16f4739e,p006,p006,make_fist,30,2,accepted,,,,66,2.1598751000001357,66,1.0,0,0.2573734306551533,
make_fist/p006_make_fist_0031.npz,67cadee15e06bb93b1b7284b47e7252b12803461289d51ad7c7ad45e43359785,f63ffdd83858f9aa76592892c0dbc5351e528cf0f94043a29aea882751018432,c00e49722b780b64026437b4d0514386c86bd0c18ae24fc54a0a2d14dc6f8b9c,p006,p006,make_fist,31,2,accepted,,,,66,2.1597695000000385,66,1.0,0,0.08840366682808581,
make_fist/p006_make_fist_0032.npz,893c1c30a0d302029332b895dbbb4423bd2cc82b420894274f2b806204346426,36b7862025b6f08f8dec153ecd59da655a3a234a0a57a0cb53c9a99923026d57,0a78d4ebe4af6c65b9324318e600b4c761706bc878f1553e041a65a24fd5e319,p006,p006,make_fist,32,2,accepted,,,,72,2.3683220999992045,72,1.0,0,0.09576876251193303,
make_fist/p006_make_fist_0033.npz,08e2af51c4830a3d0b9293cb4da4898ba55e8c1949beb36ef8382c106cd63729,51e0c6addc1c0877e0bbeeb75232d119a4710e65342eeb3b33f5fc07f11f3be2,f5346c7fe516e42fe4a4ad3cfe3955bd29dc36203dd94c7b98db4348c72d100e,p006,p006,make_fist,33,2,accepted,,,,67,2.1917357000002085,67,1.0,0,0.07352814957373191,
make_fist/p006_make_fist_0034.npz,12b330a0a5d566440518a4493348ffc1bd34f32f608cf14c37fe9c693c6bc62c,366c106db33ddcb53a143b7cf40ad27954c5323125ab8060dc2ff38431707643,1b39306a70af6e86a039e2ca32944a406882ea8424901f5824d64e93bfea3532,p006,p006,make_fist,34,2,accepted,,,,69,2.256567800000994,69,1.0,0,0.07894661429704733,
make_fist/p006_make_fist_0035.npz,9153dfc2bd3480f23b0aa284b7e399c02a857bf696faef92dea9a53114b5ec91,89ef26aea7574b837d85d39459af903c907574eb5fa055da5ad57a017a3aa7da,44408f4b2523949cc2f86a09016c43f877a6da3a93d1bdd46d1b2978e20e21b1,p006,p006,make_fist,35,2,accepted,,,,61,2.0007716000000073,61,1.0,0,0.1117089209645665,
make_fist/p006_make_fist_0036.npz,9af127f1e5088af477f8833eb6aee660740cad484b2056a07ea0c2dbc0adfc9a,2cb9eb820bce6efbbf62ed6719c171f8216d299e358130ccbe3eaea229ad4342,cc75b378cae39cf7e93cd86cecfaff64cb80799979fc89b51acb19aac1a4d371,p006,p006,make_fist,36,2,accepted,,,,73,2.400179599999319,73,1.0,0,0.10363548067726902,
make_fist/p006_make_fist_0037.npz,5deeca84ec7a49f131fcbda3948184b60f41718e26d700af86c6c61ae490030b,b4d2c5cdced1d6f598920f391c6e19bba3f86e9939bb35a21d4f987c1b377e67,f7c567e9f672edf14d5c40cbca3ffb7fee414cd64e239675e34566c4130ae9ab,p006,p006,make_fist,37,2,accepted,,,,57,1.8553849999989325,57,1.0,0,0.1370689285111295,
make_fist/p006_make_fist_0038.npz,2ca8c721db5abb86114008eedf9af8e2de0c47d134a21798b7de784a902bc8c4,bfb8f4393b53b47af90787131466d0e8b82d6ca322e3ff9a52d0a21413f9bd69,ed5a49e2eec6da0238ecc1acfded2fe08983674bd27a493cfa435de8cdc3811d,p006,p006,make_fist,38,2,accepted,,,,75,2.4477659999993193,75,1.0,0,0.09448567893232665,
make_fist/p006_make_fist_0039.npz,69cbe68bd583dd26e04a67c60009fe810bffcb623fe9157714789f7fa5cd4576,4f80d7c6009d3f88f06af7a7a477a31921bff5a2bc6a2706f655f57df957d7b9,45e862c5eb8df06b0fc8794b781d3dfb7a484bb6067245b36ee811c7c74646f8,p006,p006,make_fist,39,2,accepted,,,,69,2.2722996000011335,69,1.0,0,0.11913348683361306,
make_fist/p006_make_fist_0040.npz,114aae5226f15738def560d05f6edcf4708326083f1b89f49e41c81ae1d33068,0040f15c455c93e0af8b35f5668df2f4c06f3e4b43a1c12ad0039a01dc397926,8b3a685d27e2638ff9a49c22918c3d5ad5a1d2d63edca4180f041ab88a62ebae,p006,p006,make_fist,40,2,accepted,,,,48,1.568633700000646,48,1.0,0,0.11575271666379229,
make_fist/p006_make_fist_0041.npz,c0d667ef59633a1aa93e52621016ab27b8aa8463ca758abfc0c28f516d734139,35c52ea0e91af27190ad8cbb45b1355ca6e81f0ff673b633b654d025d32d9bf4,ddc457e8d20144f774105da6b3d2f7a22b550b18ed5d568e7bc7e25674f58ecd,p006,p006,make_fist,41,2,accepted,,,,55,1.791662900001029,55,1.0,0,0.0961903930303609,
make_fist/p006_make_fist_0042.npz,73291e55b9db390df52a37138197003da856fe8007ab409ea3fbd80913cd7ebf,342e26ca3c9b921e6c6315903325b41e30a0398942fcd5a939d26a112afbad91,3a10d53385899884bb2d0c73f97cde6fcaf9af59fab21d9003ea28c2db4448ad,p006,p006,make_fist,42,2,accepted,,,,71,2.319070899999133,71,1.0,0,0.113048432755259,
make_fist/p006_make_fist_0043.npz,29cd20ef49e9aacfbe5df9514636d0cdff327181fb6558b1070cfe413ca37541,b2d666661f16d976eb5252c9fe5e17a10e17003da30a356eff9b412a8e49de2c,f7831f7d2e32a046caeeecc26edd52f4339443e0be3e5792655346f9453a4743,p006,p006,make_fist,43,2,accepted,,,,74,2.41585219999979,74,1.0,0,0.1020634030190755,
make_fist/p006_make_fist_0044.npz,5fd23edcdb511def5164c1d6c48411f3d69a3fe35398300107ac7b81576af92a,57dcc6d44f31935b6dd51359e627405337573af138ad1824ad24e8fcfa7cf2ca,c8fe9d3f812cf78c2044a3d10fbc721b7bac17a7ecf74a92e1e7d7a1ac3d8afc,p006,p006,make_fist,44,2,accepted,,,,60,1.9688370999992912,60,1.0,0,0.1495608503801234,
make_fist/p006_make_fist_0045.npz,c4053fe33c6cbe2369113b1b8f876f864cc518eff27bd90989527ae04edf1bdc,9eaf96de7d461c49896e4806f16e5b1c316f9c74657c4260ad384b4f7cb534e1,39e073d3ecfd0f15d90b5ae8983772c3c89b2f75a3fe6b09f543469b036b7a1e,p006,p006,make_fist,45,2,accepted,,,,71,2.3194928000011714,71,1.0,0,0.11242124295692679,
make_fist/p006_make_fist_0046.npz,f7bfeedab9ca8806e7c72dc83826bf5a8368d742da14e5518649ce4f158d70c8,8ca7a5a38ed2b6d700fdb8b84568faea404dcbeeee2468267c68a9675dc63047,abcda512ca245a19c6b8b2c3b1276456570c99d81e474540fd1659e362e8aaa9,p006,p006,make_fist,46,2,accepted,,,,74,2.415939000000435,74,1.0,0,0.1021934767606666,
make_fist/p006_make_fist_0047.npz,5f457a47da531c6f26fc8df6beb2267f20d8bba9ba5ffdc631896612c8803798,df9e2c3a65998dd3f6883e16b82720d964b2d8eec7c793e3377ef4822bccd0bc,71f599ec0fc140f6602974e3f8ebac7c3ceb07e07c694fb7f974cc9b7729c2c9,p006,p006,make_fist,47,2,accepted,,,,62,2.032317299999704,62,1.0,0,0.11840842686778301,
make_fist/p006_make_fist_0048.npz,83233c547837245b7a8170fcd0431ce907a6ebcc300cd69d43fa1bfe60bb6d3f,ec919fb5d3dd3f2747977c860cd5f55bd4d479f2669ad4afad0b3e62228c1658,41016ca261ff937ce9459e5f67587d37af59c9a57d0738ca635f284243d2c6ab,p006,p006,make_fist,48,2,accepted,,,,67,2.1907375999999203,67,1.0,0,0.15153554597894545,
make_fist/p006_make_fist_0049.npz,e752c99ac981263d0d8617ab0858ddc109042d03a8254a23649885fc4e3edd6b,773a87ba320a41cdf46ee98353fa4d0bc3d3315a7262e7ede246639f50b888c4,5b1cba743afe74c21087a67498fdc1b41dbe53bbcf9d8c1af0334cb8ff7f72a8,p006,p006,make_fist,49,2,accepted,,,,62,2.0314612000001944,62,1.0,0,0.171973713191833,
make_fist/p006_make_fist_0050.npz,56c404b6055e4f53c2ebe60186b7da710033ca4c690852201c1a2ed4c32577fd,b255b793ee4949fc64feb8d1c4c65458b35548f3cc4cdbe64e980d459305e739,7eeb0cabe06a85ab10066cdddb5f48626c7435fa5af327d3002bd62a7a2538f7,p006,p006,make_fist,50,2,accepted,,,,60,1.968289399999776,60,1.0,0,0.06706078536759814,
no_gesture/p001_no_gesture_0001.npz,634e76feaa96ca67146068218c153ae97790c791dcbc4a1b698d4c5dd3eda8ce,d0af4b2c8a2ebf7d6f6288d4b5a474f8d83ebee7c213401eabe5bbce16de12d5,635608732b3f38afc86e6c51f124191bf2d5a4d371085e02e977de04bd94cafa,p001,p001,no_gesture,1,2,accepted,,,,62,2.0640302000010706,62,1.0,0,0.17522055833996877,
no_gesture/p001_no_gesture_0002.npz,3283d830c2a7113fb174c1f62d79050fe93fe66016f9ce2472cd20fc01622fa8,012d49596207383889be47e0713836952b5eebdda2829f87e6a1b8453faf5dc8,b746a3e4df1b9ad078fad057cc7f0207ef38590f6b35d0f7e8724d91ee639913,p001,p001,no_gesture,2,2,accepted,,,,58,1.9354999999995925,58,1.0,0,0.17133146632712642,
no_gesture/p001_no_gesture_0003.npz,982a58783a294e34f9974cf3beb0cafab0de39592718d98bfd0e1505dd2a4a18,799ab88a771e1aef749696ede81d80d3e04a6cc1b7690496641b8655fa1dce2d,4542fcc76323ed730992c214f2598bbe08a1ea3c5ffcf09d972cf837a2098072,p001,p001,no_gesture,3,2,accepted,,,,46,1.5198356000000786,46,1.0,0,0.1722205071528016,
no_gesture/p001_no_gesture_0004.npz,d352c8c6993059819c0642eb086e672fefcda095597df09b1f8a3d659aca105a,4f9d9d2f73a274bcfc58ec16aa92913dc41d6d2f03f26e3ea5cf68fe0aeb8919,47f169beaf946a8028791d1cf84f4a1daa80763ffd064b8ff8c12c7abf5ae0a0,p001,p001,no_gesture,4,2,accepted,,,,36,1.1682057999987592,36,1.0,0,0.1647810217415961,
no_gesture/p001_no_gesture_0005.npz,d436876981e244fe0595c9afa33890f47b8ccd3c85816dab2eda0825b2de4fb3,b4808e22dea785014285b4589330261a5e33e0919e0a4956825b9e04c62960fc,f240fc385639a8ac9f8dd31f229d0c33854c54e5411ca9b7df383394d62a56ae,p001,p001,no_gesture,5,2,accepted,,,,37,1.2156890999995085,37,1.0,0,0.23025222482557137,
no_gesture/p001_no_gesture_0006.npz,966e8ff694d8a462c0b8675a0ee17afbdb8ba6c8e22030c6350fe1f2063ed1f6,de46783a036fe2460eeb04abda6ea7a7ad045541a51074dfb9757ced2bded930,ea8299ccaf162d9cf5cf7ef9eda7598764006acc7d94df892db49255cffe8ba3,p001,p001,no_gesture,6,2,accepted,,,,44,1.4558325999987574,44,1.0,0,0.2364342906695378,
no_gesture/p001_no_gesture_0007.npz,2a52e8692cbfe9f9001ccba40b0005cb35250dd512fdcf341055bc469809f230,a63064c0f4c6eb1a1a100324fdc93ed2525aada60e252c474f0b41a604f16b51,fc08e35e933aee95b3715212df1d7768fb08b97e6453a1d40d1eca6a6690c710,p001,p001,no_gesture,7,2,accepted,,,,37,1.2160843000001478,37,1.0,0,0.21205503368997444,
no_gesture/p001_no_gesture_0008.npz,32e9dba448a72648b18df9730035024cd1ea056bd24145c5ed0b4a0fbca330e3,f8c64cb4e1b667fa522342c139675b678a149a7f1cb4e13ab99be7a9419c3582,73d87829f3501ed7b8457fcccaa8f504b4aa2bd228c5c8f9a2959ca6313d489b,p001,p001,no_gesture,8,2,accepted,,,,38,1.2482167999987723,38,1.0,0,0.09197299518998983,
no_gesture/p001_no_gesture_0009.npz,6b8cfb880ae9620d47f1c24b09687f8d2e439761bc7d3ba6b14cc14ff65d2d36,72c6953ae2479b9a50e20104cba25021e91f0c9206d3e12168f96587cf654a9e,8d3b8178cdaa3d286c079895c4b725ba76e70fa5cd76a6b5076e09c7e2389fc5,p001,p001,no_gesture,9,2,accepted,,,,35,1.151853299999857,35,1.0,0,0.08914681201953002,
no_gesture/p001_no_gesture_0010.npz,c2ac27658ca56698ee81511d70254c61be7b282cf7c570e7565bb537ff7e1e9a,91f65596f61d925277187223563bc1239185113e5c69995dd3c1a6b28ccfa316,256b91ffb646b042c842492601ba7a99dc1e32c534ca2747283ee3366714118c,p001,p001,no_gesture,10,2,accepted,,,,40,1.3278542999996716,40,1.0,0,0.08858792838910545,
no_gesture/p001_no_gesture_0011.npz,e39846597cbd4b7339133cea4f6bc8e673d59a593b94454b050937dd9bbd9146,7f748df24ff6d1a57c769006bfdaed5e2864e62000a870ef7554c89372efa691,e49de15b5351436bfe9535a1ca00be8b03b54a801eb68f5a88a45d539954ed52,p001,p001,no_gesture,11,2,accepted,,,,39,1.2796749000008276,39,1.0,0,0.08956036893633633,
no_gesture/p001_no_gesture_0012.npz,afb4f5b48a8b54126472b0e0b890b5aa8659f046b4c3f0cddcf3082f6f5127c9,938f69aedc7c05d7eddeb3521ca9578cd6e0243127dbdbcc8304bce992a99311,8c15bebc57c9231039676f172c9de15f530f2a441d47957bb4378ae464857382,p001,p001,no_gesture,12,2,accepted,,,,37,1.215786200000366,37,1.0,0,0.09102914079391437,
no_gesture/p001_no_gesture_0013.npz,14f50ac6e8d69aa6946a0bee4f9b21b59ff5ce5b66a23f8f2ee7e5ef7df28ebb,2390f84bdebf9433deb7fd893cc507545e056c5b50543ed002cb2853e77fa2a4,7822b78878e6e1a1096acb58cf26955c175e247ecdd98870324b4f4f70c45e87,p001,p001,no_gesture,13,2,accepted,,,,54,1.7761031000009098,54,1.0,0,0.31484765356351097,
no_gesture/p001_no_gesture_0014.npz,d1a301c1cae0aebde713fdb25b530ee0fa3de00dd452cbfa003eaf733353c8f0,1f07c9500ba0fe6cf5342593a648c53d1b445dc4fab46f803d2539e9771cf2ee,9881416295db3e116229d81528ca9981e5464d125847edb77ab1e6f9601763b8,p001,p001,no_gesture,14,2,accepted,,,,41,1.3601975999990827,41,1.0,0,0.32254487635344337,
no_gesture/p001_no_gesture_0015.npz,2e8824139a2665f9158f5ea8a090491bb7b81eef3173a98896c8cc8ec1a2faf9,5b7da8a27eca99d51a5fa7fad398791b36534d14915b07f956a8a7b06a1d6106,11564efd0e8fb175a6145e75d34c2e82c533eac9e886640026cb72b9e8b36ad5,p001,p001,no_gesture,15,2,accepted,,,,46,1.5201813999992737,46,1.0,0,0.3292302062108944,
no_gesture/p001_no_gesture_0016.npz,f5f362777510eacfc80bb1cef1c8b49aa9a8106b4723c45c4baea3a7b7aaa6eb,78d798454299c51581abc045ab4b5d7b426df48c56dddec20a28bb54ad03e358,bfeda553c3fdf83935ab3a1e9d7b4e1fe19cf4a064023bd363a4b46a7d63d3a4,p001,p001,no_gesture,16,2,accepted,,,,42,1.3920070999993186,42,1.0,0,0.33239359052740636,
no_gesture/p001_no_gesture_0017.npz,6e9ed55fbed26904585e433661ce839e13440be9c53e0a9719741abad4010947,a4d6f254ecb528e6225f233c5a1e3c68729dc46febcb846052d1fcc19839026d,c4624ed52d86573ae3b4ec75a7ecceaf08757a9095c80d1dd9cf71243a9cda7d,p001,p001,no_gesture,17,2,accepted,,,,41,1.359935399999813,41,1.0,0,0.3342164876204973,
no_gesture/p001_no_gesture_0018.npz,910357058c1f9e153f95c0c32932da451a2b2adfd9398a5a1c0e5b7837c28c7d,5a036e1d6b779ceccab6280f77c95497630957622639b3eb1f8aa6da277aa053,d5756600c8693b818b7baa2292d66ed91edbf3b7407d283c0f00a8b157ed9661,p001,p001,no_gesture,18,2,accepted,,,,37,1.2160721000000194,37,1.0,0,0.23404132919338033,
no_gesture/p001_no_gesture_0019.npz,ed80b60b01711e725e46fbfd7c506cfc99563cb63e0afe3f946d12acc483039e,468a701434dd940b70596da16f2cd11b3b34a84cbaa10fce41caaf5750b7c322,5253af0efab08240726c32c0283eeabaec0dbdfe519e448eab8f212ce9e61171,p001,p001,no_gesture,19,2,accepted,,,,38,1.2479974999987462,38,1.0,0,0.23124113233706384,
no_gesture/p001_no_gesture_0020.npz,47c8b17e77e3660adf8a4fc73fd2bd81697be0c6efb3f99dd43f2c23e450f640,4e0f857166d0233824feff137d6edf40ee67dafb997f22cdd2b7eedc5c9273f6,887ce5a70aaa560938256130e4ee5d32738beda8d82cdefa52ccc523ae469698,p001,p001,no_gesture,20,2,accepted,,,,40,1.311663000000408,40,1.0,0,0.20908543945466743,
no_gesture/p001_no_gesture_0021.npz,114138972203bba5dad694b795702fdd01fb2665fca92ba02a5671dbdfbed01f,fa703cf4dbf8bc403b0c835d9d1c1623841563040551f30ebd1605f380b2444f,dbc6c3802cf4956bbe817e8f3386e8e8b2d8decba0ec5ed05d726cdfef8e6ce7,p001,p001,no_gesture,21,2,accepted,,,,42,1.3921614000009868,42,1.0,0,0.21244076049580154,
no_gesture/p001_no_gesture_0022.npz,c5ec75f11bb213508c2db64ae493b4b1c396c603f169fba8ae070423b05294c6,718b474817598b4ed4583955e94685fef7616505e87659c03def5f499611cbd2,22fcd74fca9fd3ce5f3951a9cf3daed04882c7017374b008e7851f4ffaa64acb,p001,p001,no_gesture,22,2,accepted,,,,41,1.3598996000000625,41,1.0,0,0.2183370801291244,
no_gesture/p001_no_gesture_0023.npz,c763d534fdfe94f4a1b9d5c65fa3394e28a4ad079482800cf7a818fe13c4849b,d5dbea8b84b06fcb901c7466f07b8c5bc73e399991aa35b1cbc2c78f6f85b11f,b0736cdb7cd492e5828c49713663457cf831713d1348ee84ae103c9fed61db2a,p001,p001,no_gesture,23,2,accepted,,,,48,1.5838362000013149,48,1.0,0,0.21301651140699984,
no_gesture/p001_no_gesture_0024.npz,40b1ff513300833ed3bd0b3c7974bcf615b8efb9d639606d5bc81198f2b041ed,039d64cc073a2ee0fc61c2d5bbefc36f46bb5e1fd69e8324f7852f270a468d4b,e83679ebdc40fb0fb3677223275834d5e2e3376648b4de3e20a269c404e2d88c,p001,p001,no_gesture,24,2,accepted,,,,45,1.4880747999995947,45,1.0,0,0.21608139496072915,
no_gesture/p001_no_gesture_0025.npz,26a5b67990875be734b4a4400eed5f63f1f132af1a018f2c9d8e4fd4f82a1fa4,ab205a85832b29f79d998618093aaf4c9c1ad2d9a40cf90f71c3c9bc7418cd91,7fa93f427c7543309ebe729f2ff87ad47b28f821dfb5b61119e21ed4365c2173,p001,p001,no_gesture,25,2,accepted,,,,33,1.0882060000003548,33,1.0,0,0.24161987825981496,
no_gesture/p001_no_gesture_0026.npz,435e2065a553af725072eb374e5f2a5ca4fe9777c10ab5be3a692afd19459931,1d13550a732107695c9f749db83b989813973e17e0e644dc92a698ba48bc43fa,73f9fd34579d3868446250907ae0a2727603bb6c6018ebf6c659559b8cb2baa6,p001,p001,no_gesture,26,2,accepted,,,,41,1.3441180000008899,41,1.0,0,0.16891461371084462,
no_gesture/p001_no_gesture_0027.npz,6ffa1070a7aa2935b430e77a39c9e7cf2a91a198a38ab0cbd5887eb1b4dff5dd,9cdcb1363514103b7a28098f0d5d203abf4e13d5735ae215e51e0bddb4f025ae,328950211e6575ecfd248d5d55571d0077bcd90ab435a0c1aba200c52014246d,p001,p001,no_gesture,27,2,accepted,,,,37,1.2158689999996568,37,1.0,0,0.18025513094320275,
no_gesture/p001_no_gesture_0028.npz,6c7add11e5cd97192ca345787f2c457f9b4527f7c5448243b7078cb53d749df4,289878bfff84381c368268f9e08441cc6feb02edfc559afd1ae302a3ac9f763a,f6fb921c5e693ff76db4002a536326938fbb2c3cc1403118dc1f81a640345783,p001,p001,no_gesture,28,2,accepted,,,,38,1.2477444999985892,38,1.0,0,0.1722771758269894,
no_gesture/p001_no_gesture_0029.npz,383f3f9fb8386e9f231af5c98e6948bcdb767412f780d0687761ecd96135506b,0d0fecec9027f4fb9c6e1bb42e8f9dde9aa7b5c8a4a53977930ba8660e0fd8c7,4c79cc8eb7d4c98d1ab65940842942360b4fe328054497e2fd31ffdcf96779ed,p001,p001,no_gesture,29,2,accepted,,,,37,1.2158624000003329,37,1.0,0,0.2604018819235566,
no_gesture/p001_no_gesture_0030.npz,5729b0eddcb51574729839328a619a4b9b6892b09951d8e9b94a0b118f3ade35,00e571473e3ddf404e7926ac284c2f91f7540043135611aef779d299e97d401c,0dc84afe99abd31ff32fa1585b3cb0f1d55c6507cbcfb48b34da0e576c9784ac,p001,p001,no_gesture,30,2,accepted,,,,46,1.5204818999991403,46,1.0,0,0.251237063351304,
no_gesture/p001_no_gesture_0031.npz,9042fa4cdffa7061b54b41534a5184b84e1b3098e1fc5bcd92636e3fe9778aec,edc96f1a49a878eacfd02ac245b2610ee984cc4edb38aa2979143e2cc804033e,886a40801cde3a71fec4e9bb68e104ca3e260459f7f06cb740fc37913901bdb3,p001,p001,no_gesture,31,2,accepted,,,,45,1.4877595999987534,45,1.0,0,0.25974684178591734,
no_gesture/p001_no_gesture_0032.npz,a2d18d3b26360a1b45028d10e89eb9f2ae9eef0c858639342179a985787be4e2,d33408c4d6f80e2b1808d86bcf1053102fc55bcbc69b6c85f545a6f89c3254a5,138043d88c378bfb5df6e7849f4835b9e65337bb75b5bd290f11d8f99a158517,p001,p001,no_gesture,32,2,accepted,,,,52,1.7122120000003633,52,1.0,0,0.2474722584169552,
no_gesture/p001_no_gesture_0033.npz,5cde517ec176a011128b5943df4f7472435b01d309076dd549b699a65a928b7b,fb4e61ee2c8ad1deaa0602f38d8896cd92a6652f9ce06d3423d902e4792f9949,4fdbafdbb50ff3cf2dbaead02207152663a9f2f3046ffcd23ce69264a9c61521,p001,p001,no_gesture,33,2,accepted,,,,48,1.6002071000002616,48,1.0,0,0.2538703547891188,
no_gesture/p001_no_gesture_0034.npz,de884c246b0c8f14294e2a6d149af214abc4c65ecde15266ffae2a78237f06ab,44a864cb026a185e4bffed62650d77eaa4935024dda2a6e8e2dd7de8a1fb82ac,ec8bb1761b22ec73d985c4aa9c2670772879f5d619b7df168c291dd99cc853d9,p001,p001,no_gesture,34,2,accepted,,,,46,1.5200758000009955,46,1.0,0,0.25535764214064294,
no_gesture/p001_no_gesture_0035.npz,f5bf59a00f51a0c98a5298f4e6128dc7ddee1d69a1e43ea250662bf8dad4e5a4,2c5c3692a5dd44952354cf00880c289f15d344b0eb96b895980475d377f0b1c7,0bf957128f8302cf83c304055a382c75b1d869a624a8d72889f5768197138600,p001,p001,no_gesture,35,2,accepted,,,,36,1.1836222000001726,36,1.0,0,0.2670113695812388,
no_gesture/p001_no_gesture_0036.npz,224772303aae832ad93d5cb994148d9d0ac661415bf08b3bca6836ab70680ec6,788ef42a2533a75b758a81d9184b6779c36fac21bc2f4ada3378612e17730d13,57f984ad07d95dfc8ad6bfebc8f33216ddfb5a26bd466a2c716bd5c2dbb140c3,p001,p001,no_gesture,36,2,accepted,,,,39,1.2800798999996914,39,1.0,0,0.08212213514780387,
no_gesture/p001_no_gesture_0037.npz,a65af4e4165a078226950b129d33093f1e2d090845edcd9873bc282cafe98ede,17c149ab376388b2397863761bf1149a1d03e3b9488d8ef9416377fc682b3e9f,2160512549bb7f25d33d8e70e46c1fa715157eaeb9fc3538e348776d940361f1,p001,p001,no_gesture,37,2,accepted,,,,40,1.3282319999998435,40,1.0,0,0.08033496974494797,
no_gesture/p001_no_gesture_0038.npz,509ff236c2fed89089aba50116fba02721b309bb48780d5e12e2b64356ab75df,9e4a0c2c642a5bcc1e06661cd9d537d4e6702aa386b7d001dc107e1d5d50d887,8e53e671eaa0255c5a39f948c3ad95e6df262abbfe8f35f0c23279550a9a925b,p001,p001,no_gesture,38,2,accepted,,,,34,1.1040696000000025,34,1.0,0,0.1515666024309224,
no_gesture/p001_no_gesture_0039.npz,a263605916df65c23cc36d70cc729ad52d933ae76848f505281afa6998ad7855,f8515bbecdb840d6186e219ad08cc4452b7ac4e3a8eabe5271fc530c0ef44768,edec1fe64f002d7b6f46f3dab6ddd81abbb291005b7465f52d1384857861147f,p001,p001,no_gesture,39,2,accepted,,,,41,1.3602449999998498,41,1.0,0,0.1530902243984507,
no_gesture/p001_no_gesture_0040.npz,e1860fc19907632734eaa95ee4e945488ded4a1511fb92fcedb2aae0e45e7dd0,9b69034a0f64057ef7dbce40dbf8591059ca84b6e9a7fb3237f833341485a8c6,b5206de8fa5d4a501bb1187cd4a145f630608321a4dbeac12661e2f00b4f4c69,p001,p001,no_gesture,40,2,accepted,,,,49,1.616119999998773,49,1.0,0,0.15355451984055052,
no_gesture/p001_no_gesture_0041.npz,69722116d01fdd0e2671203079dc96a27356c9fde7367165608c2497edd5071f,6f669a1449fc5f5ec948a53f7800a54ee44acf08a3cad900c929a356092f702c,490711c1c11f94a2f0f39017bec3b1b0e988aaa5db107e92d91c1cb16d35b10a,p001,p001,no_gesture,41,2,accepted,,,,36,1.167780899999343,36,1.0,0,0.15367820652952324,
no_gesture/p001_no_gesture_0042.npz,e7aaee2f74a68b978319d5c7cfe9ab767d8ca9486b55f1b1e765239e9b76dd63,98ef900dd5afe62fa08dc971db4e3e9b0d1392eea9fb69554021f16aa57173b2,62ffe66b1f0dc3f29077e090638ecc098719c6c9a63268e09d05804df29cfea6,p001,p001,no_gesture,42,2,accepted,,,,37,1.2158901000002516,37,1.0,0,0.14278533885389028,
no_gesture/p001_no_gesture_0043.npz,e6c7b9c68fd110084b83c4958b2e563518e7f8408fca5bf697d8fce5edec8080,477017e93eee2c7f1554f418a9675910809e2078a58d2327d1fb354bb5b20cb0,783afbe4c59220562062603873524d53461ea4d040be2e93379c2319d1d85ffb,p001,p001,no_gesture,43,2,accepted,,,,39,1.2959864999993442,39,1.0,0,0.12007228758347167,
no_gesture/p001_no_gesture_0044.npz,d5c4683955492ee213763110b5a1ee90552ecbeaeb3c2bba37439de2d4f7b06f,d1db74092a91541117289eb13a100cabeaf586cf3b6cdaca9801e37ddd596f19,71507d68e6368daf3a17ddd5f52122dad27af221669736d8513a30c6bee5d97a,p001,p001,no_gesture,44,2,accepted,,,,39,1.2799968999988778,39,1.0,0,0.12792151979113964,
no_gesture/p001_no_gesture_0045.npz,8455508e997945668046a9d41706130bcff6de9a33590f9ed4f5d654a777c358,d4c310e7e6187cbd66392ec0aa96aea4e00f12a33ae53c8c998e8b96cbc899d4,ff3d7c22c7d6d374cff754b0ae30e46517fa9e14df7775925464b786dada65b9,p001,p001,no_gesture,45,2,accepted,,,,37,1.216213499999867,37,1.0,0,0.12755660037877137,
no_gesture/p001_no_gesture_0046.npz,673d341170e7d9cc17e9d7531c32318c3fc86225bf607e1dfbe79550a1545aa9,2807c9351304b784d5f714d4fa4fae9a286d2e2034936e55a06213214a232c55,323bc5bd9eea04dc55208df14c9ac2e88caf30e7014f6bfe614f810439ebf517,p001,p001,no_gesture,46,2,accepted,,,,35,1.1520115999992413,35,1.0,0,0.1839664467397671,
no_gesture/p001_no_gesture_0047.npz,dd87b4cd83bcb61ed7940bd0e4ab94080b58d78c66eef2166d9cc0b7f3e2da0b,fc147e09d6b6f64ecc9b1f4a55801f9359435de60926314a51fb68b350a5543d,d2338e54ef490bc3f603eb8c766eb16f85cfa23d633ddf56b3f22869b455aab5,p001,p001,no_gesture,47,2,accepted,,,,32,1.040315100000953,32,1.0,0,0.1891106734477154,
no_gesture/p001_no_gesture_0048.npz,3405f7019310b18dcaa651dc88c7e278bdbca80a7276e7721024dbf0594175ad,4cbb20ff0e365144fbefdde6bcdc6d8e2384585f466ec72023e4912d121072e8,7534f121001946e64974bced4874e2b845d6654417011b8af442069af004ddfe,p001,p001,no_gesture,48,2,accepted,,,,39,1.2802357000000484,39,1.0,0,0.18909791218072153,
no_gesture/p001_no_gesture_0049.npz,1491e3b4fdf9bfd3760a82d8eb961366d983a240f2bfc466aaa4f7b31c64441f,ce4e83442b1693a851dba169c72e3a39f636e4331c1c6583aec558131282e599,43e6d939563c7e35e93ddebb8b51163659d9949836a0d62e88fbbf4e44a3c19e,p001,p001,no_gesture,49,2,accepted,,,,37,1.2159207000004244,37,1.0,0,0.1340186678077186,
no_gesture/p001_no_gesture_0050.npz,d837643bde1d0f7967e2bfa4ee74fef07fdce99c3169dfa5481f17ba5b1d5102,88616357609043c8ff5690e707978a21af9fd667c9c907484c344f04bba1c073,86611856dd6f81de6ac3ba523865117520bd6ad796d08f22c718bb0a2fdd8b7a,p001,p001,no_gesture,50,2,accepted,,,,37,1.2159812999998394,37,1.0,0,0.1083756806715738,
no_gesture/p001_no_gesture_0051.npz,aa8d664c395743c6071b592eb6f191076125e96e2316bc15bbb85e515fd6796c,2920ed1c321f21b3eaefc30ff4e85aee0936898345e2089682d4a70afbf095d8,06841f2adf88c9eedad5e9f11f1d77c87835e09cfdeaf069b4fcd1cd65806210,p001,p001,no_gesture,51,2,accepted,,,,29,0.9437986000011733,29,1.0,0,0.1291640524696214,
no_gesture/p001_no_gesture_0052.npz,acd6c0cd2f6190fb5690c4092ffa183a3daa6cc6ca7e8298523e09a5816516fe,6cac591c35dfcc9e7e1bac7c83d2dee28a41d160d63ad82eec29c36d3df8b824,6db7f32ee545722ba3d4bde54c762a27cbcf6ca7b406de8967f17ad4c56f9655,p001,p001,no_gesture,52,2,accepted,,,,28,0.9121831000011298,28,1.0,0,0.2536055853450754,
no_gesture/p001_no_gesture_0053.npz,59fa5ab35205a549847dca97ba238186f9d87980e3225aee8868a944f6473ff4,57dc396aecadc4e8936a887726e697cccd1558c428c605d51bbb8832ec042baf,1a83b9e3554d66b41d2008648bef71120fe8417515269c82f6992cb66c040847,p001,p001,no_gesture,53,2,accepted,,,,37,1.2161852000008366,37,1.0,0,0.24547011783111947,
no_gesture/p001_no_gesture_0054.npz,aa58fb75386cee2e185545c309c2f8897b55c1a9b36a02e0d96efbf46436fb95,ac916c203e456d89700edcde655237ed915ac14a67293fb2e050761951606d73,5c384638dcdea3e34c9c130dfed9c5c00bce1769ade17bbf4e31602bfa7d5e30,p001,p001,no_gesture,54,2,accepted,,,,47,1.5522326999998768,47,1.0,0,0.24666870002918276,
no_gesture/p001_no_gesture_0055.npz,dc16fdda3fa06036370e087d3a3e5924cdc4ce44352ddf0221369c67eb892749,8f009ddfe8fa987eb8c300b7aaeafa84fa8d453d01060bdc54c161cadea4372a,776385782b242552212bc3da4dcacfb04e4377f5e0c4943d59aa36123f5168d5,p001,p001,no_gesture,55,2,accepted,,,,38,1.2480702999982896,38,1.0,0,0.24499573519869605,
no_gesture/p001_no_gesture_0056.npz,319994418a526d4c9ee46f073e017f7dc2e98b4a1413b40706166b7c61b09233,3e1214e023a8a31c96aaef36449bb82928c5dc6d3801c3e364077618def5db5d,4bdaf1aba481b5be58ba3c5e8a551196500dbd2402c6549e74a6c7c3dffe4aa4,p001,p001,no_gesture,56,2,accepted,,,,39,1.2801274999983434,39,1.0,0,0.25359724335205075,
no_gesture/p001_no_gesture_0057.npz,e853c0f85b4e57311c31ec0a1c7ce5fe34321b3647b3b2f30c66c3590815360a,e66181c0fbce4240130b337a32bd387279e54dd1d2068205de145b33394e89bd,2d8212ddb1d383099c31313ed20062f4c5ce7dc89553385c88e85580766145c0,p001,p001,no_gesture,57,2,accepted,,,,37,1.216173400000116,37,1.0,0,0.29700594178403344,
no_gesture/p001_no_gesture_0058.npz,19ae80894026aed9d383795ce6d1603461179a5092cd82555f78fc5b1cff491c,8c0800b3b42405bb353ea616d5c548a3a6e3e94ff2a72a50776469487e06cc26,44a6e90104df09a2559f3273dfec92e8d68d12f4ed46966e9a02786f14431820,p001,p001,no_gesture,58,2,accepted,,,,38,1.247945000000982,38,1.0,0,0.2990687156432923,
no_gesture/p001_no_gesture_0059.npz,fc995dd379c0101658244de79adb41044c657844c726fdd6cad5659ca384ceaf,d1785f9e8b394cd776050f4768360e6ccdbabd8ca3ce73dd5ddd8f46f70f5d67,c70591597ec51aad923a715b8cc6f555ec6211f1c37092c8f611d12918da4dd7,p001,p001,no_gesture,59,2,accepted,,,,35,1.1360975000006874,35,1.0,0,0.33636501251954043,
no_gesture/p001_no_gesture_0060.npz,c87f8ca86b6782f2c477e5b6d65def7381f539ed0dd444a87454d5957fd870c5,6bc1387596eb8874348bb85e71f31b2fb3bf10a62e8d5b91e0320fd149e26a3d,beb84f4c0739aacf72df4ec04b6f6f3b35d8427197e33617325afb9d9dbde269,p001,p001,no_gesture,60,2,accepted,,,,51,1.6958990000002814,51,1.0,0,0.3314630575842339,
no_gesture/p001_no_gesture_0061.npz,655b6257dea67da5283f8096bf8aea6a6fb0a6da52cb953b2c0c78533e06b4cc,8a6e6ad245f712ec1ea36dc9e205c3c3fca3ce92f8d5d4c9e685a9de95d3ad2b,34fce3f3ae9569d98f99167eb8bdb3b98bdfd19939da7eb0853544ac5e08ef80,p001,p001,no_gesture,61,2,accepted,,,,33,1.0882612999994308,33,1.0,0,0.33135524514564,
no_gesture/p001_no_gesture_0062.npz,de72aefaaa0b6f9c765daeea86092fb63d7c82d62489bed940e6d789b21d11d9,e9d56b54208364beae585961cf516853627d615377c384b4bb8afff497250659,c8c79469066c7bcb4c807b1426f898cf727934e6f9c5c58c2291404120586675,p001,p001,no_gesture,62,2,accepted,,,,41,1.3439064999984112,41,1.0,0,0.3325859506632977,
no_gesture/p001_no_gesture_0063.npz,e06c0859740b9106e90c9f320e53616e9c7b397e2be6d44644705d529c4357a6,c2cd3c81cc73707a3fd8b746db4714af164d469015703c150c3a91f40d480565,396cca95ab807602485e7de58d9276293b134bfdd1f32dadb3b914eb4c7604a0,p001,p001,no_gesture,63,2,accepted,,,,36,1.1840396000006876,36,1.0,0,0.33036622721320197,
no_gesture/p001_no_gesture_0064.npz,c9171b73a348ec96c95644fa845d1fb883722570e821fefe74aabf467e35341a,37803da9b0fa8f735265b42d9bf9bce7f5c5ccde0dc14eed39e5dfff92e2b2ff,794f4d7cdb5dd63157a6caf6ec8dcf97596c259bd8883e54dcf38e103fa9a420,p001,p001,no_gesture,64,2,accepted,,,,36,1.184099599999172,36,1.0,0,0.3358866966349022,
no_gesture/p001_no_gesture_0065.npz,bc5a83ae36d300ffeda51eef53c13d84e736ea0810da04bd0f788d6e7eb67393,d8b6aca9912b049a31950c3fe1ac90b989b6d6eb9e62d73b427ce31269747898,07683d16ae6991f61f816bf5608e28978ee35b9d7095a8f1429a320ed1ffb987,p001,p001,no_gesture,65,2,accepted,,,,32,1.0560169000000315,32,1.0,0,0.36505166786264404,
no_gesture/p001_no_gesture_0066.npz,5523febb00d8c2b315ef43ab9994054939a9c90c806745677f0b2d91b1882a05,54d6772e898846f96163b58f2381516b4dd935f36ca58317d66f602111a1c3b4,d154bb77c5ee8dc09c57a4d45661159793fae5f1c94832492da9c346567fff1d,p001,p001,no_gesture,66,2,accepted,,,,40,1.3280735999996978,40,1.0,0,0.16485616637237344,
no_gesture/p001_no_gesture_0067.npz,5d7cb3c92eaf4812382d2b01495745c6f82fd8204f8b5316ba16d56b12e0fef3,21ed636fa3166706b45e5e2c409f2027bb279688b6134422cd17ee9702ebfb68,519e4908374b3cd3795c4e15c485a5fb0d5ec1ba6da39e6b28d32159ade76fb9,p001,p001,no_gesture,67,2,accepted,,,,39,1.2959267000005639,39,1.0,0,0.1567813093379739,
no_gesture/p001_no_gesture_0068.npz,81483c33fcda64b2bd3422efda3f023fe5272250fba6d44c7970b683fee2cbf0,c840e06f60876d64ac39e91e1e673a7a51394f029eee479471c659c018eb6359,15641d5e49300eae24c84d03b0842da23cc3ea639d8f337bf348db04ab723b0b,p001,p001,no_gesture,68,2,accepted,,,,42,1.3759701999988465,42,1.0,0,0.15388364315830586,
no_gesture/p001_no_gesture_0069.npz,eadb153a8f8a3807051bdc982328aacec01048c8dfb8d61b5e0627c9a949a82d,bfce6a1149ffeec66443463eee316c93c27fca67e8ebe2b8bc4ef5455a4feeb8,077946df199c568956b3cf3e89e2a136df3d6b9f8c2a2a09ceda69eaff2a8688,p001,p001,no_gesture,69,2,accepted,,,,34,1.120108800001617,34,1.0,0,0.14869141883980355,
no_gesture/p001_no_gesture_0070.npz,72fb51912e71ce2481fd896d4c8b008e5359b85e4a78f53a4d8e2bffcaade4a4,8d381b9bc9621386d99e90855a5b1bf87de22d3881421772e29f40ec9966c7e7,b6fb3584c5b1ffc6e56efc921c44021b12bf4124cbdcf75062096cecf3ce6fc0,p001,p001,no_gesture,70,2,accepted,,,,38,1.2481368000007933,38,1.0,0,0.13549651967630716,
no_gesture/p001_no_gesture_0071.npz,c1fd8a848ea3307e40c363dcce7d20a491d60dc7dbd1601e4e2bab243051fe88,491f2cfca045ef3d4b5433f3463678826089fd63e4e3f016ec3207231fa27fe2,b6816a810012e39a200992cb4cd0abbbc3aff8b284738fbd6ab59f1c4ba9e32f,p001,p001,no_gesture,71,2,accepted,,,,30,0.976144000000204,30,1.0,0,0.13403548155923695,
no_gesture/p001_no_gesture_0072.npz,111935b2341e17cc6ff81be74ce4900a2ac897501594550ad1ef1c1d1ed4eb7a,a275778c39101ffd3c02debba9cf4dd3c51f6be1df68df3bc2ad1c087df6807c,042c8aee86f43925549ba58b1323a815530e7af7b544e0ad085768753c8d3183,p001,p001,no_gesture,72,2,accepted,,,,41,1.3604085000006307,41,1.0,0,0.16681536721100568,
no_gesture/p001_no_gesture_0073.npz,f879aa081896382c052765fbd6df1b7435ba8291d3aee0125a3f659fee3a311c,5202995f321517df50d8839f1c58c0674c8a55a1faa6905a94dc8baff4595ab8,f12844996aa81019169385b03d347e3c7526c91b4fcd067a00f7709d45f646a9,p001,p001,no_gesture,73,2,accepted,,,,45,1.4883821000003081,45,1.0,0,0.16906068458761989,
no_gesture/p001_no_gesture_0074.npz,6039f8dcd87f6fd9249145656cf1970008b4de91cccf231912eb2c5fd9c067b3,2b5bc280c0f8a200dc87a4029b61c76a6a1a9ce2bde42d431c0f181ba598ddd4,bfcf624bb901dd85584e5d01db0f21170913f0b36055b8f51437a0e2b1b0027d,p001,p001,no_gesture,74,2,accepted,,,,50,1.648079399999915,50,1.0,0,0.16260386862543885,
no_gesture/p001_no_gesture_0075.npz,73a49d6e7cdb65069d2deac3079303e85b25b572cf7c7c01de1a030102a61394,37ae2aa018b86e14b033e6000f2370701b5091da57ef7ae5d6088c5ea91517cd,3339695301eb789b72f6a8dbb0d5f31c4592dcb0e50cc359bf49c3357bb78ab5,p001,p001,no_gesture,75,2,accepted,,,,47,1.5519046999997954,47,1.0,0,0.15722434730408688,
no_gesture/p001_no_gesture_0076.npz,368ea590bb7f4c9c55996c4293a02f051e7ca56203c1731f761cc9f6caeb9e28,790a5c9d632568c2bcd9dfb400d112fbd034a3d1728ebcc7ff43169adc642ae5,eb2b479f6b2ab31662f2dc9d4ae4bcdf4bfe024d1399c8e42f259358e322f1d9,p001,p001,no_gesture,76,2,accepted,,,,44,1.4397016000002623,44,1.0,0,0.14494643481190844,
no_gesture/p001_no_gesture_0077.npz,ea196963ba83ff07753b8a3b19c2f5af0aa96d40c357d6cacd54a449475cca14,13b40321f0439f3c2e6a2095a122e713d187d1408ad6a1101730a1ea86e23409,776bf82bf9116bd5c3dc1a398019acae5d447e5a7d31706427b6a45d028fa7ff,p001,p001,no_gesture,77,2,accepted,,,,57,1.8878349999995407,57,1.0,0,0.14548169367400415,
no_gesture/p001_no_gesture_0078.npz,bd727b3c09c347dc95bbacad770f5aa25dda9353638b62996a2856eedeabf7a0,9bb32359189839bd9e8dd084b14ca1c84ba1c74f58c68abdb0eebc66e36f4878,df3b35892325c765b4a684a7a52580fd96e22666ae7689bae4e19001ae4ffb26,p001,p001,no_gesture,78,2,accepted,,,,51,1.6801739999991696,51,1.0,0,0.14712608161686097,
no_gesture/p001_no_gesture_0079.npz,91295f6efbaa681e69a7ca04898030c5ab2ee4adccb1cd9ef0289f498670dbf3,df786697a24dac71e41ea4b0e95d53ce6b26087cd227ab93fb98bd450ccb6ec7,3b26a33fe2178c1598974933cf4baec7638c8922d5fc50b6a675b719365fc5db,p001,p001,no_gesture,79,2,accepted,,,,37,1.2160557999995945,37,1.0,0,0.1482014863404418,
no_gesture/p001_no_gesture_0080.npz,5a4478da90d97f3d87c3cda19f5fb8ac3438e4c3fa26d3c909fd7fe160b9bad9,a3bfc44304e8fcf11590306abedc9ff7eae305fbd04f648762764fc55b74e2fe,1afd596c512d6a40e7d73e0649ca8ef8f1305a1c3e3aef4e5481076ee5ae3ed1,p001,p001,no_gesture,80,2,accepted,,,,34,1.1042202999997244,31,0.9117647058823529,3,0.16670346664764057,
no_gesture/p001_no_gesture_0081.npz,8ed775c9c62d853430519f1b2d57096836f3beaf6693356a2b531595a2c5281f,8558550fc1456ac81023388861d45626c63a113355f1526234ac5c2db5575c0b,6bd4c86279710acd87cd31c9e056fedc32cac84be1ad0b4146d6e4a6d5457d27,p001,p001,no_gesture,81,2,accepted,,,,42,1.3919514000008348,37,0.8809523809523809,5,0.14811156137293713,
no_gesture/p001_no_gesture_0082.npz,28acdbf20eb29bf9696834092d4def9b4f32eb1a5e388c7010599eb4cb9fcce9,630c26dd7619d43e8ef086eb048ad363f7c7901711d27bb11dc54a57d614ab03,74bf56066a83a0c652d6afea32f841b6b40bc96f1cf5abd899cc7f2905d070b4,p001,p001,no_gesture,82,2,accepted,,,,39,1.2797037000000273,34,0.8717948717948718,5,0.1538480483495945,
no_gesture/p001_no_gesture_0083.npz,481690612a05aca77e942eace9c239e6ed03e90528b6557656b097e7457fa445,22873e9ace359d677ccd48b295a1bccd330b1ed40b682721f2f0616468e75a08,46a50f8d680263677a4fb8c303bdd579c438cd73b34ea7ec389aba1961162ebb,p001,p001,no_gesture,83,2,accepted,,,,35,1.1520412000008946,35,1.0,0,0.1527190230498251,
no_gesture/p001_no_gesture_0084.npz,36aa4d2ee54411483ce87dc77a4d4ef87d52cac74930f0a7405fb135922fc6ee,f2f7b53432be179d5044e10bfe4efca9ac9499f2980ca1ca785e3382c6c7a220,be18c069f104aa34b498fda9a47a5f95bbb84a763d72928fd3d8b573a253fa7e,p001,p001,no_gesture,84,2,accepted,,,,38,1.247853099999702,37,0.9736842105263158,1,0.13760390531078015,
no_gesture/p001_no_gesture_0085.npz,493a4ecf5d0241264c4843ac96178577d24c0ca816feb1aa9f6e1e99145817e6,5b916c94c0824f0431558eab06b98b8f3915d59049a8bb39e70b89c46c8c4df0,01369c058d5293e5a21b7c416f0f958b54a6ee54dff459cf29b089fb8205d9e2,p001,p001,no_gesture,85,2,accepted,,,,38,1.2479913999995915,38,1.0,0,0.13617120258715293,
no_gesture/p001_no_gesture_0086.npz,ec87aaa50e068b209e848eeeb2f4f9aa6964662916e2fbb414e630548eb5c4d1,3112d1a87811cf4beaaed6722a2a74d398c6ea41c991c27842bcdad7cea82279,aa3da22bc1bc366e34c953ba52e09db36d2fd6a0a2b626274248c8fba59ac050,p001,p001,no_gesture,86,2,accepted,,,,41,1.343970599999011,41,1.0,0,0.15789046463329212,
no_gesture/p001_no_gesture_0087.npz,24a0e83b8244856983a2bf889a9d4a9a376a428ec2b3024e6b75a626a6a20d67,b27fb19268dea637046fc2bd4b145826dcbb055c178d1cb36c623af66e0e035b,c9efa17017f78040fbf7eb4228293b0137d32d70bbd170acd2efe758a5019398,p001,p001,no_gesture,87,2,accepted,,,,39,1.2805539000000863,39,1.0,0,0.15770532056016498,
no_gesture/p001_no_gesture_0088.npz,fc20f767e1cbcd55b080bf6de8196226d3761ee1090c20f24f236a364bede912,6efe11affcfa25738239741534c773a3ee4b4c5f70d71587b45fc7a9b101cb44,913978af6cb6d73e92f173b880df14c46c5d7f59037fee0ec9cee3b73fa77642,p001,p001,no_gesture,88,2,accepted,,,,40,1.3120139000002382,40,1.0,0,0.1566030955785412,
no_gesture/p001_no_gesture_0089.npz,34a4d01a5ce57f471c2dc24677c1381788c8ab49dea0deec6c08e313c9be0ef6,45e433be8e3ab6cce2895f9b29356b7a092727dd00fa5067828acdbb39035bb5,1f3ca8c48c182b46d7bcc2fc8811a5121260f466544fa0d78670c797cb75d138,p001,p001,no_gesture,89,2,accepted,,,,41,1.3442221000004793,41,1.0,0,0.1564929831321534,
no_gesture/p001_no_gesture_0090.npz,da0e96a61b08de6fe691cdd3ad3a8c8df14a940c64b50420317785e4534a5ce4,d11a7fd973a4ba1c74f53d093e454125acda0a272931eb85f54bf0fc1d6d03cc,7a6bdb31c66fd62d149a48163ed718f595afbea4e8fa2521084a2d4cf6adc7d3,p001,p001,no_gesture,90,2,accepted,,,,38,1.2481422000000748,38,1.0,0,0.15634156165096727,
no_gesture/p002_no_gesture_0001.npz,b6fb45c09c9fd7e4d3418ea0fa32713d701a239bc163ff1c2cca4e43f79f3b47,53e75e2ab8e0f6d88fd2af5dc43975e7bc3ce32437642184ee37387d51e49fe6,962fb1f9f4dec7ce8273b0c3da23b8cf1500a3ff408e425fa778b9d4802028f9,p002,p002,no_gesture,1,2,accepted,,,,92,3.0289015999878757,92,1.0,0,0.2503750103816562,
no_gesture/p002_no_gesture_0002.npz,a1de0fb4b4505d0896c230438db4073def2da8a18f531113a3ce554d1f3601b4,ec3f4b310ac6566df69323d9866db41c745d93c4bf5fedefda5fb306ff6dbaba,8c9ed899b56e00995f5d08c544a05f68f5da3638d5225dce5e74e612932b6c7d,p002,p002,no_gesture,2,2,accepted,,,,97,3.183479700004682,97,1.0,0,0.1815434168470329,
no_gesture/p002_no_gesture_0003.npz,b91a3fd24305fca37759c7fa847ca614806006ddbd98967e052dd1f6fdffe309,eaa3953f17edfb5475e675e4d000d48b8c6a49ed13461450f82554806cb57b35,dbe00da55c36a8e6fde5c153394f36071f44d7a4faf467993f959d8dde79f0ec,p002,p002,no_gesture,3,2,accepted,,,,83,2.7102938999887556,83,1.0,0,0.25381271046159054,
no_gesture/p002_no_gesture_0004.npz,f37cc7b5223dba2ae5bd35d8057a85cafa345b03b21bed88aa76979779bd2796,8828e0bc6247ee702540e41f1bb41a1165ab0e569b3d5c80e1ff6235972d14f9,9eba4fc1a0e9682d09a782eaec7cf22b0412a160231045080ae158084f6560c9,p002,p002,no_gesture,4,2,accepted,,,,56,1.842225900007179,56,1.0,0,0.24673644948545764,
no_gesture/p002_no_gesture_0005.npz,823d0c910666a5c83d5faeddbd9d8dcfb949fdf834e5b366cc709421e9c90e2a,1f75d1393654b97d9fb95f69d8ef4281a44e1fad0202fbd5270b4164f20f7b80,0bf2adb44b7d71b93a424c43d5cdc7e2f1d45f54c21e4854bbe7e0873026c908,p002,p002,no_gesture,5,2,accepted,,,,58,1.905457499990007,58,1.0,0,0.2608384068328924,
no_gesture/p002_no_gesture_0006.npz,d4e7110c3c34aa2613253b73dc0277545406ebd6f4de895d76e99f11263de5cd,90b33c91839fa23ccfe309c1152cc0f04aa99260f40017858a967aceba7698e1,1a1d879f868ebcef820f7c7a2b9b6d57a33c5a249e0bcfeda6cfcd34be3ae267,p002,p002,no_gesture,6,2,accepted,,,,82,2.6859835000068415,82,1.0,0,0.27265392170841624,
no_gesture/p002_no_gesture_0007.npz,9b34e9322a51713239b22ce486df9fe1dd49f2d24f3e504d171a4778c10f3d19,b031aa544b35fe9ddeba1d74288b2d24fa85fbf97ab9c24fcea8ba62d91535e2,8093e09a5f8575a651da79800f99b4b0ee73844aa36767d44c38507a108ad442,p002,p002,no_gesture,7,2,accepted,,,,59,1.9182914999837521,59,1.0,0,0.28362689697294546,
no_gesture/p002_no_gesture_0008.npz,770546f15c827afb2a3453d75015ac1083481f6e33d60fa0259a962e0ff579af,83833d4dd721d2daab908c0387218a4e5225024e701c46b78fb0f9a673a9ff7c,2d08fb32269aad43a0a11cc77f45bb3cb02b470b79ba3fc17c7e21576ee31ab4,p002,p002,no_gesture,8,2,accepted,,,,110,3.63124760001665,110,1.0,0,0.32213526771143675,
no_gesture/p002_no_gesture_0009.npz,fce6642dafe042891da1c1ce83efe04a2ce16e2c42763f8e8d58cf25fb62afe4,dbf7b2f336520729700c280055d7c8daeb6602a0e2d4ec972d2a4f7ff6cb7d3b,9e81399bb4fa705225ccc365de133e17761adbc68482cbad4ad0a2679f72152f,p002,p002,no_gesture,9,2,accepted,,,,90,2.958484499977203,90,1.0,0,0.23890760581255893,
no_gesture/p002_no_gesture_0010.npz,97693a773fe507865a27f89f926addf6257553749b7e0ee73d0d906a6845452e,0ddf7ad5ba49f50b5d9cc93cf7b4e2f54078a43258c9cbd0a07fb3cd4f27706c,db9bb179618ad1b74ea7d638f49d1e194a5ab4979b0a8546ec7f21d3f014f693,p002,p002,no_gesture,10,2,accepted,,,,60,1.9672153999854345,60,1.0,0,0.3473159544122212,
no_gesture/p002_no_gesture_0011.npz,25cac3f33dc62acf7723a94921949ae06a2918012b816485f2e51c842327b0a0,e03ab089656029c01c3630bca4ed5511faffa9024a83501a8db168bce1ba359f,a162d127952fcc0843c86250d9af5a07affd534b3f38ebadd84b4d8dba8f5266,p002,p002,no_gesture,11,2,accepted,,,,60,1.97417700002552,60,1.0,0,0.3154736582944135,
no_gesture/p002_no_gesture_0012.npz,ecb1265273d99112f05a9a5d23e80a069ae59646997eaf06942d690657ba7c11,ebc456bd591198bc290ca84875256dca007374b07cd4472c74262147f8513e07,1d504ac61aa81a3912cf6026bed3c762fe2f600b7006f571a13c3f426a09f0ac,p002,p002,no_gesture,12,2,accepted,,,,98,3.230355799983954,98,1.0,0,0.29647103999829316,
no_gesture/p002_no_gesture_0013.npz,fb98c578ffe2bdd0bf86896b5eede37bd8ba8f6747b408e7c607b5b18fcdaf10,10cb2ddc8f414841237c113dd63e5da6b8717945481f3f69388ebd7907c1af00,14110b21e4e1db02ddca6aad87ece579695f9224b40300a3ba16b78886bf5036,p002,p002,no_gesture,13,2,accepted,,,,40,1.2957893999991938,40,1.0,0,0.19562090113013142,
no_gesture/p002_no_gesture_0014.npz,abd480d877b2b6e929081fab1828fcc7003db671c79df403f6c0ca31c98e58e7,1c764da52f8cc088856b4025fbf8a5fb421fac985c8d1653893d2ff5386d7ba4,8fb637fef14204222590ebb7e9c7747518c5ddb85a54aacbd1a27f2c7a0e8671,p002,p002,no_gesture,14,2,accepted,,,,68,2.2101432000054047,68,1.0,0,0.20029233424984422,
no_gesture/p002_no_gesture_0015.npz,d81acc9296e72d7e390a4b34441502aa61a0cd860941ba5c1d9bd0b2e813a1c8,240b304cfc6efefcb8b6df9cd0a0df6538a4e854c0778929848dae7816f4d515,a6a4a7de0c31bcb29a3dabc16e0fc0e52d4174ae1a8e56c5c83f8f8a60776f51,p002,p002,no_gesture,15,2,accepted,,,,63,2.064833600015845,63,1.0,0,0.1571475543507588,
no_gesture/p002_no_gesture_0016.npz,d7266bccbcd21db40dea3cd23b5c09892e701999a941616a6cf6c7e9c7af7ad1,96debe2d75741d9b43c40d7556e19059bc2b14a76e702862544349efd48174de,07797d2eb73f5275f6b53c07bafefffe021a0f8dc3c6f814e0e91a2ba111f4cc,p002,p002,no_gesture,16,2,accepted,,,,84,2.7455338000145275,84,1.0,0,0.14144917721879283,
no_gesture/p002_no_gesture_0017.npz,3587641da97e20853908d0611d7b7c2953ad51631bb2f73123340c7b12266213,435871b5d9497f0c9da1cbb869e948e647b7a681fbeaabf500ec167b417b0ce2,ae06bfd0b7eaa5c2932b4933bdf8675bd2908e17d6b53c0f4b8d9592c59f9123,p002,p002,no_gesture,17,2,accepted,,,,95,3.131717700016452,93,0.9789473684210527,1,0.17302687453419405,
no_gesture/p002_no_gesture_0018.npz,24440552457ead8a66f34dc729df5eb2f8acb6953e6a82a78a1fd0d9a40ea3af,0feb8dbb01591fc8e6b15719fc5d21b4c6a5703cd3a996a591693432b75a9839,6eda170f09fc8da3cfff0378ce0caf8eed58670a025ba54de35efa3c0c82f254,p002,p002,no_gesture,18,2,accepted,,,,73,2.3929692000092473,73,1.0,0,0.13516925009693365,
no_gesture/p002_no_gesture_0019.npz,ff30ba74dfbcba22d06dbd2962d95c534c4d770fa2d561b914c26511c2e21623,09326de2ceeb02e67f818bd37cd1f5f4cecbce4242a3fe401e43d11d9d2460ee,ac6fa5a840eef509bf979584492e5326bbc83941fd5a72e955c8c0348683c88f,p002,p002,no_gesture,19,2,accepted,,,,132,4.344672200008063,132,1.0,0,0.1335453365989403,
no_gesture/p002_no_gesture_0020.npz,0ff596fc6035594782b86152ccc3636440683683ff5fbfa55c935bd1c320cbab,83bf862b24063066bb6c39b657d04dc26de4ec81dd70e54a83a0eaab98f69223,9b3a657c7df0783fcad52a422a7c363ebd822a381c65d8df49ad99f61960e581,p002,p002,no_gesture,20,2,accepted,,,,116,3.82116930000484,116,1.0,0,0.18819559133036756,
no_gesture/p003_no_gesture_0001.npz,510771a35878c64ea39d9ac9368d70285949cfb6e67f24eca044ae9f437f1765,d19938f80ba656c86c49c9b2725320181afac2f40526da7b79b63d94b7f165fb,51a0380bc2a75ec912462fc2b1bdb658d22d998c4a55221ef80df08848189731,p003,p003,no_gesture,1,2,accepted,,,,20,0.6403198000007251,20,1.0,0,0.14482648906205575,
no_gesture/p003_no_gesture_0002.npz,6e1eb0a070013eef5331b9265f25572f37346a3bcaf6fbddb8fe393e2789fd61,611e187db8875fa6a192d8114e1b16d0891544e698af4581cc1d24fd12fd97ea,ca3c2e053fc2c7b5ed10a7d70da32374d52356704ab017919cd71f3d4a67a025,p003,p003,no_gesture,2,2,accepted,,,,20,0.6560435999999754,20,1.0,0,0.1563384950677562,
no_gesture/p003_no_gesture_0003.npz,d8ae49fd7d9412deab4ab256e6efc3db2cde74ae21d1b19b2f58582dbb51d6c1,ddd51ffe808a345188303decb762bc073c06167a734cfe9c03c12c6abf06f29e,b4821d2b0c4f24f002016353f20d413e11cd1d2d6479adee1cabb744840f8dc0,p003,p003,no_gesture,3,2,accepted,,,,23,0.7357606000005035,23,1.0,0,0.16498971711160168,
no_gesture/p003_no_gesture_0004.npz,d75425358e41c2797d82aa6c45066d52e90ed65a5541680c75efffa216702f0c,0270e28616feceb18d4f1bb270e792c3ec36978168fdf447869172cd435953ff,c7b751c39bf5912f9c21a6515024755b208dcd3524aaa17362408b8ae83f497d,p003,p003,no_gesture,4,2,accepted,,,,22,0.7039970000005269,22,1.0,0,0.17353435075346396,
no_gesture/p003_no_gesture_0005.npz,422a46393bb1ad9918e80f2322cf820e0bdb3fd9f869a46fdc40bfd6d47649a2,16c4d4b8d9395cd71f2e9d138edcb1352beb868c972ffe2ff1fd39230171c8e7,330ea0cfcba034b976226891c943d974f0b4501538f01ceefab90a009128c91c,p003,p003,no_gesture,5,2,accepted,,,,20,0.6397474999976112,20,1.0,0,0.18745621213847113,
no_gesture/p003_no_gesture_0006.npz,88be7511a3aee8919cd4ca6ae47fdcd0d2fdd32b29aa4ed3e8c3c016d4a7d3c8,0916a3d8c69691e742c9b5186f9c39960dee0b2d05f2aaa3abb780289b788e8b,d8310a334d2b9d32a7d0c58cd21600199786c4226c4565212e3e8dc6b8fbff9f,p003,p003,no_gesture,6,2,accepted,,,,20,0.6376830999979575,20,1.0,0,0.1444677399990098,
no_gesture/p003_no_gesture_0007.npz,49f61a7638eb2320c681f9c101cf1aa9e8c5fd5a73eab562b979c81f7d64fd24,4982750d82f0b5437759b025c23e33c291c41d9c62a43b85bb39c705daaef868,542ed8e38a187cb17119f90a6a43163302d4cf3a7845a5742b776a519ae93c50,p003,p003,no_gesture,7,2,accepted,,,,20,0.657715500001359,20,1.0,0,0.17168994783948854,
no_gesture/p003_no_gesture_0008.npz,ded40f9b41c4b0fe53e268fe34a5156f4e669516e81cfbb73e039d6b85ae94c0,5fa2e31e2cce3c6a08d47cb5a2dd2e9a7c97cfd2ca927e6ebccd16eb9bdce7ca,76c4501f93f7a9c7b58d7973fa8eeec0fb1a3566594e00e0973e8b5af310e662,p003,p003,no_gesture,8,2,accepted,,,,20,0.639229799999157,20,1.0,0,0.0941172251348834,
no_gesture/p003_no_gesture_0009.npz,641cad7ef375e4acc98049bcbb190e19b4e7146f42297d884152f4b442fdb50a,bc079fdda3d7f8afd74432c5178fdf332a5357643b7c60996c8de99513e67b0f,d67717b02215351530a374e6ac381badcc390e8a7b55152c91091efee171eb44,p003,p003,no_gesture,9,2,accepted,,,,23,0.7529993999996805,23,1.0,0,0.10214921132777675,
no_gesture/p003_no_gesture_0010.npz,1c0bc428ff22728874dbaa21b45cee521ac6ac8181933be4d9407ea6b6a2602b,fe55fc88daafc61d13374b1c694837a93295f2c5fd501911b63409f0d3698130,4f403b650c8e8a47146b5224918dab161978739503332bf96108c230f8ab1568,p003,p003,no_gesture,10,2,accepted,,,,21,0.6712447000027169,21,1.0,0,0.08044113608595062,
no_gesture/p003_no_gesture_0011.npz,a1ea01e3fad44bc318079981d873320260adcde7940cfed305b4946bd1d1a1d3,a5db377604c2a36412aeb069db4e1f67ad07d0b8f17b7976d6cdbb0e326a85e3,dea8b03a0d473af0e8ac15d305158471cefbbce3bc57deec4f8141645bfd90b2,p003,p003,no_gesture,11,2,accepted,,,,21,0.6720568999990064,21,1.0,0,0.10745771224183398,
no_gesture/p003_no_gesture_0012.npz,af99609b8a7f8929aaeced54898443070c94df7344861971cc64b945b48c9d1d,1a225430b7b45c6b1a2e94d54f9c05845d7ceb1d0fcd7f4ae7e429dace5d1046,20c0dec110967b5461a6859a453c7462d4546485315b00dac55767457da5a949,p003,p003,no_gesture,12,2,accepted,,,,27,0.8799773000027926,27,1.0,0,0.11220147268221566,
no_gesture/p003_no_gesture_0013.npz,83dbc413580c61aa449adfc328a84b1e07c1f4339e601e9dfa58ab21c99a1822,032c3fe9a95ec011ef31570cb7fc0ea9a4eae2d380d63500f878a59bc289bc10,b7070dc944b4ec26bf733919cf49adcf99a2a948593bb03f797b2f84c48af1a1,p003,p003,no_gesture,13,2,accepted,,,,24,0.7696371999991243,24,1.0,0,0.18932389624768814,
no_gesture/p003_no_gesture_0014.npz,40193fe902a3a5d60dd1f50938486fc9283cc84106aad70156e721940c721d73,cb12bfd50a2d37f9ce7e4dc45d7807480722e3bfdf8de13cf22b1064f88398bf,8f37ebea1274ffd7d857af6e344b4f9f1eb902165c60e5909718a0c0e7bf302a,p003,p003,no_gesture,14,2,accepted,,,,27,0.880127899999934,27,1.0,0,0.2297916509831399,
no_gesture/p003_no_gesture_0015.npz,dc9de2a57db15e83c4512f1f6636f9b8dfbcd108929e51068321d4c9249fa904,b824ae0c9f350994ea07bc3d68a5611da90f8bdea9a5b8a1b2e1867a472b6fd4,ce057448be366163c004d7e1a92254bb60ebe229441cfb452f06536fe03f2eba,p003,p003,no_gesture,15,2,accepted,,,,20,0.6553471000006539,20,1.0,0,0.21355252482156536,
no_gesture/p003_no_gesture_0016.npz,76d733b192cce6004f724f1d0df39613c7fe274e7f4d41ff3ad9d01e36e1fe3e,91f8010ceec37c6534ed05f2de1b5c8e2d40b55b1534a328588921a2f9a35b74,8b8556205411fc9134865ddbb7388121ccf4b922c83e0ad10a28da5915e9e80c,p003,p003,no_gesture,16,2,accepted,,,,21,0.6714439999996102,21,1.0,0,0.20719774472513125,
no_gesture/p003_no_gesture_0017.npz,31171a3ac5ba43380674b2920e5467c4c6dcec304fe613816a5e8c7489d2a099,6ad87f8247e9c0858ecc419fb8ba23820a9146e6c7aef46426bd4f0da73f5b06,a642c3e106b987edef3be8c0512da09ed61b26fa62666050224c926795928167,p003,p003,no_gesture,17,2,accepted,,,,26,0.8490344999991066,26,1.0,0,0.21467790693403843,
no_gesture/p003_no_gesture_0018.npz,619a7d69deda9d833b681eeff324d4c50bf1abb6fbed7bfd76e0149a4aea32e5,317fe62986e87ab2485b2d38f1da1e4b01cae26b8bfa735e8cec39a0c5cccdee,c7f11a169b123858cebcf904efdf8ca5eeb6867688f067e673f5f3221304892c,p003,p003,no_gesture,18,2,accepted,,,,25,0.803975899998477,25,1.0,0,0.2006105432111725,
no_gesture/p003_no_gesture_0019.npz,afcdcd49fb2aeb83256e835ec50f569ceaccd62b41919f758d8c134b665b9dd6,2fbe6fe1795160f0fb8d5e4a040ca7714239acc7c1ad5f4cc5dffaf629bae40b,ce040d7ab5ebb4d78041ace7acca411d031a6d49015c9dad0276bf6db0711bba,p003,p003,no_gesture,19,2,accepted,,,,25,0.799103199999081,25,1.0,0,0.1752269792295447,
no_gesture/p003_no_gesture_0020.npz,fbd329c12956f0e6c2069bb12a80a1b7a621b5e87d82db9574541d517db9aa4a,08a6298fed2e72924d49b49fb9a18d9c7cf99a5a1e5656bb041585da8c8d547d,9cc2397aa3afd793b88af10c18b8db3ffa28d67ca24543a7a46c6f2cfb1baba1,p003,p003,no_gesture,20,2,accepted,,,,26,0.848939600000449,26,1.0,0,0.19375217012601081,
no_gesture/p003_no_gesture_0021.npz,8a02a7fbb50b4ada6f9e5644f246c70daa66bbb999eb9cc03bd66f21b0f36d03,d7d60ea2e6c055859379e0c2a226d449121869765b37248b2a3bb880a9f14f1e,6a93576dc5fdfc1d271126b5beb4f28abcb1d29ce44ed04464cba7f0e9de3864,p003,p003,no_gesture,21,2,accepted,,,,25,0.7980342000009841,25,1.0,0,0.20829435620269868,
no_gesture/p003_no_gesture_0022.npz,99a675a51b8105a9ff2cd4a7852a438550e8c321f264abc553de4040e32c3c5a,a9d7dd35f20bdc40fd3f113dee687c530c69e1f00c1f93c81db440117d351f14,4804632a86e7a754b4fc7ccff39f189d3fed8af375dcf02d46bd211df2b4ec37,p003,p003,no_gesture,22,2,accepted,,,,22,0.7060092000028817,22,1.0,0,0.11385037250354621,
no_gesture/p003_no_gesture_0023.npz,4c54fd5af15f1a1c62b09a27f7e26f868f4c998117166f8d6fa9e796b053757e,2017e2709280d2850caf061c919e04f225220e8c3c0a733d135c778597f4edbe,cf9be6ccc98fd4d0eb65e4d3620135a3b9f383971c2b794dfe47bd1e86344fc0,p003,p003,no_gesture,23,2,accepted,,,,23,0.7518978000007337,23,1.0,0,0.1084470717722474,
no_gesture/p003_no_gesture_0024.npz,6ca8ec7dcd7961b8fc43e256a783b5aa5dcd14940d324e8e7606093cdf38a39b,b03516a48616f2757c4bb4442364a0b45c6d1c5ea797c085435f273a2959912e,efe955870872481cda6fce1c99d9f0fb08958c8686b4aa0882a344f176091748,p003,p003,no_gesture,24,2,accepted,,,,22,0.7060315999988234,22,1.0,0,0.06282666871252589,
no_gesture/p003_no_gesture_0025.npz,d9ab4b84d245fce939eef67e011e9804e6701557e748bad8bcf96a961fa3a228,9e4c343a3120e9ccbc3e7436f482125fe684303742fdd46a496d53820493c4bf,55296955f609f7dd42303b4a7b8ae0a971fea15ec438c7f431043ad0b0d683c8,p003,p003,no_gesture,25,2,accepted,,,,23,0.7331086000012874,23,1.0,0,0.12690065973830023,
no_gesture/p003_no_gesture_0026.npz,ce563c99d9ab9cf3dec6646b92418ae234d0471ce671336f45871db2c727cb95,05d24dd68cf6cfcd81a43a0f860e5763f5abca141917f0225db14ecf570b656d,44b8849ed7bcc22d32280f454f5bd172b4b1d66cfa58ab411e25cc29248f7600,p003,p003,no_gesture,26,2,accepted,,,,24,0.7875301999993098,24,1.0,0,0.1300570749067653,
no_gesture/p003_no_gesture_0027.npz,58d7cf477110e06a410b0691dc18fd4d99f96cd81058f382ebcd2c367df6ed44,77b05df3c7b1a30e254ad49335889c954d535649b33562be1384d4190f854123,6fef8cd2f86edb7a1578aa96aa58a5b81f6eb0e98be655bb9349aed97961ca35,p003,p003,no_gesture,27,2,accepted,,,,23,0.7389399000021513,23,1.0,0,0.1247981177937613,
no_gesture/p003_no_gesture_0028.npz,feec315c5bc4c8629a7f7f3185eefe220453a66566a1d1a3f6feb4aff2085445,f004b7839971f0ba3cc323353b03eb8498b891238d11eebc82d0246e4a61a512,7d8c27f14af0c68b968c3261e32cea3843f31012dd704d5412628e7e43401dd1,p003,p003,no_gesture,28,2,accepted,,,,26,0.8481525999995938,26,1.0,0,0.20749283977334712,
no_gesture/p003_no_gesture_0029.npz,60a032770229af55adb395ac335cd8145470a92a7d6fd7c5f4b0d1de31c0a0f3,ed6b72c2e5c9bd9b163275637fae9c57f743a927825e54033a008349a3131cc8,05bd32b3fd71a9b96e34088c9e70893c2a2651e7152a697083a60f7248c21eae,p003,p003,no_gesture,29,2,accepted,,,,22,0.7015830999989703,22,1.0,0,0.2039171678392251,
no_gesture/p003_no_gesture_0030.npz,d11d099538a771cd5409afc263b07b683b70c7cec3feff80ce29e84a7283f700,02abfcadef075f5a791e12968f9634bdf6ea901bb6bb3c2738754175c079e3c4,7ea56dd0f077f971780013d58c7828822af1329a34b949638144c1160bb5e351,p003,p003,no_gesture,30,2,accepted,,,,27,0.878104199997324,27,1.0,0,0.20470267343234166,
no_gesture/p003_no_gesture_0031.npz,cfcf9e32eee6c0731592a1037da0fff68b120f3b3704c41f2f766f05b711e9a4,7ac487ee15639f11a8c94917e40b638195937b8624f3955fe5cf20305d1d946b,420eedf8aebb0660936cba37a41ceebfd9f3e086fd7cae8f61cff17480ce288c,p003,p003,no_gesture,31,2,accepted,,,,23,0.7528009999987262,23,1.0,0,0.20257676967853627,
no_gesture/p003_no_gesture_0032.npz,02f6b049b70e1c83659d6daebb2f95762408b82c23f02303fe71d19dfb41c794,d5a1570cf65d924ba41ffd6591402e51037a776f49f7f34cddd3f33aea06b15e,5221edd6fcce54934d5b690cc2fabf82fa8833e9a843f3f31e8104a14e261e38,p003,p003,no_gesture,32,2,accepted,,,,25,0.8022111999998742,25,1.0,0,0.17054781833412985,
no_gesture/p003_no_gesture_0033.npz,7e82e132dd990d01d57b645b37914ec94e474cad03c25c725ca3fb488a2f71ef,89d0a050f11f055036438ec4f655f5e15d35e2ce3ddc5e344642cf9b5706ac2f,3c82f41456a3b1489738776f5650442c544ef2c64de16fa043462b723876adb4,p003,p003,no_gesture,33,2,accepted,,,,22,0.7036368000008224,22,1.0,0,0.15989051352299094,
no_gesture/p003_no_gesture_0034.npz,6dd5dd4ad3481c2d0cc42a1f3b945ca5383b80c5a39451f568c91e4ab5a59154,ab5fc9369fd3e4da3b316ba03121791b4db2cb56c9e9fdcae67ec996e03c77c2,624b73b508050a823c4e4d442b1ba9f06dc481dd86dbfb1ed1641f358b55ae19,p003,p003,no_gesture,34,2,accepted,,,,22,0.7088423000022885,22,1.0,0,0.22188831448338836,
no_gesture/p003_no_gesture_0035.npz,defec38fcf258d50cadff6da98974e8d5c858fe4feae6fdd6350a60591290f31,01f030170579b1d0c46a1d3dac13eac2f214f75768721903345c8c6ae4f8815d,b8f3ae451e823d510fe1765be6968c1c83d8b6a8b65c180c32f511b1044ed5eb,p003,p003,no_gesture,35,2,accepted,,,,28,0.9105073999999149,28,1.0,0,0.20785371143127546,
no_gesture/p003_no_gesture_0036.npz,f2a23204c3d0db7f8747aa42eaf02d6cb7076528aa05f104ff95855a7e03df78,f09f1edd8f731da9c97e76f374bc36d0da8a183c588971b5bbd9d87dc1d7cac4,870bbc56d792903fa777d00eb48e36c26a8cb0ddafff57c49a3c4d2e035ccdd7,p003,p003,no_gesture,36,2,accepted,,,,22,0.7012437000012142,22,1.0,0,0.10074681358382281,
no_gesture/p003_no_gesture_0037.npz,4a17a5bf926d1898db16aafe1507fe89fef44aa0e0489ac7a31d176a596a72a7,28eebbfc7a71c3119a0b32c32b44dbe9c657e7c5cf135a953ea122ec7223081c,933059dc1e9568d3eb20a5d511658f772d8ac55b544faca7d655ffe80be123c0,p003,p003,no_gesture,37,2,accepted,,,,26,0.8317105999994965,26,1.0,0,0.11771344660603045,
no_gesture/p003_no_gesture_0038.npz,8ad60b003d11c8ce135caf24a40ba4259e5a7c9df01439a5c8fe85ca72769fae,1408574ddbbb068122c7c61109aab214ad1b55c638353703c023c92104caa86e,c523875a39714ccb206a707cdb4dd73f19d911b58156426f5d36cf54ba921e4c,p003,p003,no_gesture,38,2,accepted,,,,24,0.78588469999886,24,1.0,0,0.11040722156859413,
no_gesture/p003_no_gesture_0039.npz,b6671c10314fa85a7054732e66d4a50b026ac594c6c192c832b98ad985f18efe,8765519c8f41f3bd5c7cdeceb6c60f45516ed11a9e4c887b817b983f8a383eca,83e093441cd91e4787a9091c4789a06269f9b752e8de9af0fc54238d79befcd4,p003,p003,no_gesture,39,2,accepted,,,,28,0.9117140999987896,28,1.0,0,0.11653454491505146,
no_gesture/p003_no_gesture_0040.npz,cfb56a14179ad3b107e8589e1151ed128789a71b79f511d7d5a85b632d977e70,079c30d43aa5243649a06af1384574534bdd0dc8a71919cee77806a9dbeb66a9,0462fb4db15c961dd3296331db62e7f55e1b8faa1d8d81e583ba30c95b175517,p003,p003,no_gesture,40,2,accepted,,,,21,0.6729061999976693,21,1.0,0,0.11743263470831873,
no_gesture/p003_no_gesture_0041.npz,015aca522ac5f3131912d8a60d236ea9721b0bcb4208c625a231d6254d329209,2d40d0899fd150f9c26cb4f2510396c4f618c91dc3c1606cae91909ce8036921,7c59580c3aeb3e6b3e588e4d349d9fdb813381aeffb1bcb3215b853f796c82cf,p003,p003,no_gesture,41,2,accepted,,,,23,0.7373891999995976,23,1.0,0,0.12398932636007425,
no_gesture/p003_no_gesture_0042.npz,83880903adde5f4958b10cb3e62cde8611f63d36115b60eaaa840e573b19d1d4,484921250500fb3a16b749270630adac3dd2856e1c1899c4f445a0dfbd161896,d1d63f97cd198dfc8e22c3b3ceb63c04eeb01beebaf9d5ae3bf351cdc28cbf95,p003,p003,no_gesture,42,2,accepted,,,,21,0.6723847000030219,21,1.0,0,0.1088592069380739,
no_gesture/p003_no_gesture_0043.npz,407674575ea4b13a903c76bd796e48a3b6148b0a8b17dad477d99ebab7fad6ce,297dd1191f5cad37a5926412f6c8ed0b10c11fa407eb089a422055d11c3edecf,6ecb33ac56647225d0cf3b79858b88709ae402cc5462547b1455f3046a5d9d5e,p003,p003,no_gesture,43,2,accepted,,,,24,0.7733339999977034,24,1.0,0,0.09575405140596324,
no_gesture/p003_no_gesture_0044.npz,8fda1376a4cd0381cd515fc24af43ffb5183a86088a2b74971c555427ef688ab,88ac5549a705c5d0eab6333de818c9370456de4ef40b5c1c4503de8ee7eb0262,ffcfc3998163fdd3de1af09c5236f651d2bc414955f298e7f453de32157ccda8,p003,p003,no_gesture,44,2,accepted,,,,26,0.8315274999986286,26,1.0,0,0.09826424365267196,
no_gesture/p003_no_gesture_0045.npz,af66255d99bff99a8112fa3fb12fb2dcd55ccd8d746e97a89f277727321fd528,48b51e51b83d53f2f53bde8cba90dab28dd95a44a40657d1ca014f53aba4c912,41e200607f60e9aaae66a181665cf8258c2c58134891661de8a374563638dc10,p003,p003,no_gesture,45,2,accepted,,,,20,0.638503899997886,20,1.0,0,0.18318933360718587,
no_gesture/p003_no_gesture_0046.npz,5388349f53c061971af490d069fce0a2ac3ac46292341a4bcc0baccea828c263,152ee80749a684e4528fadf9015d9b0a546e08ff8c7a7ee3d3e95259f399a9f8,53a8b8cd752b5a0eb28a4985de49c45be4d95e2c24d10264e8c6e5647ff62c63,p003,p003,no_gesture,46,2,accepted,,,,22,0.7028468000025896,22,1.0,0,0.193617754684499,
no_gesture/p003_no_gesture_0047.npz,bd07f8f09ef06d3101200d82876efb3798792f10f9a82acf3913ceabd612bcc4,b2a18d3fdedd10653bfdcc23c7081fea749701c6b12a69cc3b4a8fe1b0b85d97,ce3171cd733a519c8a7d840eabe4297c76b93851543e28199cf8484851ebc24a,p003,p003,no_gesture,47,2,accepted,,,,21,0.6740737999971316,21,1.0,0,0.21617039510762848,
no_gesture/p003_no_gesture_0048.npz,dcc83373d7bb3fb45c6e2651518f754e8c3889961a92a5d53fd457a5b81ff2d1,78888165af2ee0a544dd54aa436af559de1be3fe9536a6c5876ab055c1ddcd5f,b9121a26cdbee19b945cc2222531ff6d360cb22f50fc805f14c51e36d564b083,p003,p003,no_gesture,48,2,accepted,,,,22,0.7074950000023819,22,1.0,0,0.20797318019933908,
no_gesture/p003_no_gesture_0049.npz,7e0545104fa001c38b40a675b0b0986ac9afc1e88c8c2013bb8eec7ea6b0a125,457bc3d412d3a4d91b204c31af8b2fb69e5bae230a613ec4745f1c62cb23ad27,188a7187fef0f0213fdcef0a9efe321521b20e2c513864e86521582152bdd35b,p003,p003,no_gesture,49,2,accepted,,,,24,0.784245999999257,24,1.0,0,0.2130786984133768,
no_gesture/p003_no_gesture_0050.npz,e75c9db4f379db1d94c499ff544eb4a63c2b7dc60a6a4f402babe44dadb5d29d,2a98469fc1cc60d022d10d7d02cd8ba536a654d860559e022ffe5d362017aea8,efa1afc08a8b68c969e3dd0c7c15a97df145da5e82d4ea00656522456a3c7636,p003,p003,no_gesture,50,2,accepted,,,,23,0.7358551999968768,23,1.0,0,0.22691706225540495,
no_gesture/p003_no_gesture_0051.npz,d50f57e9919c8de1ed04476c3c10f92404d6f9c88e37d610c90e72a918ad06cc,0bfa066877049f50a5ae49aa31591380d37e41e753b3758d7f92fe6b79745007,45ea7e05e5c707ad0c59f2d0fa82a107cb33eb1a7de72c60fb75da63db75e4b1,p003,p003,no_gesture,51,2,accepted,,,,27,0.8834800000004179,27,1.0,0,0.21840307105998316,
no_gesture/p003_no_gesture_0052.npz,57dffaa0a1b846de565bf3554a740cfe79adbec3d17712260eb00fc2c9e0e538,8fb6c2fcc280e6211c2aa26bbc37be695ce124706ceab4ab0b43f0b1e242ba70,c83ebd65173655cc7fc5a02f5edbac77efd8c919e42da18aca4c7c369a417fbf,p003,p003,no_gesture,52,2,accepted,,,,27,0.8827772000004188,27,1.0,0,0.2049764787698582,
no_gesture/p003_no_gesture_0053.npz,3415a8e614db02f0e96dc8c09ae02f1440685a62af488b29f575b0ac193c45b2,eac5093613ff32ebead36df49d91edb8bb7173406a5832dc694798278f340745,082551d4e82a606dc1f404f97db33c78bdd7461acbaa40bc21d879a7a357df2a,p003,p003,no_gesture,53,2,accepted,,,,27,0.8646445000013046,27,1.0,0,0.20719079965186207,
no_gesture/p003_no_gesture_0054.npz,fdc6c877f7a5776861920bd0b9d9ef652dc2bac649b7151e60d62154aa71e8a2,5896f8ec28543c91ba9fe533ccd804e4eaa1b0962c1daf26c901ec4b26568e58,3fbb08a080d70172c62a6c21ba9405acfce60e358c8ab1f817e1173fc6850b1d,p003,p003,no_gesture,54,2,accepted,,,,27,0.8800621999980649,27,1.0,0,0.19817420692319668,
no_gesture/p003_no_gesture_0055.npz,d7739a9d8957dbb0d7e152f704eaaa6b2450b7ad49003a529458407eafbecea1,40882ac0f6deb5b8a38dd262239b971945de1163cc88dfe002b153b7d3654eca,bca84a8ee31e74633f56555e804e2fe61d8b3d6c1caa785e3dd791e6ff8dc49b,p003,p003,no_gesture,55,2,accepted,,,,31,1.0083612000016728,31,1.0,0,0.1641247407204143,
no_gesture/p004_no_gesture_0001.npz,4f2c6bf33b2890843ea12f47841a3f01842e05f6be67abf52700dd8c2ecf8723,783516df2bed9c2e2adaff886bea976d0fe588158c7f821201ed2c96df4030de,d5b1e33f7d5c3ed6efd9176104ba56cfe3a3009988ad80c25b67a087008bd904,p004,p004,no_gesture,1,2,accepted,,,,42,1.3834868999983883,42,1.0,0,0.2332349098789675,
no_gesture/p004_no_gesture_0002.npz,197b802a5a238a6d41b87677889be00533d102a1c45e6d9dd68c7d0a61ad82a9,af4740f4b0ad54609d0c142bcb0522f0d71c048fa9691936ea53635109adbb36,89b4aa7fdd0ee7db7cce003c82b2be76a489d3fc92103c88f45d0b7126d485ee,p004,p004,no_gesture,2,2,accepted,,,,44,1.4475089999978081,44,1.0,0,0.2317236103025122,
no_gesture/p004_no_gesture_0003.npz,f6ee8d167cf1d0f00a41aee2edcc438e72e38819d3b9972f201636e7cf872c94,d6550c498631806299fb81d58844db6abe596c651c97c2556cce55fa618f78ca,2e9977c85de7a080fb9087c929abc02d708d0cbf3e8efc5213b6a6ab9331e420,p004,p004,no_gesture,3,2,accepted,,,,47,1.5387656000020797,47,1.0,0,0.24062594738997675,
no_gesture/p004_no_gesture_0004.npz,f4a57e921c9894186194fe4b2cf61e46cd7a894ac09226294491fe149bad57cd,fe89fc7dd162703dfccb170071281252e0c4a34a5c6a49b421ba6c4dceff1ee9,d7ee70852ccc4e173ac528eed9ae1bfb15ffac98927fc6521c8c46639c15602f,p004,p004,no_gesture,4,2,accepted,,,,43,1.3999470999988262,43,1.0,0,0.23955495452183176,
no_gesture/p004_no_gesture_0005.npz,391c22d10e8680cf2e54dac731bf13c9cd9aef058084729e4eb27b5c36c60682,a42ff23783f0178265430f38c31d418998e13aa7f367e7c3df6e4547d8302347,d8873b096022e3a64e1c53859c40d125e099fe45f6e4625a6d85470b6079a12c,p004,p004,no_gesture,5,2,accepted,,,,47,1.5514732000010554,47,1.0,0,0.253494861388992,
no_gesture/p004_no_gesture_0006.npz,ed70f7b97e92fc2501a40a15bbc77b2cfd5eb33a59acf17f4d917c4d862f9ae3,09ff4998d071c1cbae3db0482a85b5a5ae8fd546d9f89d4a2f911a6f43b6a7c8,628203ebe54967fdf130ea31ba92b456dfc0f70ee63a78af8b6acbb608df4a5e,p004,p004,no_gesture,6,2,accepted,,,,46,1.5218951999995625,46,1.0,0,0.2426594088415207,
no_gesture/p004_no_gesture_0007.npz,3280b15fed2fe1c5fad43cdcfebdb7e5abed60dea762210b42109f53f3d39928,f91f044dd7ee2c55fa22a7e52d91b86248825cfff45296db89da3505bddc17e7,1b56d47640d492d7348f2247f15030b483c0193bb6039e953a72c6e79f196be6,p004,p004,no_gesture,7,2,accepted,,,,47,1.5279053000012937,47,1.0,0,0.23740433424316454,
no_gesture/p004_no_gesture_0008.npz,f69a054f232a51aa32762b7e9ad1bb18861b4bbc9c39487e25e837a7aeedcd8d,3ee047e824866bc549e859a8bdf8310954c2141a30fd7079fb681c0c493cab3d,a6f99bf7c77e8099fc89e4919f03b9a6698be6eccb05fa80efff65a06d7a6c2f,p004,p004,no_gesture,8,2,accepted,,,,44,1.4432664000014483,44,1.0,0,0.23148519968989928,
no_gesture/p004_no_gesture_0009.npz,e7dcdb2cb1fe89fcfb6580cb5ff3655f1b303dc5590c0a4ac71bc455ee87444f,1027798f7be04e98218d1d437b3510e5f1d99f8188564def907868f934d298f2,7f00e8568d94e3e6e9db8e570ced042cf7fa73bb80c892fbcb06bf69be86f0c4,p004,p004,no_gesture,9,2,accepted,,,,49,1.6162177000005613,49,1.0,0,0.2277871354791457,
no_gesture/p004_no_gesture_0010.npz,f139aaa83a0b831be297b4b544e8bb0671dd55cfb31c4a320e8e6aa81e74896f,1937dc090336297143970bb0041252e3978a4d8d295d41cd7f60caa37c8f290d,e0e47ec4be17bcfd5c2858358f77af9cf39608f82aadac2e89f3d58824437292,p004,p004,no_gesture,10,2,accepted,,,,47,1.5297379000003275,47,1.0,0,0.24348064140383843,
no_gesture/p004_no_gesture_0011.npz,373b5de4c6066e7c8747aa04053d7ae09499c286351bac18c2a169d9628a2101,12c909cf95d68b7ec87eb77f7e6c37add98bc6cbacb570ba3f4f06c14f3b81ac,c3026bd6714151890d0fc3ecf481cd3087e96bca8edc65ea03c3760daf2c765b,p004,p004,no_gesture,11,2,accepted,,,,43,1.4032473000006576,43,1.0,0,0.25374006195473975,
no_gesture/p004_no_gesture_0012.npz,1a111d30ed6eb93a215f1e70404d9bff071560c3b9272ebc7dc9926c07b09520,5db6013d6d8c3ee0e5e27cd4579f08b7bc93bdde111b88aa806bfd9f0c664b7e,53e68b28844bed89611b4e8e41ff1c839feb83c52fe4c55f2a657686b8f38b23,p004,p004,no_gesture,12,2,accepted,,,,42,1.3777778999974544,42,1.0,0,0.2326991010096096,
no_gesture/p004_no_gesture_0013.npz,4dc628297359d2ff1633550c016e0a81ae8c3212869d041099cfb8d6542b19f8,b61e01d2fcae316c3df5580ff6a4f04eec166d83080a5ee1cc841e643d6d532e,9844a9edee37f36afff4dc107c8537f8cc974cbe8c98a6a5dfccc1a9ce4e8726,p004,p004,no_gesture,13,2,accepted,,,,38,1.2462353000009898,38,1.0,0,0.2425393804314556,
no_gesture/p004_no_gesture_0014.npz,1f161588dd806fe88515f18dbcaf3143536eb62ba2f98a28a011ade381e926d2,ea0ba24d27b9311f1070b56e8021c30164e0d7c6c1ecec960467f4d804e6f23a,0a002841faed0e8453abbd620bec5ad81e5e47fc4e4fd2665a8f98195c38912c,p004,p004,no_gesture,14,2,accepted,,,,37,1.1977657999996154,37,1.0,0,0.24160941767719396,
no_gesture/p004_no_gesture_0015.npz,35e43caa16abe77efbef6c52df873fd7837abfdf94bce56df0744a329bc4ee83,a9c9e9bd189e5accd9cae6542f9d09df9ef30e9d8916a6c9d354fefb4e0adae7,694808479e4e402d79407c274e97c9520f4b07b4069082fc6a3b4cac4e74aeca,p004,p004,no_gesture,15,2,accepted,,,,36,1.1778444000010495,36,1.0,0,0.2555505984604266,
no_gesture/p004_no_gesture_0016.npz,da8a8b8fb6ab2b8dcfc3292fbfb71c7a6462f7209aba14ab4331bb5c37ca040c,c144b5adbae6399b3d13197b5f7ee2a36d68bc4266ed02f581b684759827737d,fa0529f0dcc2d120521edc04e589b56b131a6f46a6c907ac591f1f0f1f2250c9,p004,p004,no_gesture,16,2,accepted,,,,32,1.0264126000001852,32,1.0,0,0.2106407640274825,
no_gesture/p004_no_gesture_0017.npz,4df1bb15a894b6c19272c6578e483229d5269dcb271121e5766927be679122e6,e08e9fb9fe7522dcb65ff7f581bc39037295aa60e8f175c37079f74e5d157650,e2f8d4f093763526a64e2a2c6a71d0e7990947672e9e227e8aa607109e60bac1,p004,p004,no_gesture,17,2,accepted,,,,27,0.8560474000005343,27,1.0,0,0.26396611469970355,
no_gesture/p004_no_gesture_0018.npz,681cab98774749eec4c31f51216320a912298c32d44e23552352b55042561407,817b55e9289911576a1ae65e3cd9281807f952bbcd986d25f06f558d6ad6692f,e5942e21f30dd1ebc4c7f372f88ba77ee6fc513e15cd5d34b569f8471254d6e9,p004,p004,no_gesture,18,2,accepted,,,,31,1.0047371000000567,31,1.0,0,0.21206228299774024,
no_gesture/p004_no_gesture_0019.npz,5656c10ad97bfe062971f337fa31ab76bed6eec6005717ed0f58933c46eee25b,e0f978110e9ec06182fe2eb30722ed813c6ae2bc86f5cdb4ecaeff2e799a26cb,216ef6c18991215e47671a855f50d89a3b3b764a96e5520de2437e88b27e672a,p004,p004,no_gesture,19,2,accepted,,,,28,0.9163118999967992,28,1.0,0,0.2441454820349036,
no_gesture/p004_no_gesture_0020.npz,2c4781af98d8107a884b0963febb962701ea88583df36580d3ea42e63d518ef9,b9e30991a68ee2cab139ab81f942c73404e368979c4ab5c27db1c207e5f1e1b4,d32c7f2ca43adc35c8a914f46c15c2ea73b387cb41d50ba097b0d3e9af574c53,p004,p004,no_gesture,20,2,accepted,,,,32,1.026792700002261,32,1.0,0,0.2354583880447892,
no_gesture/p004_no_gesture_0021.npz,9994459e3efec098cfd01c5b565da638876ee80aef081c3d1f55b50894892dc6,81fd64eb3c4b537ca61e3c77db197a98e53458bcacc2358023efc2c7571faf5e,fd417167d9db83d6651b3d723fb0ea1ddd5cc79fc245f19eee39f3f06b737d2d,p004,p004,no_gesture,21,2,accepted,,,,36,1.1654326999996556,36,1.0,0,0.21097489995734758,
no_gesture/p004_no_gesture_0022.npz,ca7560f3713c79eb9aee07547181712ceba83cdf00f017045ca33806620e1a30,e2b408093f2715097e117faa18e31a8c1f0ce4e6105e73fdf6222a7361ff9b9a,ca2eb6a94482bd1f03dbd1b404b845110190505ec59a7d9165deb835c388f840,p004,p004,no_gesture,22,2,accepted,,,,39,1.2848931000007724,39,1.0,0,0.1876521972755908,
no_gesture/p004_no_gesture_0023.npz,67c7bb8b81be9293b68db59eb1008d798849b5addb79507b6509e53af7713020,a5220b197c3bac87a6eecb62e24a51acfbd2ca4976847b57a0bea08b68c59fa8,1effa2c3ceda21b1b92692e5c6433acdf7568f123905001f2981ac27a6a4ac38,p004,p004,no_gesture,23,2,accepted,,,,33,1.073372400001972,33,1.0,0,0.25968588405616033,
no_gesture/p004_no_gesture_0024.npz,01b6c13b2a87322aeeb6fb4bc95b394940f3ce280b39b5fee376a34153ec9757,42c5de28ec27630cff1ce730826c0c811f04345c423f5fb013cd1689ab694f21,97f3f64573a9c2ca670c2a2a82222cacb3b20d54d28addf8014800ba17c8202d,p004,p004,no_gesture,24,2,accepted,,,,32,1.0425990000003367,32,1.0,0,0.2770279162137306,
no_gesture/p004_no_gesture_0025.npz,3d949b934c7607b12de9f2eb6d43f0583588826ca4459eda68af12e7134d297d,6fc3e2bd52cc8cf9b98ecbeade39e20fe4bdca0e0b549ea84accbdcfa2916b93,12f309eb32882d98c01639408fff71457cde4215aecbe40fc0376eac094a9d37,p004,p004,no_gesture,25,2,accepted,,,,34,1.1019253999984358,34,1.0,0,0.2716133108287635,
no_gesture/p004_no_gesture_0026.npz,ab7f7f1b1ddcdbed2f965971695afa41114fc150406a26363676ed74e505296d,f75c474c5115006062285812cf8115252df68876f20d398d86ffcc128717edb9,00f498bafd0637886abeb39b0af18418f7588095bdac280d5f5a24709b3d32b4,p004,p004,no_gesture,26,2,accepted,,,,32,1.0551306000015757,32,1.0,0,0.25590732819307616,
no_gesture/p004_no_gesture_0027.npz,ccfbb01d386f4c787a2fbb3c02f2479fe138eb7cb5bcde0279f24f5d1e5e70fe,14467ede98a4f2a7509bf359316a2284de77e8b0f4eb65b4b96f7a9d7234acea,6ce1af41a5ccaa8bf751c40591f829e22b399b9e571f168ac474e27c63c7eb35,p004,p004,no_gesture,27,2,accepted,,,,32,1.025145600000542,32,1.0,0,0.2813586133118689,
no_gesture/p004_no_gesture_0028.npz,dc3534283fff0cee701d56835b50154e773b94678fa0c51e3ee5a5e71845ebd2,4155f79cecdc3ba6f046f1878826ef8b2823da94ec0b19e0ca95da3d11811814,02cbbe021d30c1a9edc0ea830b80893774ca9207848712197217a7d0b79da404,p004,p004,no_gesture,28,2,accepted,,,,36,1.1608525000010559,36,1.0,0,0.28071106450017047,
no_gesture/p004_no_gesture_0029.npz,c31f063fa536e1cb2838ec6e707cff338d9fcc22b24c48e798ee5d1055ca2036,f5c9a45345cfe1998048abb5e049f54488cf4ec238df5505d12e02b1bda978a2,01633c00251696bbf0fa05c7a3f53ddb036eb871ef409e5636b093b3a234ff20,p004,p004,no_gesture,29,2,accepted,,,,36,1.182862200003001,36,1.0,0,0.3147285078274551,
no_gesture/p004_no_gesture_0030.npz,ecd5fbff6eec7d2b0391aa9256ce30e3cb55f4d671b3d0e7b64fb1925c1ee10a,4525cec3aef265785150934d15092647261bd81948c75f25e1b5c2d9e2465256,aebe04a40ac84ccf4c6a3360aa94341c95f3dad501ebea50adf455dc1867a280,p004,p004,no_gesture,30,2,accepted,,,,37,1.2132172999990871,37,1.0,0,0.30321499821888,
no_gesture/p004_no_gesture_0031.npz,f34a49b76595d538b0a79e9b8a1e61b31b4e773f2f81aa9577ff4edac04cfa2d,7faaa4480000ce07fb359982690d9c46285e95731bb012f367d1116b54c75fa7,d5b70cb488ce4bd6795447a67bf505195276dccab835ec4a298d252605117ae6,p004,p004,no_gesture,31,2,accepted,,,,35,1.1220448999993096,35,1.0,0,0.29937465003441466,
no_gesture/p004_no_gesture_0032.npz,290ff7d3f9bf90bd10ead123b1920970493984e8a91389d8f4d4356b269e3a70,b0bbb8a424fb5ca3b3c697685eec6661688d5f1475e0f64493b58695e6d74d13,837099909a86087502741f9862cff9b6e2a5441d6b78419336b49abd9e16d6d4,p004,p004,no_gesture,32,2,accepted,,,,27,0.8540819000008923,27,1.0,0,0.28478841086439877,
no_gesture/p004_no_gesture_0033.npz,e9c5642aa0fc5db5179e67b06f583f6bbbbc8db23d4e3cbd9f372552d42d72c0,41160051d5141a2423fb360b7a2d866c31d112a433650c97e194fd1f03bd0aff,018cea8fe8577fb741f786ae93efa34bd2c2166a5955b6613b0b21f9eab7d08e,p004,p004,no_gesture,33,2,accepted,,,,37,1.1989483999968797,37,1.0,0,0.27203876983615183,
no_gesture/p004_no_gesture_0034.npz,1b04be68a0004908653d3c32f8944f04c732e3945cd0209105d9357e66b5c738,2107f6fd17bb8d8909f3a7c006955c9a34e9c9788ce1df167db721e54512f9b3,f758c03d600b1d680d22ccb7f3d8c4b34989e1f95b809e31ce7700898223f2e1,p004,p004,no_gesture,34,2,accepted,,,,32,1.057197800000722,32,1.0,0,0.2648792923887968,
no_gesture/p004_no_gesture_0035.npz,9f8888334f80527c9fb9e0c9f0f5d5919189dafe5eb0a5fd32b3172521e27a25,a4f19b34ae5808274c020ecbb9ab587e4edf8fe6e36f16247d7c75ae56bdc461,c29f4358d2ab99778dbb5e7c5c8799277fed9819f0b152712e468a803808f194,p004,p004,no_gesture,35,2,accepted,,,,36,1.1756407000029867,36,1.0,0,0.30325259283822203,
no_gesture/p006_no_gesture_0001.npz,a39bd83c05d148f27ada896c6e570605daf976c77c24472e789ab43fc9c7aeda,2c43d0decb261bb2a23b4ce5bb33d03eeeb524f8ca8b9a002f667825959f8046,4ee8f76f08a57bbd80df52074e4d0430fa2796a251d57f2188900244629b5be1,p006,p006,no_gesture,1,2,accepted,,,,53,1.7442225000013423,53,1.0,0,0.17668190664336414,
no_gesture/p006_no_gesture_0002.npz,bf9b0d21eeef17027d0f61169d742ebba809a3e208b5c4d4539e781937f6fa75,b010a38893293ce12116656058c39111f50931b9de5339b35afc4a66ba876c7f,b03d74f5a22cbda85395fbfb6cd72460c9231c0f50c7fa5153a267d6601ad050,p006,p006,no_gesture,2,2,accepted,,,,74,2.4318184000003384,74,1.0,0,0.1743245478606531,
no_gesture/p006_no_gesture_0003.npz,c27ef5d82c6d9db49ac0e5c6048aaa7812fd85b2023d8c242497e588149d5615,c34319ae29d8f6e5552709d33f94503b2f41b6e50ca6f81f2c07e42a739bf2b9,f614f19c5140c3cb3b1626d06d2c117ed08d5212b566adfa017f4753bb97762e,p006,p006,no_gesture,3,2,accepted,,,,65,2.1288434000016423,65,1.0,0,0.18060673595076915,
no_gesture/p006_no_gesture_0004.npz,64793068dfcfdb42e8285cd80aec725206981d22035c1a972cbdea5944766b57,1519574616d9ab9edd074942649354fdc4bf569f05ce1cc9fa619467bbd23139,e27c8c9ae81b4c83c36c7a75f7a444efffa16e17ba6d1e6ff23c8aa627fff313,p006,p006,no_gesture,4,2,accepted,,,,74,2.431061500003125,74,1.0,0,0.3064549998707955,
no_gesture/p006_no_gesture_0005.npz,8da48eb49558328c879960ad9194d6e431e57dd5ff2475540cbf014281703d8b,001108578a3cfd89bd5db5d810a6dc489b76f25668b31ea8dadfbfa5c63f9ae3,16e8444fde114cb697ade2b769d4a82491f1b0e7b804605e056913d19d221fb5,p006,p006,no_gesture,5,2,accepted,,,,64,2.0952208999988216,64,1.0,0,0.13247708191880325,
no_gesture/p006_no_gesture_0006.npz,1fe67f66f338c4f1ba8b6282e047c7989996012fe488abdc4b37733e4e863fda,bd8cab9dc3bb4bb8575e9bdd04a4e2a921f9ec9a4659b5434e8635aeb991c735,e06b15c8f01baa3be69cae26bf1e963668adabf649f70f7e1b685482d6c3cd0b,p006,p006,no_gesture,6,2,accepted,,,,72,2.3524002999984077,72,1.0,0,0.2026480933730313,
no_gesture/p006_no_gesture_0007.npz,90c0436f796a4a1bbcfa6a9e075d0f41f6665d202fba74221da5e0fe47dcb353,7cc4879d83551957048e7f1b4f3a0574aafc3df9bf1f2468ccf456741efeffe6,f9c6e21a6c3aa3d0d1b7bec195485df27adeaa7611e93a211aa7acc2b3f1fbec,p006,p006,no_gesture,7,2,accepted,,,,74,2.416114200001175,74,1.0,0,0.11916578018160079,
no_gesture/p006_no_gesture_0008.npz,71d61ed6f12dcaee8abe0fc7524dcd1b74bf19897e89918ca3a105828ce4644e,f029f060f724a6f757faf151da032107957644df97e09125434c22414230a68e,01d8b1441bfe1d8aa4ef3efb16a1129c021c2bbcb68e8d668b9dcd314a88e05d,p006,p006,no_gesture,8,2,accepted,,,,68,2.223914900001546,68,1.0,0,0.12523078533659826,
no_gesture/p006_no_gesture_0009.npz,fe5bc1e2d64e8d0d4ce883892e57264c982ffb88c9b5adf24e8ba5eb6363d9af,b77516d699b05bf9d0f62b836d1ff2c250813d59da69579c1616d84f0d7f8ecb,a6547554f29933ee67528ffd755dc723d9479d5aa88174c2f9096edb0eee224f,p006,p006,no_gesture,9,2,accepted,,,,65,2.1269270999982837,65,1.0,0,0.17668215748162008,
no_gesture/p006_no_gesture_0010.npz,b455b6cd1b43e304fd9870d82f8a10c30581c7479e62d8db75d4049fed92497a,39f6412c27f0c44809b362ac3a09c38856f82fa03c8b08c8a741987831552453,d617f4b535ab3d1b42a5db44a956352aefd1031eec12fefd71a240d83705cf51,p006,p006,no_gesture,10,2,accepted,,,,71,2.320333399999072,71,1.0,0,0.10369625149614277,
no_gesture/p006_no_gesture_0011.npz,87dee1d496a08f7d959a0b5ec305733be6b2fb60d903bda0fb68620717e9e228,72bfc36142d3f7e2e3bd6219b13c079d632a6ba89a0d8b5228a09786f22a07ef,0ac54e17e6ada4d93266047d560b0448a4f940586b3b08955f64dd865f39eb88,p006,p006,no_gesture,11,2,accepted,,,,72,2.367631100001745,72,1.0,0,0.1160315386341503,
no_gesture/p006_no_gesture_0012.npz,121eda671c573f16eb77d28945359d07d3bf26a1a5b233825067f09ebc566653,0cf46f69fe7e182a8d9d4934ffe914b8d6b2d866a62b10dcd7af38e0f3322d50,69ba1a2c21479085077412381f3c27c2163af318fb2411e7e0d52396037e8c3b,p006,p006,no_gesture,12,2,accepted,,,,72,2.351184300001478,72,1.0,0,0.09949646157669202,
no_gesture/p006_no_gesture_0013.npz,6ecb2311a278a85a1746c91a777015ce748a07d2d34062720b322b45a8a88352,f6bd7eb9bfce6c1542c7b3abc896f0b113890d1ee3e97c4e076755459b7f1ece,8dbbbb4c78abd455a8defc0b96162c3079bff3264f620f919b454973c4cee65f,p006,p006,no_gesture,13,2,accepted,,,,74,2.416489499999443,74,1.0,0,0.1668100467881583,
no_gesture/p006_no_gesture_0014.npz,aa08ea5f7fd20cccb08d6604939dd4dea052f771d92386003fe29578ab56489d,76f7ea8305fc1774a7e0f05fef3f76b05d32a6bc01b690f32243e1d8303547ba,625b2a1a2a0a5ce714d28dda473d07ba56fd753d27ca9647aa9b7efc85c17df4,p006,p006,no_gesture,14,2,accepted,,,,72,2.367532599997503,72,1.0,0,0.18248757972946575,
no_gesture/p006_no_gesture_0015.npz,30f7c0d48a00a6b354d1c8e376e7b8ae2bc960302a31163eaa56fb5b9251baf9,e87bf7192a5959684ad5578b8ebf2ce66dc6929a20edb55841583ac6e86ce1a8,06a88bdfdde1a613241f9a3573de57a09a3fba7032beed7438686e6882d78cfd,p006,p006,no_gesture,15,2,accepted,,,,74,2.4322226000003866,74,1.0,0,0.1783957476348084,
no_gesture/p006_no_gesture_0016.npz,7a8d3f6df23448626b47d4f101d86673a4be6697b03e0ca523cc8907d63a86fc,c970a1ba42d0b37c741a4f24dbb9be5a613dc94471742bae117359d5701e9f0d,2552f1516144be95016618f852b08d738dd387b0617fba8880043ce786499605,p006,p006,no_gesture,16,2,accepted,,,,62,2.0151177999978245,62,1.0,0,0.16325276872681477,
no_gesture/p006_no_gesture_0017.npz,843f4d337af8fe38129eeefbf08898ccab44c45f178fc1268f18e71947c7ef61,d270a3c43f7344654ebe5821addce3e0bceffe9365c807d067ebda2df0cfa570,50505ae1b4231ee9e8a6b44d9ed9a372fc83c24ed58f5b09d0cc1c8d38a4e939,p006,p006,no_gesture,17,2,accepted,,,,53,1.7272100999980466,53,1.0,0,0.15875707593331312,
no_gesture/p006_no_gesture_0018.npz,088655273df9b6d31be047e3380d9477c03652fff6d5e89a7e87bc618a61c5b1,1a67447a6edcf522ee4d1678d2415b285f6527ba6eee1751c3586771ceb2eb0e,4a789c2aa73037bd8c5a1bdd2e9af65f736bbb8c2a0e758a6f8221ab290ace63,p006,p006,no_gesture,18,2,accepted,,,,66,2.1605672000005143,66,1.0,0,0.16927801721708913,
no_gesture/p006_no_gesture_0019.npz,88d901ef04ffe9c3f9cb96512276879f28395a80d34053bef34944607ab4fd9b,6a8506b99021e260a589dd5130860cfed7843c344ff130ec1d8763ba6ce4f435,ee4f3fe28b190c1d5918a5cb3fdfba2c2befa0bf34037874811aa9357f758cfe,p006,p006,no_gesture,19,2,accepted,,,,58,1.887268899998162,58,1.0,0,0.19112945660146063,
no_gesture/p006_no_gesture_0020.npz,9dc7ade82b9f36ce0ec3cd71b385287fda923284519210b759d179b23e0d6dd9,264c6865cd3ad35036717dd10ce97d43da10ff82a257916b99491e1db4638f47,db316dd90f41350757e4c2aaa276b0e60f1da94d83a99de8e95783c188715f34,p006,p006,no_gesture,20,2,accepted,,,,49,1.5999865000012505,49,1.0,0,0.18163183131780042,
swipe_left/p001_swipe_left_0001.npz,29a9fb18110d7e564d48d91a7dcd8ef76085ddbf989495de99f67cde26426fd4,5625d377bf02464b94a17cbbfa21a7e3b3d47c02751c1e19ffa99520f3282a2d,3a0423fbf8e91d942ec67478db0134c1d45566bf2b5723cd2047e2df0b34e05f,p001,p001,swipe_left,1,2,conflict,same_identity_different_arrays,,,32,1.056028499999229,32,1.0,0,0.23922102639445944,
swipe_left/p001_swipe_left_0002.npz,4bec9f860ad42f98b88020bc3ecf85a4612244c46b5e52a0255c560981b791ac,fd900542d185e71ef5a519eb13aca41d7c1fa5b0ffd09991821dad7fb81be056,313e70a26a91b79ed6393d5a066d69656cf3f03981f29ea9a38fd1f9d5c19430,p001,p001,swipe_left,2,2,conflict,same_identity_different_arrays,,,33,1.0720616999988124,33,1.0,0,0.21839736514564084,
swipe_left/p001_swipe_left_0003.npz,cabfde91fbe3ce4a43b0f562b3662e6ce7595564824f3e308cc623629c9569b2,95268020deff41a7a3b3d3e7732ab170929985b6595bc7ef42d72a0bc2763854,4aefd3986584dfa0bfbbbb249dfc05db8b145e1c7ba7fb2bcba13698dd67c020,p001,p001,swipe_left,3,2,conflict,same_identity_different_arrays,,,30,0.9756825999993453,30,1.0,0,0.24611321562997093,
swipe_left/p001_swipe_left_0004.npz,8185616f03fcbc89cafb519ca58626eac1e17f5a1ede2436d44ef69a7698d208,2decec364a7bede02a858a4e556215fa220a10e7475153dfd435ec2172cc53ed,4d8a6b65e14dd3c014ecaa27871e65464b0ae464fd2efa885c4cb584609ba5d8,p001,p001,swipe_left,4,2,conflict,same_identity_different_arrays,,,32,1.056019899999228,32,1.0,0,0.2656214355121801,
swipe_left/p001_swipe_left_0005.npz,e16e4e481a6d79d3c21a5572156d3a7c8b3a3cc5e3d07a8901a5790c9b70b9f9,5a0122432fc8502c248cd0990a089d33a036a14b0b876a8ffda54e100bf7696e,ac9a28cae5d6812bec9f5e5af0d5d82748154c267a816f6100c457ec4ac4a901,p001,p001,swipe_left,5,2,conflict,same_identity_different_arrays,,,30,0.9762393999990309,30,1.0,0,0.2143249858480658,
swipe_left/p001_swipe_left_0006.npz,6a1ac00799349d02008c6485100313a29632f4f00a7054733b6f873765611ee0,bc9996d402a1fbfa57eaa14ebf8998e98405ca8becde4d37b170d11753a60c35,85b911e1a07711ae489dbf52944132a64348f28de3d360bdf3fabcf62c38d271,p001,p001,swipe_left,6,2,conflict,same_identity_different_arrays,,,30,0.9759904999991704,30,1.0,0,0.2631353679389621,
swipe_left/p001_swipe_left_0007.npz,6a9a19fb90cac326af5456b6a9ed39640375f47f13fe046bc1668e7e2d80c0a7,14c0c30580c6bfa7293f1011c10d91235967407f6414ca8cb3cd5a2c735e2254,fcf6f085bcde1a2464ac72f9d981befc0b3b6fc7391db0a682926089600352dc,p001,p001,swipe_left,7,2,conflict,same_identity_different_arrays,,,35,1.1520841000001383,35,1.0,0,0.23278070887175506,
swipe_left/p001_swipe_left_0008.npz,573fd4e864d3af04fd92ad4dec51930587d95393fa3b3768c48db7dd990fa6bb,710c10a304f25b0ed4127f9f83ed404e0917930a6af3377b9c4f1daa8187bbd6,ef40241340e53431722e9abe15867cb53fc9a179578104c5554054bbb4b5915c,p001,p001,swipe_left,8,2,conflict,same_identity_different_arrays,,,34,1.1201462000008178,34,1.0,0,0.2649471778426638,
swipe_left/p001_swipe_left_0009.npz,b4e894a7f57a8d1f9b37746abbb36901ecf9d7bd73670d8f97463bb150b2f2c0,5156f4efbe1016ccd3354a13a65e6e178e5dde2e3d2c9acafa5b5b43937ff52d,1c6449fef5f5c4e08dde73e12054ceaff58b23f16682dfd0883451bacc085554,p001,p001,swipe_left,9,2,conflict,same_identity_different_arrays,,,32,1.0400468000007095,32,1.0,0,0.2303675194954306,
swipe_left/p001_swipe_left_0010.npz,eb98f52dcd12faaefa419041510d0fea68eda58b2e21526a6d703ae45bc92b4d,936315884804db06b277b11ded942503f20938f971024982f90e5478bbfe1618,625a7f6d34448f23f0d126848fac046b836b14449494c4a74fe5d87c14bd31ef,p001,p001,swipe_left,10,2,conflict,same_identity_different_arrays,,,25,0.816002399998979,25,1.0,0,0.26638828651990804,
swipe_left/p001_swipe_left_0011.npz,33f6347cb6f88dcc5bfe0862a04b42f13af3c21e3cd03bfc15b9f892461b0b69,13bd1be3fefcae10818150c2d3de4927cd3edc400c146be8700dc546514aaa80,91b3f2a35f0dbf94829c2ee3f4c6a49ad3432fad2991268eebd170c4099fd4ce,p001,p001,swipe_left,11,2,conflict,same_identity_different_arrays,,,24,0.7680154999998194,24,1.0,0,0.26923590786897267,
swipe_left/p001_swipe_left_0012.npz,d28029785e5d8eefd226d75d4d449dd1564bdfba369ea444a6cea6424d55277d,001f508b57af44cedcf2e1728f18f4c57a96cee662d5242d3fbb75f30b40bc8a,0d2e79111abf7897fce58934a9f62ec5bedaccc4839423991dba4d6b5a478a93,p001,p001,swipe_left,12,2,conflict,same_identity_different_arrays,,,24,0.7680163000004541,24,1.0,0,0.28026337608194646,
swipe_left/p001_swipe_left_0013.npz,2e4e626737cbb4d74b81d7b481cab0f1203e2eb87527f6cb715afb11d9a66236,9cdc5638512124000653d62132e063caac22f4fcb1f3ef5f953e8c01873c8fd8,cb2d1f6f9280c0ce5dac8266385d2ce5af135d51ad6d3771191755f16ee03925,p001,p001,swipe_left,13,2,conflict,same_identity_different_arrays,,,26,0.8480077999993227,26,1.0,0,0.281480119756011,
swipe_left/p001_swipe_left_0014.npz,399bd42c8a329adf825bc2876bf90ddfd7e7d26b56e0147af45402eb4f8612e6,700dfa6c2bb7c53f280a4dc5e3b45f5758dece0faf2361396ecb3f2c0d803c25,1f822d6c38c1bb776d6fc1ecd99c1bb97715a9d70a4d1963a66c614d3d5e24d8,p001,p001,swipe_left,14,2,conflict,same_identity_different_arrays,,,30,0.9760769000004075,30,1.0,0,0.26819847102793537,
swipe_left/p001_swipe_left_0015.npz,cd52b0695922498e0220d7332b09b0a124ace00b665d7a268010cf23b58b768d,84fbfdda3c9ebce6c13c3f9ab2e31f3f87c1f4875ccc2574fd5516e14d771c35,d6d886701e44d5d3002d095d517337340e254365819ce6503841c43e0bed5f9d,p001,p001,swipe_left,15,2,conflict,same_identity_different_arrays,,,28,0.9119213999983913,28,1.0,0,0.26754614639017205,
swipe_left/p001_swipe_left_0016.npz,8dba28cf54e18944769aa9c502fe22130ea3afe9a3c151f18468a7148f799925,764695c004c3d1fee7b78d78667b332e50af7023ca06207464d11a09d604f259,b0a2d7f9205854b5658b8a19db14b3ef0c3937034ed9d3775cd5dbe36b55182e,p001,p001,swipe_left,16,2,conflict,same_identity_different_arrays,,,26,0.8322533999998996,26,1.0,0,0.27138079223799844,
swipe_left/p001_swipe_left_0017.npz,c364a781675b0b85d8fb72629f614f3ffe302fb7f1db72d1732bd84ff57b58b5,9aa12c33ecc24266f6e646cf82f473c6e75d6ee696ded81be354b9085afaf835,a612b524d976115c0adf208841e44e38d1a6dceee8bf783f3a8a66efca04ce8a,p001,p001,swipe_left,17,2,conflict,same_identity_different_arrays,,,21,0.6718440000004193,21,1.0,0,0.28249724601656545,
swipe_left/p001_swipe_left_0018.npz,ca9158718d81d39296242068d2f186a68063990f9d72a1934f239d902181e7cc,3364ad21d24bbc1d33a60efa060098e8c792bf84fb1c69338e4d5cc1f4365b88,b6a42d47ec06a3607a2a1057ba01172cb6cae16fb1c12fa072364b24b33918b2,p001,p001,swipe_left,18,2,conflict,same_identity_different_arrays,,,29,0.9440606000007392,29,1.0,0,0.28086977123846535,
swipe_left/p001_swipe_left_0019.npz,5d3cf688bf4bbfbf2c4967dbced8921b91c68b33c562b32dbccfadcc63a8043b,2185cd3d26def485d5bb9d1197f263256bf7e9b7b0c73556266f5f933a96c6f1,bcdcb1aee85c4be80036b2937481611cccfaed96135081ecde49037430f42b87,p001,p001,swipe_left,19,2,conflict,same_identity_different_arrays,,,28,0.9122255000002042,28,1.0,0,0.29120541983691905,
swipe_left/p001_swipe_left_0020.npz,0e15c3b7cbe2619500325880195d264f65b4dc4aba39f171d696822fc5705543,4371eba8cce8d8cae6a041219b9327b03e6b962a9b686e2d560634f2a686d41f,6fe9a9720c5f853916a3a6230e38662cc44486330e1bfb7116f7221648216d3b,p001,p001,swipe_left,20,2,conflict,same_identity_different_arrays,,,23,0.7360055999997712,23,1.0,0,0.27644300361302754,
swipe_left/p001_swipe_left_0021.npz,17797b872afc93a9880db0ae6fab753de4d5188838091d514eb7e5583265cdf2,3d5e4bad27ade922ffca97230d3d0dc77b0cf10dc110bb28ab695e060715e7e0,0b3e69b78fba8b902abacd740f2709857146f13fde3f6ef7f5fea43c8cfc9cc2,p001,p001,swipe_left,21,2,conflict,same_identity_different_arrays,,,25,0.800211699999636,25,1.0,0,0.27654394749212663,
swipe_left/p001_swipe_left_0022.npz,afd03f1ca6f743023c147bec837fe460cecb359498e3cee488daf117b926bdc2,21292db2f44f426e248c4d56bb68ff9b8feda6e0214feb0dcb5aad8d7fbb8c35,69d92a99522e0faa8a2977f7c9e20892b6a9a829520c71f44fb0e5359fc6c2df,p001,p001,swipe_left,22,2,conflict,same_identity_different_arrays,,,22,0.7199731999990036,22,1.0,0,0.27380409096590386,
swipe_left/p001_swipe_left_0023.npz,0a090e0388970cf275c83ba0c00a8f6caac1392c3964ad49e4b86c6fcb9ee6f5,38419fa8eeec81dbf169d64a5ff41a11173ddcc222f9979956edae1bb3ff9e56,97626664bcd3f8d7b6b8677fee3ddbcefefe59d61e45909e91b15baef36c739a,p001,p001,swipe_left,23,2,conflict,same_identity_different_arrays,,,30,0.9759045999999216,27,0.9,3,0.2802618412815792,
swipe_left/p001_swipe_left_0024.npz,7c094804683b7f684587f71b1f1d86268cb6ff0e3603dea309e704ad1255b0be,032281ab76810382f3c01cb1119588b137afe80593d0e55d650fa380e90082b1,b147fa98cf5d055d5e95ace11b01670df4e3c3e5fd100afc8ff353dcca549e26,p001,p001,swipe_left,24,2,conflict,same_identity_different_arrays,,,28,0.9119702000007237,26,0.9285714285714286,2,0.28786165375597583,
swipe_left/p001_swipe_left_0025.npz,929859e7c6a90ca3bf666c3ea67a1c51f4e74c661fcf3ed7c74b478c27c78b11,73c9ba0223448bb53da8678f170e1af5645a257df3bede844b9d994a4fcd63ce,d6c9c669656916555521c1c181d605eb1270f0f3f9f185e9ab410931d34eee5f,p001,p001,swipe_left,25,2,conflict,same_identity_different_arrays,,,29,0.9432904000004783,29,1.0,0,0.28373733478363733,
swipe_left/p001_swipe_left_0026.npz,c4b883418952dc2a4d50adb8a66c45dd3778924c2dad9aa25aac5a40ff371300,1438311da7d3213038076416fd01eb698c969f0d0426c4bc779a9691d98b141c,2c9d3819b6451c17b2134bda821f0524712c310ae62c5e739bc140a258fae28d,p001,p001,swipe_left,26,2,conflict,same_identity_different_arrays,,,29,0.9441628999993554,25,0.8620689655172413,4,0.24248408721306342,
swipe_left/p001_swipe_left_0027.npz,16b3bcdb8065de15415c4db314402dfd0bb23fff32e85bf4a350be3158555872,c2f6aa445d62bcde06e6afbe5734b6ba19e897a1627a417711a3eb4f2797e6c1,4a210d81e6357cf793a70b7c81847f13cfe9293683791d60212ac78fee51be77,p001,p001,swipe_left,27,2,conflict,same_identity_different_arrays,,,27,0.8641585000004852,27,1.0,0,0.2635170559533702,
swipe_left/p001_swipe_left_0028.npz,cbe209ea96c9654d6d9b70405dd8be6e764e3100427489a18a26412c1e217626,45f8f853491a83509a28ab79f55a6fdded24cd657038dce7d885adc4400ecf30,9df570b43497715076ba1dab1702177cfa40247246436216b0b22572a291de9b,p001,p001,swipe_left,28,2,conflict,same_identity_different_arrays,,,34,1.1200025999987702,32,0.9411764705882353,2,0.2802543830864085,
swipe_left/p001_swipe_left_0029.npz,cb7c00d668a6bfe0190bd9f405891aea7d2940a9610a70ec201a8ce486936eb1,db6b1159935336bd8762fe90e3922a8b0ed83c785d97904a6de3ab226c2b260f,7a42463af0aa7d785eb8575e77f0bf8f9bcef87ff2c13e8ccf3da4020b9ff847,p001,p001,swipe_left,29,2,conflict,same_identity_different_arrays,,,32,1.0401696999997512,32,1.0,0,0.2717925760204135,
swipe_left/p001_swipe_left_0030.npz,ffc52aa9321403f56cda6f04ac575973a050e90a59b9f4c658526464f4093a6d,ac6950e88f8e7c889b7bc2499d7eec4d977f30d56db9e23a4cb7f069a666d73f,d300d05503b99240f4dbc9feff40802b886ab6af585a358b727ba04b689eabf2,p001,p001,swipe_left,30,2,conflict,same_identity_different_arrays,,,30,0.976433799998631,30,1.0,0,0.26966743803462234,
swipe_left/p001_swipe_left_0031.npz,c7f1c2935559f2f1299e0070b0bfb1b9e21dd52376c362921008e101123858d4,76295c524222f43e449cbc86bfd8a35ba803e64831f371f1d53566f77e5fcec7,9967e2f1e008856c62b8be4f1aa4f2a2f8b4894dcb142bfa052bc81f343b4276,p001,p001,swipe_left,31,2,conflict,same_identity_different_arrays,,,35,1.152059800000643,35,1.0,0,0.279338092648716,
swipe_left/p001_swipe_left_0032.npz,ade57d77053e651b389c7d09f65e26ab8417919c09e0d17ab1bfdd9c849e625f,3c0f4479dce34a38cafacd36387981ac926d31580e171427fe3a984d3c0522b1,f8d667d2e9dc9b5cb44584caec7b9b40809afa0a5f0d26cea235cb3ea92d266c,p001,p001,swipe_left,32,2,conflict,same_identity_different_arrays,,,29,0.9601488999996945,29,1.0,0,0.25095829251167123,
swipe_left/p001_swipe_left_0033.npz,54c250ec3d6c758865ad20c7274e9eda36b11133d776296b0aceb4d8786cbcb1,81e2c18f6a2333f9a9287792553fad9d3d6bda992a83e4c1528a8b6c678dd453,dd9547935d846501bc54df1c2f26362c13fc8f8265a94a1e1d86e16616c2434a,p001,p001,swipe_left,33,2,conflict,same_identity_different_arrays,,,26,0.8482246000003215,26,1.0,0,0.2574554965988435,
swipe_left/p001_swipe_left_0034.npz,64a09cb02c72645561a3dc5c848fd841ef487fdfa62d0c17e004fe673a4d17f3,10687d4815956a0cb61cc3c7b709327d66f7e0614ca3afe42e7d4c496a30d85f,7a67b06a8c6fd273eb025de904e12dda8be1c8e485e54253d870603eb37051d1,p001,p001,swipe_left,34,2,conflict,same_identity_different_arrays,,,26,0.8320822000005137,23,0.8846153846153846,3,0.26180396813001144,
swipe_left/p001_swipe_left_0035.npz,da549a29a3f79b85fabd254c1ff1d5e2bb4a749628e5838df8da79c6279f9fa1,a06c2c3490203b872011b9581ed9d0a5a4aff6a6930ac070dd6252ae4de31672,920018792024530fa8b27b46b8354f386d0cacf5be794e9a9cd1bf8a7d9acff0,p001,p001,swipe_left,35,2,conflict,same_identity_different_arrays,,,32,1.0559886999999435,29,0.90625,3,0.2592856128273185,
swipe_left/p001_swipe_left_0036.npz,b17f9478addaf8969be6ca9198c246d779e2091c7232524a459057993afde190,1f5f1faab0dd101ef541de48a77332404ad17b65d96b5ef1ad014c080ff4fd59,d50aafe0a0e83a8bb8be3e183a6fd9ffd5c21597be002e7423129c0c3ee81f53,p001,p001,swipe_left,36,2,conflict,same_identity_different_arrays,,,35,1.1360557999996672,31,0.8857142857142857,4,0.25893084338553496,
swipe_left/p001_swipe_left_0037.npz,572696b6e1c6db6a04e4c0ea2d62156b59930feb31e7c5754003ee65664fec0a,4b2fa127b7d37a2f0e3566ea4a6cba88ab0722a9281cc4ece0857adfd8284abc,05abb720a98af68f190ffbf92cf0f6c5e5b068ad7af4d1a1304788ecbe940b8a,p001,p001,swipe_left,37,2,conflict,same_identity_different_arrays,,,36,1.1836865000004764,34,0.9444444444444444,2,0.26764288463328556,
swipe_left/p001_swipe_left_0038.npz,0a9820eed3b5a8301a3f85191f2f0ee3203be124378b3a6a47ad585e6dc42676,633159c29ef4cb5831ba30079bd5b558bd8e9f09547b0cada0c784d2330dab72,745bb16d2f4bc74453e3aaa2636d79880964094c2bbd72f0bcde02535c6662e1,p001,p001,swipe_left,38,2,accepted,,,,30,0.9759443000002648,26,0.8666666666666667,4,0.27773950116886115,
swipe_left/p001_swipe_left_0039.npz,2b1a6130752195ad079624afc2cdc68e6b55dab5c647ef6187fcadbf86316d54,60d7116c13320076a57aecdf57b1978157abc1059fa62f388c577778f862e262,17a670696f563499d9a4ba05c9c1d4ac9b5b432242f3d56042636eab670be1b7,p001,p001,swipe_left,39,2,accepted,,,,33,1.0719907000002422,28,0.8484848484848485,4,0.2655791267931947,
swipe_left/p001_swipe_left_0040.npz,00c797c37e111da724b731edcd464619a7d1aff61c6312d99c648605efb2e145,6823b6167673c541ede93887854f098fb44c7bdbcc1d4b791350e7a8d90eb5ca,a5a2ca2ab4cc962d0d6ee4a6462dc86a77edca9aa2806cfa8be8e06f2d3d5ddc,p001,p001,swipe_left,40,2,accepted,,,,31,1.0080572999995638,27,0.8709677419354839,4,0.2669487889860494,
swipe_left/p001_swipe_left_0041.npz,6e35503aa3e3f1bd2c39fa3d57d8120c34dff16cdb559264efcd108333805fe2,fff3359d7a2aac592d3e243fb3ad1a92f70fbe9d375c238f68cd2d655c01cb6b,a28de1d694beac6fdc61633c18e5a053d5384a8ef519659b90dca55a4ea6e981,p001,p001,swipe_left,41,2,accepted,,,,29,0.9439268999994965,29,1.0,0,0.2587539628661068,
swipe_left/p001_swipe_left_0042.npz,0e784049279bbef3bc3a4060fbde549af86cd5e0e39d42ba8702fdf9ea9fee27,51af8467ea0519cb0d06c3d6007f8ffc06e1c229a9f0bf97453969678cdf207b,4bac4d56b9891317b35fa34bc99bf5640cbfa7dab26073fa52a4d7844f0b495a,p001,p001,swipe_left,42,2,accepted,,,,33,1.0719177999999374,33,1.0,0,0.2741431761064136,
swipe_left/p001_swipe_left_0043.npz,41350ba8e14ea63fc3757985fbbce27b290a995f1e66c5bbcbd921db5bb069f2,9e69ef463f10da57e4af36ced6dcf6c3388d7a49b31d2fc80fe689f54dea296f,9b54ce29968a1157a8d90d95f73eebf8b33de9a95fc73583640166fb2097e8f0,p001,p001,swipe_left,43,2,accepted,,,,29,0.943868599999405,29,1.0,0,0.268867632862731,
swipe_left/p001_swipe_left_0044.npz,c679d2079bcdb9017b128e426920e99c3d958dfd7b1d04e328ae50f9ab0b2ba2,64cd2368b801a87c5544fb0304b2501d3ff4ad06180f37df808c1dabb0ef7b0e,6d469a954cba038d3633aa91af53c8826b0327ec45b49090daf70b4e290a568d,p001,p001,swipe_left,44,2,accepted,,,,29,0.9439322000016546,29,1.0,0,0.27694547470383934,
swipe_left/p001_swipe_left_0045.npz,442cc546b26642aaae58af814cdca2af4a39230b794e7925f4b6917a3d643a01,d8d6aa49db3c4e4d4e65badccfe17e4dec8e29d387ffa5a1345029dacbc437b4,ee73e5c46a670a46f1a80bb75a8a582a972df43fdd46c0c836aed76de9124e97,p001,p001,swipe_left,45,2,accepted,,,,33,1.0718871999997646,33,1.0,0,0.27794351439115,
swipe_left/p001_swipe_left_0046.npz,b16142c381de60d819bc4df84d824178616753c5e7bd2535dddb2032ad2ce088,2a10c5d8157dd15b7a2cc2ec0b45d2fbeb08cc3dfb5ac9b11171bf9574896ec7,d6995a1a81b7561871f1fed9c48ce4d3402a109ecfba049641a150bbd6771a7d,p001,p001,swipe_left,46,2,accepted,,,,25,0.8000579999988986,25,1.0,0,0.16593378019696048,
swipe_left/p001_swipe_left_0047.npz,8d02cf6920a1c7dc307095b23e31e67106da3dae745b06a7dce9e4a6aacd484e,8a647abe0521dc5642ffa9615db247dac1ecdb9253dc86d1269b03d15b590f0e,c1ea36de20be2de77b588787ba4089154404b98a101ed56ea1e65227572a91f3,p001,p001,swipe_left,47,2,accepted,,,,27,0.8799438000005466,27,1.0,0,0.17996785597548148,
swipe_left/p001_swipe_left_0048.npz,35d8ebd6ced4459ec5564b3356a16345237d9268d7165e4fdd55fc6c7bdf42e7,5ea2dd8381dec4836fa11266c4705ab4bb249d504f83ebb717aa410f4d5c6560,e0d2e9de081059515c58f71146eb04e62af23a2b433e7993403c6b0320d61c14,p001,p001,swipe_left,48,2,accepted,,,,28,0.9119596999989881,25,0.8928571428571429,3,0.18304606005037466,
swipe_left/p001_swipe_left_0049.npz,64843514dc77d111194420eac5ba6e2f20403028ad98302e6daedfe478e5345d,7587622a0a496bd46e6ec540de26287c1e3e3ba68d401d2f4f7ab55bb6767781,4ee9610e6506e5527c898c8e25f50ec7172ec82eb8654ffd009b95bd291a7568,p001,p001,swipe_left,49,2,accepted,,,,32,1.0397941999999603,32,1.0,0,0.1869380956084094,
swipe_left/p001_swipe_left_0050.npz,26f2babbd733d9a448a076806f691dcf222e27f676ed1eb8c8d47852ad2420b1,c5836c71094dbb59493999d3604e3b3b03ce947c53a94a044b0abaee7902efd9,4f56486852fa633db7cedf221308b423c4f69df530826d91edc9a02095d23005,p001,p001,swipe_left,50,2,accepted,,,,27,0.8801055000003544,24,0.8888888888888888,3,0.19333149764247703,
swipe_left/p001_swipe_left_0051.npz,b12f3ef7588cc44f5ffa212f015bcf9982db860bdfca800debb163e66622c438,7201caf5f8e7645fb1ac76c9f2962479c960c21064c79c31c5c58a91b03dee31,d04fcaf0007bc4ae9709290a4b3470e412d320673de190f14c3a818c5eedbd5b,p001,p001,swipe_left,51,2,accepted,,,,24,0.7681658000001335,23,0.9583333333333334,1,0.18291493879540294,
swipe_left/p001_swipe_left_0052.npz,637b0e9236d281fb83785bfc1fec8c59362b717dfd74097778393abefe885544,de1103a9f8dfed05433d3cb0912e310aba6a1f5495a7c61c7e0acca37d39b5ab,d1696c0d552d5489b01599335471ea68a114ba43282c2af72f7c38c423f6849d,p001,p001,swipe_left,52,2,accepted,,,,32,1.0399870000001101,32,1.0,0,0.1833248439572857,
swipe_left/p001_swipe_left_0053.npz,1d92190522498466be809983d71750741df24552c3b1dc0c17f9432de914d021,0e90b0874a57878d38d68b0ea69c6b3d751f246b316c40ea1f4f6a745b80f072,df985e2cb1f3530a09bd6430373931d633a927b555658336800f9aa6ccbfe3cb,p001,p001,swipe_left,53,2,accepted,,,,27,0.8801989999992657,27,1.0,0,0.1877989765469897,
swipe_left/p001_swipe_left_0054.npz,50aded94d2faf7f7dcb885214d986fe6dbcf707f27ed006fc3a7cb275ec66842,cc7722567bf26505c3ae303cb24ac92f2c802fac17c2349c45166759ec532ba8,06ac637685f20804e82a3037e68bdaeb58d3e33358ab64fb22453c1bf2fc4b03,p001,p001,swipe_left,54,2,accepted,,,,32,1.0559416999985842,32,1.0,0,0.18528607546821646,
swipe_left/p001_swipe_left_0055.npz,1d84de71618213e989ae63fc5b6729866a9e2e6b616d86fa1488137e71303713,27ea2234fb617849307928a1af2ce5da46ccdfa73c1999a14186ef52038305d5,f10e6d9d619e1d37ca1138ab81a9dcd1c9fe02965475bd5c4c224207e403ceec,p001,p001,swipe_left,55,2,accepted,,,,27,0.8800362000001769,27,1.0,0,0.19267272413592326,
swipe_left/p001_swipe_left_0056.npz,020d4f748528baaece6638022ecd2c72a6d54a154d444a6ec7b99017893ce748,d29ecd11da5fc8d6b544cc496565572f78395e667f22d542a6a6fdc112ce23f6,76e18ea6af77a36cbf6864afd41f3c6502a5e92c65195696701a08d2c3e42116,p001,p001,swipe_left,56,2,accepted,,,,26,0.8319050999998581,22,0.8461538461538461,4,0.1812780048294423,
swipe_left/p001_swipe_left_0057.npz,841f471770798084b720748903db86b313a719970ed7aacabaea3f685f41052e,fdf44bb34c896f906a3b1ed19e5b2e979a348e0155536fea1ae1b7d1fc788082,574fe1a3b29a7580ab27c6b20542afa49d436ae51123fd89b45d1de267760430,p001,p001,swipe_left,57,2,accepted,,,,35,1.1516959000000497,31,0.8857142857142857,4,0.18121496038256799,
swipe_left/p001_swipe_left_0058.npz,d7afc774a50b25f1aedf7ad90b52c91b5e42493dc5c5bc3bd020a502cccb5281,0d23e6ab2195c1bf39b801d30a2a362050186479aac71214619bb26bce3cd743,607b16855e5958ff084f3a66caa3bb4bd1cc1b9c17209ac7d76ce045d9607646,p001,p001,swipe_left,58,2,accepted,,,,34,1.119977199999994,30,0.8823529411764706,4,0.16391875894741642,
swipe_left/p001_swipe_left_0059.npz,4262cd9ace254e2b4023db92bc7a4cfbb7f3c08e0ee5014de75ba8b7410a7391,cb124e61f44929b533dc752761db3c1a1cb84278d23f30c39c7fb8b950158378,84d0340eea370322c7b75da08e22891756a39af12b003ec3e02421a611482cb2,p001,p001,swipe_left,59,2,accepted,,,,33,1.0720032999997784,30,0.9090909090909091,3,0.19166220077374896,
swipe_left/p001_swipe_left_0060.npz,d850cef8cc114bb1ab73c53bd27f5f65e44604a76b7e64c1ed032398bd3c0eac,620f94795082b0dba783c704e7d40abfa77f696d1226bbba249f4b8263479820,1e765c12f466f1f2fa76e6487b1c9feea6f3200ec713ada0f57ff0f787f87acf,p001,p001,swipe_left,60,2,accepted,,,,25,0.8160105000006297,22,0.88,3,0.1612464214118956,
swipe_left/p001_swipe_left_0061.npz,ae0b340cf82332c18e7a53e864e97b7c84f7a7e2e1d4756ef7da70c8fbcc61a0,a9e5025cff542d708d0733f07f7f1a7f28ab7ff93396a5cdd0a3ce892e667614,d6f5de2b92338bb164eade219bc62fdc3a36b5d345cd3346feb2ec4adf2f058f,p001,p001,swipe_left,61,2,accepted,,,,26,0.8317164000000048,22,0.8461538461538461,3,0.19997296031992978,
swipe_left/p001_swipe_left_0062.npz,6c860ef2be19a4e8d2ecbe7e9357e3d8b3ff3407d812c84ca207941ea13839df,055f8f719ce80969fae41f60c672362612869ad62e8e9e74b6ad9e099916d72d,74f4936fc9aa6c8fae280ccf4cc15978d591cc74f5ffc129fe4df3c22d6c579f,p001,p001,swipe_left,62,2,accepted,,,,27,0.880038199999035,27,1.0,0,0.20515314961463088,
swipe_left/p001_swipe_left_0063.npz,746e5c4f3755f38528ea2b19d6e9c58c613a2980365b8ee374a5d596ffe5a902,840497702e670441e40269e09b2b5214905888f49e6cb5ce93b50a689b31932a,d5ae6f2099b4627a3afe4da98a3aeb5822c53ab766c899786042f66e9694c891,p001,p001,swipe_left,63,2,accepted,,,,29,0.943742999999813,29,1.0,0,0.2101222459598902,
swipe_left/p001_swipe_left_0064.npz,104750aa2783584252eef5fed6a097e64b3ad86691c96ded6e045e4bc5a28664,e9ae0594c2af6cd531919b2d05606a1860ae2ae38aba96d3b35c0c35b9b76ec1,e3f278512fbe126404661774eee0318ca73066c2e6d4cb7cf48e894939c9ed12,p001,p001,swipe_left,64,2,accepted,,,,26,0.8319171000002825,24,0.9230769230769231,2,0.20341745045863163,
swipe_left/p001_swipe_left_0065.npz,bd71c59a52f323172ec35566fedfb901ccc0fb1a0974515d797f5b2547e52811,68d86ae8eb3a06d06c422308879ccb5e314ff0d1b080b5d71ea398960ff16037,3be2d1fd92d611a246090326bc0283981c707794180f89fc5caa8e5b6c0fb7ac,p001,p001,swipe_left,65,2,accepted,,,,24,0.7839501000016753,21,0.875,3,0.2044057431840946,
swipe_left/p001_swipe_left_0066.npz,cf6cda2bc6e3614cc18667389918237ccc362b32f4a6cc99e40f42fd52d40561,0b9c76638e8b71e3ece91c3abd98cb1ea307f10cb5424bb18774a6b3245bc026,6719a841b1e9e8419d343f45b90c8f2e0952d8ce3ac489ced08e90804690821b,p001,p001,swipe_left,66,2,accepted,,,,30,0.9759476999988692,29,0.9666666666666667,1,0.21076753483341684,
swipe_left/p001_swipe_left_0067.npz,ee30768500ba6962023d86728404e44ad0f6078a43452ef7f230c0ce3462e8e2,f365716314386c040a5672515ecf0fdf583781b08008197046e4958065e3b353,9faaf90c944159656aecd621da758d4f96e9b9d15169e34f4ce3cb4275fc596f,p001,p001,swipe_left,67,2,accepted,,,,33,1.0879447999996046,32,0.9696969696969697,1,0.2150998380795313,
swipe_left/p001_swipe_left_0068.npz,30ea807c53578114831009610d6ff41d266d9bd72feba5423e162beb45e8340d,43b47a928c4979df3808a9c7c9e80ac57017d481e4708b8df39f7f74a1f94b84,7e9e3bef0937d77a11c9360faf5c1c1002e342e7a91fe405ca0bc98431a8e0bd,p001,p001,swipe_left,68,2,accepted,,,,28,0.9120732999999746,24,0.8571428571428571,4,0.21520827805033876,
swipe_left/p001_swipe_left_0069.npz,d2ec1bed647ce554e82865026ebeaf5c53f8c6b7477811cbaae5b67adde672ce,a43efaeb4c3267492fda45a3de5a46ce63936134f8441c8c32447c48c5c3404a,837c42eab8c5088dc45f4a30a7e017c6335b648c20445a046d43b2af8f2659bb,p001,p001,swipe_left,69,2,accepted,,,,26,0.8479772999999113,22,0.8461538461538461,4,0.3510831062014631,
swipe_left/p001_swipe_left_0070.npz,652863f4f3da05a9f6adf4aaa9e7bb15d3848d2e393cbe3a74b380e7ecce11e8,f8c36068a85dcbef3940ee31f7dba519091bb211089e3ec08d1a82ddc8267a54,995551e63ceb6365e985d4269e3cd87f226eed9b473a3695af4f3e50e8d619bb,p001,p001,swipe_left,70,2,accepted,,,,28,0.912039900000309,23,0.8214285714285714,3,0.3310456685564229,
swipe_left/p001_swipe_left_0071.npz,d242634eadb9280aa330cb99fac817354763038a47461922b3f29214de84ca29,3efe62e5dad93ff26971bf6a431d73b986a388f4a3756f91a536b51b35847d89,d02536eb35c6964dd03b6dd7757afb8931cf4e757c8e5b101b12507c4541590b,p001,p001,swipe_left,71,2,accepted,,,,31,1.0077614000001631,31,1.0,0,0.3507272979158873,
swipe_left/p001_swipe_left_0072.npz,182b086694d4b98c0c3142c90f31dcead0bb3f202ce7cf329a41c6e3a0509c09,08b81c95413762cad8aacd17914328578cc4661c4cab79a6bca897a2c207f107,19d8266f701b5526c021d7c7e43ec131d05424dc9039769233f74a0f99c15a29,p001,p001,swipe_left,72,2,accepted,,,,32,1.0558711000012408,32,1.0,0,0.31656185322928715,
swipe_left/p001_swipe_left_0073.npz,8865c895d91284df973911c1d1ed63959855dc9b8280351027f290342060365f,346dead7cf1874d55433a10b7f5d3c8569fed4f5c755ecd474d2d4fcd036ab67,cdaf424a762d04524e375d8e31e06cce29a6d5e775585fc85f5ee08c79d8d90b,p001,p001,swipe_left,73,2,accepted,,,,32,1.0559310000007827,32,1.0,0,0.31401662494977667,
swipe_left/p001_swipe_left_0074.npz,0e98dffd8c76d44a7e07f1583281699ebdfd0474ad3928728d0b7df9f32bf31c,90cc8c63cf703c501d7a167e88658119d15a3057ed78e092ffe5ae540faa0964,040d23cb6bdde7e27a8a0abbc863a4c735c7b61d15dbff5364dd76e68fff8339,p001,p001,swipe_left,74,2,accepted,,,,36,1.1841942000010022,36,1.0,0,0.3055515708831759,
swipe_left/p001_swipe_left_0075.npz,d6111b5b8133b4334fbb58724811584cb409667f5fbbf8b07c0276ee404863b1,1973251cd1dfad098ecbc14273307ac7400a33de538dd392a3e1bdd0abb43e2e,18babd845e9de39bc63d00bd1f7ab3b6ab06e5b6d377efaa8fa29373a2ce059e,p001,p001,swipe_left,75,2,accepted,,,,33,1.0717654000000039,33,1.0,0,0.30048644559690285,
swipe_left/p001_swipe_left_0076.npz,91cd33a23a5e5561e4dbc3482f1a93e9e796ddaed47639bb66ecfb7e292e8c20,6f9fc7f39bb33f1737e777e320154babb78ecfc3888e95271556d35e09db98db,fa3212cc046ce50c3e5feff1f00df2afbca89d0b9f6990d30aed31ee1af62f30,p001,p001,swipe_left,76,2,accepted,,,,30,0.9759151000016573,30,1.0,0,0.2924832893322489,
swipe_left/p001_swipe_left_0077.npz,dcfac8a8b39707031e263208ffd4f9485cd2f484f67f97281cabe14cc7a783f2,6b8f7c30aa26f5f28e2d8901b93c370b1695b0ace58056cf643bd3a719985b05,905ff2f695b13a65b3f7f8c9a309b145d2e29e2a7c4c067a2ac6284415232921,p001,p001,swipe_left,77,2,accepted,,,,30,0.9921661000007589,26,0.8666666666666667,4,0.3008945381402584,
swipe_left/p001_swipe_left_0078.npz,6e48162e2cb0c85d9e0031c6f2195ace248a743ca0da5efe7eb5b33d447ae0a6,3cb52934779b2329e960ba847f7d59478347a1794418c356ac734df9a273e87f,73b6b48b9fdaf9a04010406a358f266866aa24a25ab2b1ab1023ddab9bda3040,p001,p001,swipe_left,78,2,accepted,,,,27,0.8800428999984433,27,1.0,0,0.278117852378353,
swipe_left/p001_swipe_left_0079.npz,d76be9a591a2ccf2e65c9d07f6d145c116b1d557649197c3ef65d27601b084c1,d1beff309608c51c1f602d84bca2e73c7460c13b1f34f09a1a9de11c95fa2a41,89a6ae2cd389ffe64002c56e67b408481d391546edd765e5a0f6c03f6a597f98,p001,p001,swipe_left,79,2,accepted,,,,26,0.8478973999990558,22,0.8461538461538461,4,0.28139508915354094,
swipe_left/p001_swipe_left_0080.npz,3d4ec184c89d14d8caf7c4ccbe33da0748eb817e2ee5477b2eaf3a1a67428b10,edc308fee581d36ce8fd09677c0e449fbd124e75168da9e780f90b40752f2c0b,babb8c4dc32e8d9c6365b53ce7fa90896c588d28384ddf0cf33c235a07d80d65,p001,p001,swipe_left,80,2,accepted,,,,26,0.8479017999998177,23,0.8846153846153846,3,0.27043089134686443,
swipe_left/p001_swipe_left_0081.npz,c80ab7ac537d3fbcd699d4bda33e5bb262ad3b2225d9f608c9e35ed80ad053b5,4e869ca362a45594ce0e9d6191a0d4604a3d5a052609da2d22f9b5b6e9f7e0ff,8b49f3e7632ffaae60940eb5ac72cedfa62a8fbb67c45fc5050bcca280222e89,p001,p001,swipe_left,81,2,accepted,,,,26,0.8482112000001507,26,1.0,0,0.19941132433501027,
swipe_left/p001_swipe_left_0082.npz,4cf4363d82085b6f9f43ba3876db9c0bff2279ff74727133d26978ed4a18b8a4,b9ee36e79cfada58c9cabbe980ab0d2f806b2a9901a217a16fb3971af4267721,41cd10e1f694bcfeb34a49a9bd4cb461c412e782565d7d4941bcf2296de378bc,p001,p001,swipe_left,82,2,accepted,,,,28,0.9122141000007105,28,1.0,0,0.21427784786805265,
swipe_left/p001_swipe_left_0083.npz,9dde57c9bf13da5d35e0a83f75cba3f6124bae7a56e75f90f81a3057fd284c44,07a41ccd57bb2acadedfe6dd8b45a49ba2c6d8002f453f534a59bca22b9262d0,ff4bfd37d77589935684a96bbdde6f1f76827f9ba488bdfa204136af6e83ca7b,p001,p001,swipe_left,83,2,accepted,,,,30,0.9762745999996696,30,1.0,0,0.19521269722143736,
swipe_left/p001_swipe_left_0084.npz,b99f2f397b9df465a6e38401478fa203612d6e01561a8954256781afcf13eac0,3c6de33bba712ff394aff84b769ab8473384aa0624d7daa009d0352f29f763a8,18567eb65aa109cc16196b577265a54a82dd4279a77936fce3bd1a0fbcd0afa3,p001,p001,swipe_left,84,2,accepted,,,,27,0.8802110000015091,27,1.0,0,0.22693261586589253,
swipe_left/p001_swipe_left_0085.npz,2bde1c503bc24d23e718aedae9fc94bb73c75bbaf6ba980b888038d51e59cfa8,6b4ad504bc12693b14269dab7bc3bb246c9ca508c07df260b9344cc95dd327e5,4d77d71be62c774aa4f1bb52bb111c23008a796872ff7962f85cb129f030823b,p001,p001,swipe_left,85,2,accepted,,,,27,0.8800886999997601,25,0.9259259259259259,2,0.2239608024712614,
swipe_left/p001_swipe_left_0086.npz,76fb5102fcb33002063d0349883e74d7a0ab28fe8842efd7bce8213bac3cd986,9bfdfd4b4cac278ff706baac52f7944d68ff880edda044da614dffd43cd0a3b0,7a4f9d7e952c1074d130e5357a1ffd9025071c04ff0d4b447c29c5911d61d989,p001,p001,swipe_left,86,2,accepted,,,,27,0.8801007000001846,22,0.8148148148148148,5,0.2048634591442552,
swipe_left/p001_swipe_left_0087.npz,fb5f888f659b6d1f3e372abd217b4c47326fe7f33927145d0a1c02657f3b1202,d6eb6ba449ea30b052edb3d8e0dd7476ea22b51475e2bd13ded813771bd7b982,9a1f7a669ac099753c338bdbfcb3205c7a7ca3705019db3c463b456a234ce04c,p001,p001,swipe_left,87,2,accepted,,,,27,0.8800517999989097,23,0.8518518518518519,3,0.19293429705672047,
swipe_left/p001_swipe_left_0088.npz,9907b1457890b88da4e44e9ecbc083fffe0abbb7d3065a29eb41383ccac9a95d,5fc48fe40ba14e0ca619df29f283307f3dab9258f244e093cdf854527ec15495,56f83d962e40639447ab744fde25b3afd78b6d1c8866f9add135fc92845f2c0e,p001,p001,swipe_left,88,2,accepted,,,,22,0.7040835999996489,18,0.8181818181818182,4,0.19797442965244244,
swipe_left/p001_swipe_left_0089.npz,f4bb1b0de63c8627441ea5ff8e36939c5717161be9df166e21496e93082bef34,9c136f1fabb7714e85de7b3150059040831e0d837166a9735c20c6f6246a0ec9,2aeddd4650bad25c6b7b91ec1f58d743e8c8bbca1145310d6cd37cb58695b5ba,p001,p001,swipe_left,89,2,accepted,,,,24,0.7840357999994012,23,0.9583333333333334,1,0.20050804150423135,
swipe_left/p001_swipe_left_0090.npz,edfcc5005926ffe37f790d0b10e7f5aac36fdd49749688b703dffebbb0a7766c,15819c1930a3d5efc3717591f2af13e513f9b73c6791269787387b7b56aaed7a,71283ac9df9c02925f6b29e5994c48b076fe3ef67743c388d190520a8ee537f7,p001,p001,swipe_left,90,2,accepted,,,,26,0.8318875000004482,23,0.8846153846153846,2,0.19961970820046165,
swipe_left/p001_swipe_left_0091.npz,176ff59a6828c39afd534974e1b59210c4dae33f16f274a538d723d7b11b4039,7235593ce47606c4de21d6e2e2c1b87c8849176bb6100ef26f71bf4cce4cfff3,e826094ed5e02e43d8e4bc3030dad1e13305bd9a235209982e13796f3f3677eb,p001,p001,swipe_left,91,2,accepted,,,,24,0.7680637000012212,23,0.9583333333333334,1,0.19856486434932455,
swipe_left/p001_swipe_left_0092.npz,f6cdee976e76a7a57b9d72abc5b52e5b71a22aa61ee2aaf40cb17b6fd8e8b823,cadf639073cd49482d0750cd33228dcb1fb6fa150a5fc9ab9d2cadab101b7903,1b124bcddc71b74d14eba2f0ae7b318ca4f987a1dfed5ff8440d8a6d657b09e8,p001,p001,swipe_left,92,2,accepted,,,,28,0.9123428999992029,26,0.9285714285714286,1,0.1942302183943086,
swipe_left/p001_swipe_left_0093.npz,ccb60fad1c724793a883e6415506787980d6aee990776668cbffa937c2df4364,6b5a7c7bedc910c5880bcce0d54f0ca19dce9600e3b62f2471949553b5a1a29a,1822175e30112b2b8a1e480598d5423843c12ebb36152eb0f4d5f82636b343a8,p001,p001,swipe_left,93,2,accepted,,,,27,0.8798054999988381,25,0.9259259259259259,2,0.1869782954896728,
swipe_left/p001_swipe_left_0094.npz,d7be0aa0e11fc09f4d6d642d1254cfa633bda80b65c516f3bb90cfb0b79eb0eb,38c072d5afbb5d6015017c7bece64e72dbdc47f7dde5791665d872387cc1adea,29cc902f532e21e91356edf2ea841891d6565b78709ef1dc8fad87ad13a4deb6,p001,p001,swipe_left,94,2,accepted,,,,29,0.9435286999996606,29,1.0,0,0.20292231877260253,
swipe_left/p001_swipe_left_0095.npz,e8f93270d5402bc80055834e803cbc6ea7b8e74f7b8c7e6e5fb4851a108bfe18,51212083a5b48d1e82cc1f6e1c3ba1fa2b738c088b495196970983830f6271e7,f2228e87766786fda5f26aad952aed1b3bd0e9f92cde3b700f9e8424b9450a44,p001,p001,swipe_left,95,2,accepted,,,,26,0.8478053999988333,23,0.8846153846153846,2,0.21479129299917582,
swipe_left/p001_swipe_left_0096.npz,6df1469d14aa09827eb4c353c898a670387e37e37b9b7112e726804d011469b4,504e68c98182e97e174177101c33826351c18c0d31109462c899bf328c6c93b4,221ba1555af8b0cfb34b8b6096682d431913b95fe11a346f71a0c2c1c18fc677,p001,p001,swipe_left,96,2,accepted,,,,26,0.8479619999998249,24,0.9230769230769231,1,0.228544929847914,
swipe_left/p001_swipe_left_0097.npz,ddb681149baa610bd7fc6d8e5cc68d1d78b3ed4fa39c699120f6eb8922d82a96,9956fe443dd463a7533123b8e4cf4e38656622f20ab2fa7cf05e5a8e40ab24ba,2f931d6cb30fe367fc4f84a322637bf1ad142d7dcc6eed346709381cf0e4045b,p001,p001,swipe_left,97,2,accepted,,,,29,0.9440938999996433,29,1.0,0,0.22244796301991254,
swipe_left/p001_swipe_left_0098.npz,4527a9257b3ffc2987af23b6d75506bc6c2931bc79799db0e180d26130b7819d,4b75cc2ae7dd1e1c24940cc7e302e7fd637f475f30d894d8814f112c3d459115,7bbfcb9a83b113c43cac6e883a063f41179d4df8e4219e34eb46aa296b6b1909,p001,p001,swipe_left,98,2,accepted,,,,24,0.7842099999998027,23,0.9583333333333334,1,0.21361096781919886,
swipe_left/p001_swipe_left_0099.npz,423e0f0f74f0103a90f37cc6b4c85c5cdd49db0b1d658415ed52f87d6f60c822,3abeceba88699adaa344563163b5f45265138a07aa3d0bbf745849bafb415f17,e7227448b1cb6f7e1242a580c4956c2f04d868d5b614c95c1f9a283f90a7367c,p001,p001,swipe_left,99,2,accepted,,,,30,0.9760674000008294,30,1.0,0,0.213137895412008,
swipe_left/p001_swipe_left_0100.npz,94b9362595fbba05b5deb977bcb10fb11dfc6a7d0cce7ebc0e78d84d8ab58ee9,d8569b1edc24303aeeba13693d2c0b21c6f52e1fe8d716d6b6c47b49b8f35866,87860f0df351831bb7430ace84829f7ec6b0a8c921d7742899c0fe9c19a3b97d,p001,p001,swipe_left,100,2,accepted,,,,29,0.9599745000014082,25,0.8620689655172413,4,0.22247553494752187,
swipe_left/p001_swipe_left_0101.npz,804544a0ad889ff4d7e76ce5f8522bc8dcc3c673ebf143feacdd095f9beea0ac,94c8e6c1669badb9a7d57a36a1c578fb553b278827b021438def314f6914a6b2,ebf015bcec557be8c84caf179e6fa555a48f6708e9ce9f49e8a1e5e7254bf415,p001,p001,swipe_left,101,2,accepted,,,,30,0.9761665000005451,30,1.0,0,0.20584838816099565,
swipe_left/p001_swipe_left_0102.npz,22192f0ca7ccd3ad9eed8b1ba844db7319616f557b69352bcad82522adb2474d,ffa119689bf5b08566cfe113ac6e5c097271c1609d6df25add075acadc5ba0b9,e3d167c51738f47c3b529f8f542451413c093f0dfe174fe3571b3c9a15efd711,p001,p001,swipe_left,102,2,accepted,,,,26,0.831920300001002,26,1.0,0,0.20356776306086913,
swipe_left/p001_swipe_left_0103.npz,5b8c24761f0d5e010bd2470d67bacfbe3aa4a6c0563a1e6c66cdc3dbac9861d9,83a372baf107868c6a4654f5dac62508a528cb71dded2137c44e008388f13789,ee04ba71d352d2f847d9238fa5376f9132d22cf30db671ef1db505afc8de860e,p001,p001,swipe_left,103,2,accepted,,,,27,0.8798322000002372,27,1.0,0,0.19965030999353175,
swipe_left/p001_swipe_left_0104.npz,03448862730518122e58b8e1749f791e758d6b8c17a234820cb458f7926c8670,f993d82c194a0f87e77acb3b514c1aa4feccc55a798ffdc8baf7f5232f09efc3,ab7195e75ddb6bad4d8b89ea737f39b816c94bd2c4e9e72f54cf981c1100e98d,p001,p001,swipe_left,104,2,accepted,,,,28,0.9122094000013021,26,0.9285714285714286,2,0.21327620605565073,
swipe_left/p001_swipe_left_0105.npz,27ec22a6671a5b4cbca26973e85c2639fd28dac6e42606b01b44a716a02f3ee5,01859b8fcaee8455c636d855ed0c8b5cb384b775e7a018a8ca18e8886a8f2a52,6ddb5b25ff4639e411721858604ba5ec3a689b6d165a64013d687d75a3d4a776,p001,p001,swipe_left,105,2,accepted,,,,31,1.0082844999997178,31,1.0,0,0.20872219410911716,
swipe_left/p001_swipe_left_0106.npz,95340bf8ba1a5d03862658b0dc3280969653b20cba37256a8262740f10a2a12d,54175db506a4525c6d6390109946656183358dc59db6534e92524a8ffbf8b748,4cafae0a72b710a24f5df414d3c3aa068d566323ece90df70fa1fecb0185cc44,p001,p001,swipe_left,106,2,accepted,,,,31,1.0081647999995766,30,0.967741935483871,1,0.22156113000270206,
swipe_left/p001_swipe_left_0107.npz,4b726462ed7eb7c6ff49fd512a2a015f2b376be92e79bb7c9a9eeabfcc651dea,aedfe7ba6b347a430c24d87ab72271bb5f68680c8c525205f818f75aea1069c3,1fa13486c6d479b6f2b9c876988601ddd4d251a169815111bbea804a57406336,p001,p001,swipe_left,107,2,accepted,,,,25,0.8128132000001642,25,1.0,0,0.22474553437469635,
swipe_left/p001_swipe_left_0108.npz,8c915105bff522024ffa43bd2dd25e60201a8ab500e1233b82a65dc1c07cb0de,8fa58f623e8a9b9682fda3fc5b5385a31a6dcb0dd1280990968c52da1e96cf08,5e6bc76178758e36d5453a3f6134e1b59221498e77e9bddde91fd6ff2fb391dc,p001,p001,swipe_left,108,2,accepted,,,,27,0.8801769000001514,27,1.0,0,0.2318705548589028,
swipe_left/p001_swipe_left_0109.npz,c88dd2295d93dddd2a984354be57fc2c9cf90b7320c9a0b18d0f9bbc3a9a6c82,d6cb00884ce763bacae6d5dad03005bb58e390d94a5b8157934b33257e036933,80bf988c742cf61a81aedc518e84b71e12bbb03633e189f8ea73940e56153b22,p001,p001,swipe_left,109,2,accepted,,,,28,0.9118042999998579,26,0.9285714285714286,1,0.22181243970121212,
swipe_left/p001_swipe_left_0110.npz,b658086f916edc5e973448e3a495d20158523f9f1b27e725d86cc03f6c16c94b,1fd6646893d0560862c06e6b46c8309140418018f2377b41e192c13160b720e7,1524c41d9e37e96332c1d5799778ce646ff6d4a2d6b67e5c8ce8c0e44e4607f0,p001,p001,swipe_left,110,2,accepted,,,,29,0.9439376999998785,29,1.0,0,0.1957831791937072,
swipe_left/p001_swipe_left_0111.npz,733fdcc7fd6823bbc6619d6504c91ba7512244ec78d9840ff1c4c24f773b7bdc,88f36b43503f763600eea36714ce7c52c122c2aa2f9364f784e3fcbd343cf465,791cee05be1bf1b51d5e26017032aa75aaba18604f80ee507182cf784242e2a8,p001,p001,swipe_left,111,2,accepted,,,,29,0.9438275999982579,28,0.9655172413793104,1,0.21473423022172405,
swipe_left/p001_swipe_left_0112.npz,6a487bf257f93d19dfb71219a7fd6862e6819b477cdcfcc277b8eef6ee4f4bec,ffcdfd9d1e34508830dec9d96b161107bedde35c90de03247cba13e5c8ba098f,16e87b7d5ea4d42d106a7820889204ce62f1cf9ec1fcdcb2e169c5a3ed9fa2a9,p001,p001,swipe_left,112,2,accepted,,,,27,0.8800731999999698,26,0.9629629629629629,1,0.21182478676966687,
swipe_left/p001_swipe_left_0113.npz,215aa45922f84e90594697995b94047227437c30a901ef5d0eafa60d639bcdfe,e1646d7aadb130129d721c87224c0e504520035207e141fc031f65e1e6c7d95e,866c2b13bb1f3585e0893f312c6fb283749b653d28a5141037f1fb056d6823fb,p001,p001,swipe_left,113,2,accepted,,,,28,0.9118465999999898,27,0.9642857142857143,1,0.22399994567098683,
swipe_left/p001_swipe_left_0114.npz,8aabf0af9a94afff9f0fbee433067bef87cb19f4194bbac077cef7ebf0812b73,152e661dcfe7de643dfcdfb422e806a4f66c1bd030f3d9c0cddf6a046eac1695,97fd06ae56fe0485fbb2fba103dfc18026e9fa3a248fa5264bc24c0b0411f83a,p001,p001,swipe_left,114,2,accepted,,,,27,0.8799534999998286,24,0.8888888888888888,3,0.22089964070343343,
swipe_left/p001_swipe_left_0115.npz,b853ee53e93409164ec3364fe06b5931e16aeca8e743c0a0929b6c4d0d671947,910d21ec12776f32005b5c1388073dd9e23aeb9d1098e2827449cb84e6b74500,bca18e0b7daa26dcd6a6a0c78a45393cee92a1c53135b26d78de1c1a94abceaf,p001,p001,swipe_left,115,2,accepted,,,,26,0.847866599999179,22,0.8461538461538461,2,0.1803478558928378,
swipe_left/p001_swipe_left_0116.npz,b0bff18d60f34877bfaa2ef7ad11f86e7de2bfe0c2ec9962c65fa97c61c0d838,f00fcb3810ad8158f0ed840f3c24fb7071c5cbe7dac6e72710cd57992c6fe885,cc45748a063a99a627df7f9f6ef6bb53bca5e5c3f77dac9cc21ff8ac7bf480ae,p001,p001,swipe_left,116,2,accepted,,,,30,0.9758316999996168,27,0.9,3,0.1957266153157594,
swipe_left/p001_swipe_left_0117.npz,eb02d35c5a206893790d99d74fff9ff4540f79ce00bb77a589898082f8c86ada,eb45cd09014065a371d25b5839b23d621c567b85df4a5b1f2c222536b7147d74,c391cab81d99135d07c60b8803b00c44c7c5826a951a0c27da53108f937a3106,p001,p001,swipe_left,117,2,accepted,,,,26,0.8483059999998659,23,0.8846153846153846,2,0.20091805412919406,
swipe_left/p001_swipe_left_0118.npz,4fabdfa7d25f5bd3ddba9214848f50ff2063d9dbde82c9af306b52f0e7d7abf0,0604f57068a72cad315a04eca9f9fdefa90d51b851b5a5209add26784a656995,b4bb6c38fedca388ff6fbd7935ce6ab352a366162a4d97ea83207eacfb4d31b7,p001,p001,swipe_left,118,2,accepted,,,,25,0.8161777999994229,23,0.92,2,0.2096457079867278,
swipe_left/p001_swipe_left_0119.npz,1dafcd3653c23e89178807a83b59c1820106f6d1aa93518814bc13f669866a3d,eff177fd98370ecdb3fd316d7e1593ab7043e6630df3be5f4610013bb7d6f513,87e48f10aa023ea1d8249bd67a563acd8194bb9ac02baf2703862529b0173bd4,p001,p001,swipe_left,119,2,accepted,,,,27,0.880089999998745,24,0.8888888888888888,3,0.2047310578728555,
swipe_left/p001_swipe_left_0120.npz,680e1cde65d97621a222ec856fb91df684b8b4c391fd4e82a4e900987d9ae2a2,8aacc206bbbbf90a51405a73e101cf65f945d5b76dd210492d97c73b48da4843,8f67acb5fd73023f4b5a36a62476eb42c86d46dfa8e584648e6e5a09ead84918,p001,p001,swipe_left,120,2,accepted,,,,34,1.1200081000006321,31,0.9117647058823529,2,0.20447264836448456,
swipe_left/p001_swipe_left_0121.npz,5f82028fbfe239222156460a18896d74fb6bf65746831396fbb419c57d6015a7,3c1b6e6440d36af0aa42766a07bde61b3f5c239290d5e632a928d36323d39b58,17576eec75c86d082978bfa3e4f63aca35b64004456a02e28dda5b45126c119d,p001,p001,swipe_left,121,2,accepted,,,,29,0.9440950999996858,27,0.9310344827586207,1,0.17167160605452958,
swipe_left/p001_swipe_left_0122.npz,ad6c59d0304e1391b7f8491f6c687d9f53410d900e2ddb16ab64eb0f6a8c9062,5767372ec7e976596c6b54318a297dfe8a3d24b1bc04ef792e68e314168360f9,e5438b670a0c76e70e06d1582ca7834bc05742de9b14a158a9e52703ee37d8ba,p001,p001,swipe_left,122,2,accepted,,,,28,0.9121672000001126,26,0.9285714285714286,1,0.19429565839876972,
swipe_left/p001_swipe_left_0123.npz,7ec100feb09118d7507580de0deabdbccc8c848d66a100dfbc4bd2c799d1315c,3f4efa73067ce75f217523cb459269fd9f64c07ac02eb85b8fcf78bf653ba994,8431affbab2bca663b495fd3afe1ec439e6a742fd74453ace02b9addcf8f4fb6,p001,p001,swipe_left,123,2,accepted,,,,27,0.879928899999868,26,0.9629629629629629,1,0.20653470861199263,
swipe_left/p002_swipe_left_0001.npz,5d1063eee5a94f3cca45b9b502f180105fae505fa3350d5c1b03e9b725181882,c11462e2eac0dce149629f74644ce7605d9904343448095d9c43b20fc8ea76f7,f822295eb7373ae8358316eac8a4e59c0a192259dd6680c07556a14a34ff0986,p002,p002,swipe_left,1,2,accepted,,,,63,2.063130100024864,63,1.0,0,0.1947558713084872,
swipe_left/p002_swipe_left_0002.npz,611a6d867856fb8fe402ac78dacba24559c562d6381f812102cc07e57490778a,f699fbce93b2db0fe781701e49031b4fdcafa64128b5837357a2755576934525,b36c6a1a2b6bd4a0fb5547a1bde3e162b038619c030e7d74243b43f0ef7fabb1,p002,p002,swipe_left,2,2,accepted,,,,54,1.74588119998225,54,1.0,0,0.1383697671030692,
swipe_left/p002_swipe_left_0003.npz,95f328012360e304f0169c8e1766f353b01729240c56ee86bab5650c77d2fe94,88eaac240e2c6cffb4f132e4e8fccddc75faf93033afd2139fc087d535d6c4d3,ead3b2d3165b1c387a9354829dcd271c7f70722e87d501307479d59575b4e04f,p002,p002,swipe_left,3,2,accepted,,,,39,1.240210299991304,39,1.0,0,0.2501164899404668,
swipe_left/p002_swipe_left_0004.npz,a3df9008a93ff816027a1ae0755acf04624e849d21e79dd70f7b8c01b36766b6,d960f192e42757a17aa99a75993554e0ec9cf36cd4b1f9962d592efa70a1a229,d6e726b7242678b825ac38be003d7fbdf0d6582acbbbd7300817c2c72335a722,p002,p002,swipe_left,4,2,accepted,,,,26,0.8281152000126895,26,1.0,0,0.2157083805965032,
swipe_left/p002_swipe_left_0005.npz,c67f6616e0deb1235ddfa2e9c04e1d0f2f8fc2abd1cfe4482489f62301dff336,595b90d7b7333a03ff07bd5ca02b7e853bf1bfe3a19e82f9c8631c2c36875b01,e6443da0e17b5c2a63ad0a21ff21663f746248fc9e7ced63d2e40a025e0dbcc4,p002,p002,swipe_left,5,2,accepted,,,,50,1.6239786999940407,50,1.0,0,0.21023883154078193,
swipe_left/p002_swipe_left_0006.npz,8a0cfc1765a2a8c3590841a01c89897817cc5ea4ca05c9935e034e3b55e067bd,2fab4197f99a66d3d8c5b442cae6ffdad6652f85cc0a10026ffe5174ebb1c835,ba0642883ca88e02be8c323ddd22b19563618435c4c027af8a9165a80063cd60,p002,p002,swipe_left,6,2,accepted,,,,25,0.8018214000039734,25,1.0,0,0.20052175339639852,
swipe_left/p002_swipe_left_0007.npz,4ac80f93be1639d12c0ae6ebe0b15a11388b256a31b9485b01705fba132300fd,f033cf572ed69aebce1ef51053d924c24b48d8e51a6424d239dc13c58a552458,8e19127b8435649ace168e0a8eba1aee6e308e6affbc83d029196cc467d1afee,p002,p002,swipe_left,7,2,accepted,,,,25,0.8006175000045914,25,1.0,0,0.2314762512612628,
swipe_left/p002_swipe_left_0008.npz,9ddfe0452b315870df799a66d4430ca527e0f36b1d20f1de289450d9a8de6d14,58bb99cf3943bd7bd6ec6696ef2bf843177ddab1acfb1f9886ac77edb86fdcea,faeb7c4c4cc0f1a8f643e27ea7455682632edc9c7e2e06643e5f21cb7c4118a0,p002,p002,swipe_left,8,2,accepted,,,,28,0.8879511000122875,28,1.0,0,0.26387965087235143,
swipe_left/p002_swipe_left_0009.npz,f77aa48aadbb7b099a9890c3af1145bd7281fa655b95d1e3fa148fdfedad2d80,14ed9f50fd3227c6c42e7d285c279455f58c3c7e82347ce16b49e2543bc0fd9c,bd1c0de58b9e778a54c60f2e5e4a431bb227b269eceffdfb4d7e9b6af4c67168,p002,p002,swipe_left,9,2,accepted,,,,74,2.437597199983429,74,1.0,0,0.2495101826518215,
swipe_left/p002_swipe_left_0010.npz,bb7ac2316a0b9d2ca07ac7ce504c531d4ea64823165510fb0609a3dcb42190bc,2e00d99eb97ebcdb38d76419563fdbefbbe06e2181d1736ba2e88e167b6d05f8,04de25b33760e99d04b64fe45a22157d92350d4300a6fe13ade0e0f1fd5e70a0,p002,p002,swipe_left,10,2,accepted,,,,73,2.3760774999973364,73,1.0,0,0.23800612719791103,
swipe_left/p002_swipe_left_0011.npz,c3021a290f47889cb79b638912c139b32d0dc3604d139472a9a4ecec509eb2ee,38e4b0bf4893734c20716b9e08fc8ea34ab2c00a2589749fec1653eec1244bd2,305ed6cd6f6fcb102cb6640f743ec1583ad7f40a0b23f8433f6435d71c01294a,p002,p002,swipe_left,11,2,accepted,,,,112,3.6930091000103857,112,1.0,0,0.1566929188974081,
swipe_left/p002_swipe_left_0012.npz,18c852812427e133d8268a19d2c87e0f17ebef5e8a4e2238cdfffe441aa43cd6,1138ab90bb687aeff82ec1ed4cf57b45b8c65e8e00424d6676eaf69560adea2e,6e3693c04a52681c6727ece8c747afa36a02470b4e58df984c7fdcebc9610aa4,p002,p002,swipe_left,12,2,accepted,,,,53,1.7358351000002585,53,1.0,0,0.13750424039877426,
swipe_left/p002_swipe_left_0013.npz,6e84fade92ef3f310aac930bb0f3a7e24921ccb5c849fb54718590cdab3631f4,fbf58809f7fc2395bf733efe3507c1f9cdb2b553bdf15f1ab5eabe54e645a4bc,1314c8779490dc0f777cd10cc9b3e998d410725c688772acf407776cc14d6bf3,p002,p002,swipe_left,13,2,accepted,,,,27,0.8574731999833602,27,1.0,0,0.28200111909623904,
swipe_left/p002_swipe_left_0014.npz,c2da551ed21af560b8217351adc81db911cdb97a432e7e4afe71849c50829732,3f6b02440e9cc9533dd5dcf87326bf4ea21bdfd6d7b9c8c851d3c6488d0f95ce,d23694ebc283c919e0f1f851d8e6dda56938222f039d542b177c1b5e4202b2dc,p002,p002,swipe_left,14,2,accepted,,,,32,1.025326299975859,32,1.0,0,0.34187995896303586,
swipe_left/p002_swipe_left_0015.npz,ca013c9dcf6ff2813ff2593a1eab1de0b076bc0462a91cfd3d9ad40b60f93cd4,dc19baeb0b0fd9306884288b13d3e0f2e1dc4ee4eb4bec8d56cdd7d646c54ce6,a27988acb7668c715a018ded581b68230d0ee45853b71098359d1e67b97fe851,p002,p002,swipe_left,15,2,accepted,,,,53,1.743337200023234,53,1.0,0,0.1881033775718773,
swipe_left/p002_swipe_left_0016.npz,8863b1c8d9dfc1121f2ce601f338e8a86ddec519e03e14b1fd3f4aff81b0dbf2,a269dc107f3e139f99cd9b632934744325012c2f903e24fe2f11fcfd8050e6d1,81958d66ddc490f3d997fbac16ad2d8c6aad76a64a46d25ae699b7556e4a1f2d,p002,p002,swipe_left,16,2,accepted,,,,62,2.0295410999970045,62,1.0,0,0.1881796419444248,
swipe_left/p002_swipe_left_0017.npz,d648c3a87eebfc4560c0688007353f4076649d0e33ce409c16db29c551cf9349,2f82e7eee73d6bd88021a5affddf108b416f4485bdf634aee63b081193eb8723,3f1c3116b3f5d682d677e0e9d26f4d82e66bd9bc8a6971a4d2cac49f151ebdff,p002,p002,swipe_left,17,2,accepted,,,,47,1.5278683000069577,47,1.0,0,0.23388125503712753,
swipe_left/p002_swipe_left_0018.npz,ecd32779c972bbd2d4efd1ec436f5b22b6dcd8c8b348de27a12e63aec7d48f4f,9125cfb2509ca6fe998b8be23db36680912972a343154348c6f6ca3119436876,ef76d54357639ecf15a925333880c87db06dff812ac8b6cee1bd89a28c4777c6,p002,p002,swipe_left,18,2,accepted,,,,58,1.9034467000165023,58,1.0,0,0.1845160043734444,
swipe_left/p002_swipe_left_0019.npz,ad6684bb92dc7f160385af09b63b7f48089f5904e0db136d3295df48b5b760db,eb9ea086b7a70ce19f79315273e74a5b5243c4c54a30f40afd56f19d50e4334c,be577320db58dad9f3b9f19b31276ca62d7b38b5b4b00aa75b2118f9c3deee66,p002,p002,swipe_left,19,2,accepted,,,,54,1.7711788000015076,54,1.0,0,0.14055123073314518,
swipe_left/p002_swipe_left_0020.npz,bdb9f2fa844725d121292ab9cbce88dac8860940a95b3245d021d0b4a686267a,0b99fff9f109806143a7057a66a0f75735892d2b41ec9a52427410638c84813a,c513ebdfa2674aa18fa438917d303e852dccd482cd43fff413092d568f1030a4,p002,p002,swipe_left,20,2,accepted,,,,37,1.1820925999782048,37,1.0,0,0.16845798808199094,
swipe_left/p002_swipe_left_0021.npz,76876c9c5b343f94369d1aad3520662d7c80be24ff101d4b549b55c6226dbdf5,dbb475c02240fdc7a2dcde477d63436a4f88ecbb6e57c756bc76145ece7fb43b,f790af05a832bbf24f7e0adf901a89177601ee586636bd8e81f23aea762ac338,p002,p002,swipe_left,21,2,accepted,,,,27,0.8700788999849465,27,1.0,0,0.1775853225099394,
swipe_left/p002_swipe_left_0022.npz,840e8a0923cb78cc4ec15ab00d8bb29c650ac0642b8c9bb8d8a422d6517a5e98,db7270abb113693d147c19873a0c40de4c747030200c4c7198f13a3d6bd3d881,eb17a23fb6f86222c68f623276699f77dc316797787e1d88d30869f32bd40c54,p002,p002,swipe_left,22,2,accepted,,,,20,0.6242826999805402,20,1.0,0,0.24771300702232485,
swipe_left/p002_swipe_left_0023.npz,a56c15091c4ee16e5a56361dbdae218a648d974cd946fafd2a11e33dae82bccd,3425d1d9b076250293aeec6b3e89a220d5ee6fc074a66ef0d6f780cdd8de1144,9cd079ac2a859ca439d643a6c9974aecebbff9147521868add0536ad35cb1bb7,p002,p002,swipe_left,23,2,accepted,,,,83,2.715598799986765,83,1.0,0,0.1760985729084929,
swipe_left/p002_swipe_left_0024.npz,2d785809832f556ea2a1c7db6808fa9866f067cc4e0ffe20e0bb046f6ea18cfc,7e517bea941e691fd166c503560c77b5f66161051f17a1b01433a3fd6b4ba1a8,9c524bc948108679f32926c4eddf2205e9dd861704bc001c6402cc977033603f,p002,p002,swipe_left,24,2,accepted,,,,78,2.5561227000143845,78,1.0,0,0.1685269124852024,
swipe_left/p002_swipe_left_0025.npz,bf0e609087ec3d3df53c39410ad147e1fa97422151c687d1557fed73d69bbee4,cec22d4726bc89766a696b39d9683c7847e2e06c3d1242fc301322345f45431d,4c1086646a1ee6342048f524d8264299284798d841db10e631efd874a2ff0802,p002,p002,swipe_left,25,2,accepted,,,,51,1.6659289999806788,51,1.0,0,0.16595622278398395,
swipe_left/p002_swipe_left_0026.npz,51c47a85f70b6c16d41aeefeb56a81ec59eda0b6521fc2aae93a6bd35bff072d,ce230c1f8236c2093ebeb0308a838b9b535e89f4fe40e5906751729d772b974e,c6c9f0dae1f1093c2bec3f16499a2821bc8affefe30b81d7c40dcddc8072f653,p002,p002,swipe_left,26,2,accepted,,,,61,1.9843323999957647,61,1.0,0,0.17432339478549996,
swipe_left/p002_swipe_left_0027.npz,6a84a16404c1d709b414ba9657946c5fa76be492b1cf597dddfc5b8bc9c55f56,8709e3994196db165610f094275cc3d03f50d6608f3f7525df5bba911e1bc52d,b63ae2f39c9a8535914390b74b32a48b7c506ed01de5bff4be30e44970a7552b,p002,p002,swipe_left,27,2,accepted,,,,72,2.373065099993255,72,1.0,0,0.16643794077870067,
swipe_left/p002_swipe_left_0028.npz,7d9d0da33a3e219cd25eb8456a4eb2a10ecc54b6b9caea4c90c4f2fcbc2bdb7a,3d5372609bea35e4fb04039cf37617e09391c6c20a3012a0853d128bedb8994e,e1eb76c2af2fc632f151ae8096183a3efe2970cf84f366ffb9057ee99c02fb0f,p002,p002,swipe_left,28,2,accepted,,,,63,2.0619959000032395,63,1.0,0,0.11535253136452157,
swipe_left/p002_swipe_left_0029.npz,669ea6e2a644971079c8441872ef86b017297ede7d5259c9f5af4593db62fb58,a28c4c43679017f4de28296cb77621139ab1a2e98a30de7b705e26a53d24a983,8fa2b587bbff1cd55d27f273e2ee17753f09698e0956bdc1434fde796ffc71ec,p002,p002,swipe_left,29,2,accepted,,,,48,1.5669957999780308,48,1.0,0,0.2364358805680877,
swipe_left/p002_swipe_left_0030.npz,ebca731e6e0040fce84a92a60c032f4a10a292aacd13968c0522a7e7bd91d613,a8e1e7d2f872ab2a2759026c916f761dd6950f6be1236ef5f564b917a1febc16,6d7177c367b93b4308820e11e4d09e9a94bc65f946c2d052b24388f67ded7407,p002,p002,swipe_left,30,2,accepted,,,,53,1.7385623000154737,53,1.0,0,0.2381487194360439,
swipe_left/p002_swipe_left_0031.npz,dbc322b8ba4fbe09aabd95d58003ab7075bd3d736a6d763e01dda5f87b6fdd8a,4ea519d1c290c3b60448a628e2eb03487423d4f10e4c61dc6aa53f864594ba4f,cbf7937c13fc9ab9aa3e4c06fd872bc5941e61e7459c4745a40e716697540b12,p002,p002,swipe_left,31,2,accepted,,,,66,2.1551544000103604,66,1.0,0,0.20235681637993438,
swipe_left/p002_swipe_left_0032.npz,e83f391dfae1b4a323172900cbab1a2e126e67ef2dbb345dd222d3f9acb824e8,bd711933173f89c78447720d99e1160766e5c14df74eca56a37658ae359c1b6a,9333e5315799d259dd8dcf7396482f2a8e27ceaf6968b3e71a9c528d2287cc15,p002,p002,swipe_left,32,2,accepted,,,,37,1.1823406999756116,37,1.0,0,0.2038291059799711,
swipe_left/p002_swipe_left_0033.npz,e0c4e946c73710b7d7ddb9223da99e1d6b8679e152f9239e2b022bf0e42a9c52,8f58c0ec388e9d13af7d7fa6177c0afe66413d0b0984e01b581db7f056336060,b14ec174616b4b4957790939fb1b187c75d6df7264f72c7543d07a83a6f1dc13,p002,p002,swipe_left,33,2,accepted,,,,38,1.2444155999983195,38,1.0,0,0.19911161032983382,
swipe_left/p002_swipe_left_0034.npz,e32c9bb3b2753d00ecc8edc4df0460846be6f927e781b9984820de1807ec359f,2099754d5597124b9f3de9294c970762d0972611089ff521a34116a1267004df,5f82a14daa53e8657aec857f34bd7252a8d88793497a5139306e68ce61c67a70,p002,p002,swipe_left,34,2,accepted,,,,53,1.7102577999758068,53,1.0,0,0.1915638393371342,
swipe_left/p002_swipe_left_0035.npz,86552bf89f323208cd39cbd828a07d607f6e186b01040a8837b85425e82b5121,c6d763eaa6fa2b4b59dbf7bcb6f58aebccbce7fec365d8b2ad77c70d3df703af,ea714c80fcf471b5d1cbed9baa1dcbcd21e768aa2a25f92e388266a7a813b327,p002,p002,swipe_left,35,2,accepted,,,,33,1.0679528000182472,33,1.0,0,0.20822274437533533,
swipe_left/p002_swipe_left_0036.npz,b26c0f90c7bdeb544711e7c2244523b51c6957672d9086b9649afb9532fde812,453574fda09f8711c190c41b073df5d8d4a574189de0c092ea7e538d2db7bba6,6516a8452ea9fb476220b4dc4f078ffe5d3bdb1e9c9b4a3968022b0dd5e67126,p002,p002,swipe_left,36,2,accepted,,,,26,0.8204925000027288,26,1.0,0,0.19505698229279378,
swipe_left/p002_swipe_left_0037.npz,99677b481e797136ecbcddf25eb8ac175e2de12a05fbab0c3985528a07fc2972,170c357fa1b5cd16cff2989d45638c1919e6702ccf569c9dc76afa5f6e4f6a21,d4988d3bd068831000afb545b7821d65eceb9a90d0a8948b410b1ded87228c21,p002,p002,swipe_left,37,2,accepted,,,,33,1.0512725999869872,33,1.0,0,0.18339893721489664,
swipe_left/p002_swipe_left_0038.npz,8dafe66239902a43ac9c77b35bdf5fe465a6dc353d64ba9e4e6865bd973cbe18,8822cbdabc57e3541fc88760156a853d2aa3418874cd0b9d9efd6f3d613174a4,d247473344b5be6a07a948318349e1f38b13ff366200156bf328a7a1fc719dce,p002,p002,swipe_left,38,2,accepted,,,,32,1.0373389000014868,32,1.0,0,0.18617973530378948,
swipe_left/p002_swipe_left_0039.npz,882fd26f3f0dd556c3f59b78869a1db17de1d636af8bb1e333ec4d583cf0d08e,7ec6fc642b544a268767028ea3f6267e64a23f0bd10e85ec91a5090b768142e4,edda4dd156df1548e687ab1eac653784b95dbdc0170aa9f380bd291f1b56408e,p002,p002,swipe_left,39,2,accepted,,,,29,0.9246118000010028,29,1.0,0,0.2098624806025492,
swipe_left/p002_swipe_left_0040.npz,8829abf355bfb6d1c7f1a33f5b99374a370f151e8a138001b6e88ec257a2f4dd,fdc2f5d573a78f32b08415ea05a22673deafbdddbe6c3eb6215a07fc52b056b2,0e688cc4c366e0c0d41cbd096a8c9f765448e828d53f97b7415ef850041c1289,p002,p002,swipe_left,40,2,accepted,,,,37,1.2041482999920845,37,1.0,0,0.21277149335500434,
swipe_left/p002_swipe_left_0041.npz,f6d75fd8c37d1fa1668d5b0737dc3a84c0b6363e632a0086d4fa19045302b2f8,01efe7ab01c8e831bf387eabcc50c49f872b2187a83a3b86e5130ffce80263c0,eccb92c6ec21f7a6b2af8eb696b7731740af64710954e5053fd732f593ad8de2,p002,p002,swipe_left,41,2,accepted,,,,37,1.2086129000235815,37,1.0,0,0.19099817176066686,
swipe_left/p002_swipe_left_0042.npz,2528bae215dcb255a9162e6767c002c3ffa927cb2b447c4a71447be91e986e36,315b5d2c4ab926c72e94bfc9451798b35303ee5248f0b4c0c666a8139d74e3cd,7fad4e7fb4d5887316c9a0acc1359b18fb7b27e7fc0ec7890eeb76255cf4c76f,p002,p002,swipe_left,42,2,accepted,,,,29,0.9504759999981616,29,1.0,0,0.35203244406189155,
swipe_left/p002_swipe_left_0043.npz,29a5723b9bbc02a9bfebc5d4c9910379bfa5c4bdacfffdb09db640a9618709fc,a0a607986635112795976fa8d472c4caa8ea875514988fc4772ab599f9f87acd,7a0d1d29c145bcc59d46b462f3dfe703250ad6ff64888d38bdc4b0bdbf24e3f3,p002,p002,swipe_left,43,2,accepted,,,,36,1.1645469999930356,36,1.0,0,0.1543793103519912,
swipe_left/p002_swipe_left_0044.npz,67a43d21df787d2079ca8e3f8f03194aa434f59b1093d95bb921d3d9a74629bb,3bef6c1910d9d2afee70ff7e5762da8bec7ee81710fec8d1ce20090918314627,3386f7080e05a174621ff8049925244ad4e890f77538e7363beee018177c8707,p002,p002,swipe_left,44,2,accepted,,,,33,1.079195800004527,33,1.0,0,0.17962903049380458,
swipe_left/p002_swipe_left_0045.npz,e5d29a3bc99f25a78c5fef1bf5c22cb0d7e48c0efdff65dc235a218e429bd644,90deda610491ddb597b93b5f209c506ce8309a2e93530852786b70c4038ef33c,d10817f69c02888b7f7dbc5223563113348fdb453bb3add904d884af17fa158b,p002,p002,swipe_left,45,2,accepted,,,,32,1.0349248000129592,32,1.0,0,0.18071238139921975,
swipe_left/p002_swipe_left_0046.npz,8cdd99460cf349ad0d60776db2ce5f1fd4524207cc70554dc5e648946b65acab,98735d55307a90a92379632f018058271097ea9cdd2e969484a04dc8454b3ab7,a0155fb449129b47c18889d0f637d895b26b9bf16456156f9e99e853cc59d665,p002,p002,swipe_left,46,2,accepted,,,,30,0.9605225000123028,30,1.0,0,0.17842280414907458,
swipe_left/p002_swipe_left_0047.npz,30bcbe8f88d71565daa2d1a9da932e7d5016db82b1f3ca411a9d1e7e65ddf306,91d4867a932d2a80b5b517d60164d519d04997e4f76dac072a032acbf9de9b4f,b172845419166a21079a362ed923006859ba2738a0ef4ade6cc8f302fd525017,p002,p002,swipe_left,47,2,accepted,,,,43,1.4045828999951482,43,1.0,0,0.19739844201513695,
swipe_left/p002_swipe_left_0048.npz,4ad6cc97b15c0f357ff83ffed491387209b795abd006dd34e6515b383729b4f2,81cf3ba448792f0894306fc3f89c9bc379c2f5dc9a2ff90b7f1a1a7f4b3c872f,d1a8bcdc7452921e0817db25b826b05684fd22083edb3d546e197b36b9ee0e5d,p002,p002,swipe_left,48,2,accepted,,,,54,1.7659406999882776,54,1.0,0,0.19706942197093136,
swipe_left/p002_swipe_left_0049.npz,3cb760efc2d3f2a98f866a8c7fec12bce87fefd5cbee331e521077cb3415b8bc,09fba32737381989296bbfc6107a742d2c62130aef37459fbc4d9d9b637a339a,5feb97215f9fed2eb375993dac01141673b38878bf57b7e66277051c2fe7f6b1,p002,p002,swipe_left,49,2,accepted,,,,54,1.771071800001664,54,1.0,0,0.21359102148927106,
swipe_left/p002_swipe_left_0050.npz,e8a961b186a53f337d0e77e83bc6dd45a36caa2385d22eb1c694be6f2569c072,7e12ad0a9702bc9ba5c778e30ac83352b866432f2b21f145b66eeb78b176b2e4,d3c4dd10cfb268a4028e21262074b5f299190d7785aec9f023ba1e7890661f35,p002,p002,swipe_left,50,2,accepted,,,,53,1.752230599988252,53,1.0,0,0.20192659589402184,
swipe_left/p002_swipe_left_0051.npz,47dbc35e20201e36b8c9a12781fdee917d573a3f9ced0c493eff1dbe1057cf64,2efccdb1527212d2a732dba59926407682ebd161695bad9709a2f61285fec864,79d4545d2ab877489b251a8cbfd75c3fa1e237a0ac3fc442ae902b40c1cc344a,p002,p002,swipe_left,51,2,accepted,,,,56,1.8224289999925531,56,1.0,0,0.20461527275751967,
swipe_left/p002_swipe_left_0052.npz,a2a0e901be6a4d4f845958cc161bd6cfd870a134e2ed38077eba0285fcfc8e9f,2563cda4423cf6468161613cce1a68b4ddb3cbcbdbac0910c359b622e4a61742,38af9b479a15adfbeff99435edf1fedb77f280cf93ffaef9695cac041c0e26c4,p002,p002,swipe_left,52,2,accepted,,,,43,1.394732099986868,43,1.0,0,0.18161150819872943,
swipe_left/p002_swipe_left_0053.npz,33f823ef11f51b1ece38843724c11b17a1d6f535f977ce39dfb7661174cd083e,1a48e8845aadbe76a1b4576a35102b1b591fe843c43cb6fc3ccf05fea83c5537,e3ed2caa285af159dfa4a62d6857d49f2df3813842c47d344714daa75beeaf35,p002,p002,swipe_left,53,2,accepted,,,,35,1.1334292000101414,35,1.0,0,0.21767479177153473,
swipe_left/p002_swipe_left_0054.npz,e127cd71b5d87bdb6b0f658844f7fd8f6a4561e6735e7da2ac01adbf94b740f3,06f2edd78d67081992ae81606e1605c4502138c23c03ac75347d1ebd1c66ee65,56c6398fa20d2dc18904a967359d6f630e65643c58004a15b54893c0bf7a8deb,p002,p002,swipe_left,54,2,accepted,,,,47,1.5366432000009809,47,1.0,0,0.1994619340380624,
swipe_left/p002_swipe_left_0055.npz,37a28ad3571f7b085dac4210b5c65099a768487e2965d1bd5802ab19e31a6405,b307c0f87b069875ee03c6522c032b5f3b2d6e718400995ad746a8c7685609c7,4c27f7de54b5de892069f5ef51f51de06edcc0127ed95f7c0dc2dbe3e0eb2653,p002,p002,swipe_left,55,2,accepted,,,,38,1.2160258000076283,38,1.0,0,0.21155575393627368,
swipe_left/p002_swipe_left_0056.npz,6d18e7d2e85498537760141cffce46820538eb5a646e2dec31fb6e21317dc81d,ded6bad5e89ad4000de7f6e548d534838a73a3481fc8f68cf7aa94842d6ce47d,76b8e9b7ea945f246f41e0f6f5a343711c8f9b2be3af336f77023318baabccb5,p002,p002,swipe_left,56,2,accepted,,,,48,1.582984500011662,48,1.0,0,0.213978270966293,
swipe_left/p002_swipe_left_0057.npz,5b9c81f23e285c56ab2c602afb860ad85822c1e345d023a65e3c48f240ebabb5,823f15c2ed5c407c4dc75ca2d4ff6f7582f80b106b80a35296f176ed057f1a55,7a6385bc7611d196a69fcbd56be5ee30ea299810ae20a395ff8fe4577957fef7,p002,p002,swipe_left,57,2,accepted,,,,31,1.013443100004224,31,1.0,0,0.2161178413934414,
swipe_left/p002_swipe_left_0058.npz,ab3ba8f8d1c934421fbacab8a6b1e50feced1fea7061d28d8e0d44d93437ec6f,b8187b640b77cf423b6509af766043b8d5ded5be11b709912c9421b09c02f099,9e9bd8fb478fee6622f3121c6047dca5e1686eaa1287947a92e6d0b57d70620d,p002,p002,swipe_left,58,2,accepted,,,,33,1.0493745999992825,33,1.0,0,0.1952947723468919,
swipe_left/p002_swipe_left_0059.npz,c05c17bbcc7c5343b277a1ccc707707d51f626968b94d88616bae30f4807756d,4e3b27cb591e1e0c8b9f125475ca68f06ca30aa8d6f943b92f59baa247dad3af,4d7fdcc94e1540b55237f90e8fbce8881f866eb466fe7716b7a0c83fcdd99f64,p002,p002,swipe_left,59,2,accepted,,,,35,1.1347783999808598,35,1.0,0,0.2285102578682697,
swipe_left/p002_swipe_left_0060.npz,6885e8cd6ebbf3ea6f95e7228d2f0731ac93318f94728a7215d5d96478bdc2f0,4d65da638f664b422840da3454f5174dd3c423edd58b03004091537371c50fbc,7f52f37130d6fb88ad2873102d69a3e46dd9a4b6f221f786e93f56814233bbf0,p002,p002,swipe_left,60,2,accepted,,,,36,1.1582511000160594,36,1.0,0,0.2422959165257138,
swipe_left/p002_swipe_left_0061.npz,15b0eb08474e4ad254d3ee65d2bf3fe701d9137e3f52c402998d9a16cef144a4,80108c51911444de76f1be785725f8fae8d19c6e483011b21d0f6305d78851df,a585499481e7302157f0631503a93af5e86a1ddf1062724ee14549dd89dea6a7,p002,p002,swipe_left,61,2,accepted,,,,45,1.4771718000120018,45,1.0,0,0.24887836845726105,
swipe_left/p002_swipe_left_0062.npz,9e65399f76824d3b4972f5a0c973f67cc6629bf057a469f46425274ce5fc786d,0723b6aa18c1c776f6fb3f746164793e77d8368e11235c9fb1bf386ad81ccccf,42d8d70aaac0b8da214336c5a28fc1f720f3f8a705906acfeae40bacaec9d68b,p002,p002,swipe_left,62,2,accepted,,,,48,1.539887799997814,48,1.0,0,0.26640601970682254,
swipe_left/p002_swipe_left_0063.npz,63ba24bccfe4f2222e9d7c29480bc6717453b500bf51817b5b5cb110bc0f7887,0dc4681574184cc0480b648ba83563474c3f076746a6e838bb3ced58dad31769,8ebe0193fe61c3db7e6113003451850832096bb957fd5e116523f521e0c0f5f8,p002,p002,swipe_left,63,2,accepted,,,,40,1.2977767999982461,40,1.0,0,0.25600729517374343,
swipe_left/p002_swipe_left_0064.npz,caec5b66f5022318afd41206c5fe1e1696f3c428142c45c3059925d2d6ca55c7,d89589d49c77688f17666e8a64c01b2c54aca3c5525b0aa2eac5688a8953d6cc,fc9a1fd6ac77ff322a9ba28ee36e7af4c37ea7d7f49783088d29642991a5ad3a,p002,p002,swipe_left,64,2,accepted,,,,51,1.6791431000165176,51,1.0,0,0.2699365790609134,
swipe_left/p002_swipe_left_0065.npz,fdab8c412218ce03d0f81c3cf9d1aa724a9ab6242a316c521c07954f253089a6,7b823a94a1db9b4f0f4d795121061e083ff5217c54680bc572ae32074e1c916f,49402725fe36ec6111f0d9e422c7ba73bf0d5cfac0301ba4285301905f61beeb,p002,p002,swipe_left,65,2,accepted,,,,29,0.9195932000002358,29,1.0,0,0.3833273174076731,
swipe_left/p003_swipe_left_0001.npz,e3e1fe4101f163286cb46aff340377eabb63dfd6299b8589eb1838f2b143cf2d,c8d072f6990a10298a2cf0ced2ab19ace0d0bea719052f0d9a93a6320c8c281c,76e41c984d41e843c6a0ff63a3b6628323d40677ebb7471da2128f9f6093e57f,p003,p003,swipe_left,1,2,accepted,,,,41,1.3442700000014156,38,0.926829268292683,3,0.23146909346996283,
swipe_left/p003_swipe_left_0002.npz,88aa63d31781f2072874381e85fb3745b1718b7085da68876aa05d568146b544,26b88f9555bd2b4ac2181bcb5787f7ac0b4d749857e6acfc9ebc4fb2fd02152e,e92806dcac074cc8a5d553f44610990affad09e2af28a324feaeb184e41f6a79,p003,p003,swipe_left,2,2,accepted,,,,48,1.5877035000012256,45,0.9375,3,0.23349964405585,
swipe_left/p003_swipe_left_0003.npz,013d851d140f200cbffda6dd962297ee3601d4cf415fa290c6a1c5e3ad6fe0cd,b859cfe9d3d572e8c3fadd0a017f822c1fd81da8e413c49c87989e4d9fc2cb1e,abe2db411155f5ffa3682a1bbce0d740388b9665a0d325604455239964c017b6,p003,p003,swipe_left,3,2,accepted,,,,74,2.4633878999993613,74,1.0,0,0.24794129172715057,
swipe_left/p003_swipe_left_0004.npz,f9a9dd713d2ec85d617c6e564083aa341ba35f83386f911d5e220915ba061bf2,50b4a7034bc91e58e1eb76e5c4356effdab607a2a78b9b4191c58f1d5f7f436d,4fc2c9bff53b1f3b2ce0e473fb8de01d316ebe89aba7c003b11731344518b95c,p003,p003,swipe_left,4,2,accepted,,,,75,2.4965417999992496,75,1.0,0,0.2384718758249948,
swipe_left/p003_swipe_left_0005.npz,4440e4901a0930bdf222a5c407ad71f0a9a81944df5e3c5bb2c4d6e74a13b2c6,d69dc6dd089ee826c3edab42d4d13ea3e14f882fb35a32c8b251ec1b48bfca59,4a76ed176820268ff4d71881e2503f5c274d108f9a48391ac7c5fbaeef400a05,p003,p003,swipe_left,5,2,accepted,,,,48,1.5985478999973566,45,0.9375,3,0.2458339965650938,
swipe_left/p003_swipe_left_0006.npz,56173f8e4deb6b1cce23bb9e2c5c52a222f4d24085c1fb423838e93e7d332423,e14bb646c6b600daa76d75caf248ecdddec227b67641e8330c17aaed6448e919,7225767ad839899f7321f440d305af4e5c983b9988502dce9452a8d3e41a12eb,p003,p003,swipe_left,6,2,accepted,,,,48,1.5834004999996978,48,1.0,0,0.23090413293051731,
swipe_left/p003_swipe_left_0007.npz,fade44696bea093a62db8efdba890b8151191ffecc05946ba455f362cdfb5df6,57d69f3cc8db2d5148e9277199ce0417fdd6e5e0431d3adb75e4bd26fcc2a01f,87e39b53cb61af227289c91cf468e6ab36a537c5ce76cd11b511748e02335fb0,p003,p003,swipe_left,7,2,accepted,,,,37,1.2195423000011942,37,1.0,0,0.23441185880500506,
swipe_left/p003_swipe_left_0008.npz,9b96fcf24fbe5ae41845d22db125062bcfe470fadae294d4cf5e9742b709a59d,3d073495a90aa857eff079c98d6d0aa27c771abbe428967a174e248a0c69a785,72bb9eb50ae3c89866d4966c649793f2c8e3f638970c35c30ee114b6f7c32b54,p003,p003,swipe_left,8,2,accepted,,,,59,1.9510549000005994,56,0.9491525423728814,3,0.23179093901131048,
swipe_left/p003_swipe_left_0009.npz,c0c007c43dc56e0311a6828a05b6970df4fdadb7940d0018651b8ba284c072e1,2620b00f0f4be9538191cd043eb005fa7c57f7ba47021f3ca014edfa9447f7df,5919770628ebccf021a97a9dc8d59ab553cd59e7497f5f80e542a5625e6b05e7,p003,p003,swipe_left,9,2,accepted,,,,42,1.392493999999715,38,0.9047619047619048,4,0.22416143749296574,
swipe_left/p003_swipe_left_0010.npz,549672fd1a4ea5b6595cb60670a7280440e2b6c60c881d0fde8767499fe5907c,eb01ae2b1d9cceb21a0b89d9c4fa4b135eaf3ad502cf186a1ae650197d75ca7f,7c4b76dffe52b2dc433d372525b199d7835f04f374470c4beec4677bf743418a,p003,p003,swipe_left,10,2,accepted,,,,52,1.7137361000022793,52,1.0,0,0.31429724405650594,
swipe_left/p003_swipe_left_0011.npz,a53ff993755707b5a9eefe250722af7c49865d5f560a73e848439c7c18b6c570,aa524c2029a4d661d7e69a3b5e4d3dfbcc5baa19b89b0eec55297b69dbf069aa,3cff5fa1ef70407759cb2cf765c68654b35710a08288ca0dec4d87361dbbb144,p003,p003,swipe_left,11,2,accepted,,,,44,1.4549069999993662,39,0.8863636363636364,5,0.31241424695773845,
swipe_left/p003_swipe_left_0012.npz,988bdd80664a4a77a79353f98e3ea439565d838b57a4c8495dd71eb30423c2fe,964136a41ecf118927c2bc0ac9105624de663d8833d08aa4a134eb8cdd2950c0,a0b1ce7747e69a7081a1632f5ba0db64e5f9ca04d12c0af89ebfd335a296b4fe,p003,p003,swipe_left,12,2,accepted,,,,47,1.5520838000011281,47,1.0,0,0.3202695029300704,
swipe_left/p003_swipe_left_0013.npz,dd72ebf96f28ee7937f4cd43bed38dfd80c07cb4d984a187b265e38ea74d2126,746c9aa640f1bcb8d16c11b91a6b430a587e8bbb67260c8ef7b396cdae8100ef,ca2d2201851986d18810b3664628e00c3ee8a5504a6b88de2447bce35cda5ce7,p003,p003,swipe_left,13,2,accepted,,,,50,1.6637097999991965,50,1.0,0,0.11008610238131046,
swipe_left/p003_swipe_left_0014.npz,c06b84a319adced0ac2292e3b6639c11d7f803fcd4208eacc0d8eb0a8e4653b6,d359332614671ce042c5870df6ad861f6f801d10bfe692c66715f6dd81f79897,0946b5b1e76cca477e29129ee618f09b730ff26da0eadde45b1576c8b5ff2130,p003,p003,swipe_left,14,2,accepted,,,,79,2.640278999999282,79,1.0,0,0.10777407592669616,
swipe_left/p003_swipe_left_0015.npz,c0595f79e33e039c90846f7223597f3fca52fbd2f81690a7d9aea53c3afd3d45,d6046cc383e395c8e4d83710d33d2b27aa6f91b8fc1fe0b797e59cbc03fc1738,24978a0558d68320a77b969d6e6593c172280561c02a13ebe4341ddcd91c4e40,p003,p003,swipe_left,15,2,accepted,,,,52,1.729694699999527,52,1.0,0,0.11275974879542564,
swipe_left/p003_swipe_left_0016.npz,abd1d29dec4caabf773f3637b11de708b540b3ff0bfa41d08c516f11b0dd8131,daced0f1eab3af6dba2e7200a250b40d8033e150b13723a1d4829ad658840b98,455c845c67fd49959a1bbaf8c945acd475bfcaa6e416b1a727fe734a3e6314b4,p003,p003,swipe_left,16,2,accepted,,,,60,1.9863678999972763,59,0.9833333333333333,1,0.11170549794615303,
swipe_left/p003_swipe_left_0017.npz,b6c603c7e6d9ad4c2ee92049482d93dd4f83d60823a653f0c0eeefc1d50c62bc,fc2f718e11cb8fae4b1a20ccda7ba2eea926ab40c7f46d4724007636fe244d51,d099f3b886db9562e1c977056c1f3de4faf62ea833534bbd3be5bc21689652e1,p003,p003,swipe_left,17,2,accepted,,,,72,2.3843168999992486,72,1.0,0,0.11011153124440415,
swipe_left/p003_swipe_left_0018.npz,3a98f290d0aed1fd574d86e492f4729a4a4ccb5bbee02adb4c6f4b5c7ec757a6,eb3c9c84efc011c16af4b8976ebb4b00503c770240f93c37135fe605552441b1,b967baa70bfc0dbba01cb366a7ad7ff3e80fee17ba96cdc2f4a1750bb68d4911,p003,p003,swipe_left,18,2,accepted,,,,86,2.8636234999976296,86,1.0,0,0.10836312177952945,
swipe_left/p003_swipe_left_0019.npz,1d34e4b0258eb5bdf42adf5eb3b8f2fe21b31c714f76db8b8794a3a7384896e1,e723ea952a71bf9451156563c72521f3b44050dd96f753fe54a7c02cd19b3007,3bd0b2df8750a7a0093baaed0d2944ca2c6adf904aae1911810855f9fadde579,p003,p003,swipe_left,19,2,accepted,,,,56,1.8582464000028267,56,1.0,0,0.10784281873618838,
swipe_left/p003_swipe_left_0020.npz,89fd009b94c6c68a6c0b735b5c7890048c7f3c5590cda1f5c15519869702ab16,825a873e5772e1c108c65db9029dca081759fece4f93cff5009e5cfafb6fa5ef,10c83aac4403855076686b2ffd596dc22d877263b2d59ae4afac71f536546e80,p003,p003,swipe_left,20,2,accepted,,,,74,2.464777100001811,74,1.0,0,0.10415578204325249,
swipe_left/p003_swipe_left_0021.npz,86a9331d42ad6aa3f3e7963fd4e251d03e74c4628458740f7587b151a00c19ad,c7b23a306458b36062c664e11b09de6cab9fec62646afda285a48973035a7468,a3b220c4405e1c486eee5d9602b58978436e7b48a8342123422bcf4cf616a1ec,p003,p003,swipe_left,21,2,accepted,,,,63,2.0973731000012776,63,1.0,0,0.13481158837558982,
swipe_left/p003_swipe_left_0022.npz,2e55eb192242d66bca21712f32aba6eb5b1afdbb18dae35cce51914ffc6f6453,8fcc3c8596393ca4eea478adbaf2b7a804c38f4036d7e389c76300f02946feac,f0016ae995f1b3b6c40cbd685b2ef6aa2e617d41fb9284954413ccb9e06e6729,p003,p003,swipe_left,22,2,accepted,,,,63,2.09703250000166,63,1.0,0,0.13712050406913853,
swipe_left/p003_swipe_left_0023.npz,0ac432520bfff80b7dce07bc3c90e00ec16bce7a68a8fa5529f0c0830d79bd64,730eb50273d7eea0e8a9a1215638e6ec88b15cffe34b61bb607ebd249d0fd67a,5b7b2fb0fd44b273963b43c8f2c23b383f7caa955b68bb55989eac8d761f8546,p003,p003,swipe_left,23,2,accepted,,,,37,1.217502700001205,36,0.972972972972973,1,0.13916395383630337,
swipe_left/p003_swipe_left_0024.npz,4aa4ddaaee1011adcaef12bd7da4f31b543b0d84842d5c681cf47cc2dd9f9dd7,f6be5dd0ee0cdf0728e8784c3e098813063c4b35e8a9b689b268119729346025,09f7a0a5bbffb58699be8fc0959cf73795fd9291101d35e60b626750e330497d,p003,p003,swipe_left,24,2,accepted,,,,37,1.2179145000009157,36,0.972972972972973,1,0.12324571331953657,
swipe_left/p003_swipe_left_0025.npz,59c85e731c1080b324afec38660d8d7c1810cad0020dd1c104b38e2257bc8748,1732500974152d51fc52c9147ae4bc680d75b3b33a8f1b447ce7dbf097610f3f,5f3ea93b3aa8ce52112fad3cbf832240365cf4fc9d0450dd82c9076149253a3d,p003,p003,swipe_left,25,2,accepted,,,,74,2.4637958999992406,73,0.9864864864864865,1,0.12898304409553962,
swipe_left/p003_swipe_left_0026.npz,202d63f41ae551e649b64ab8cfa43dada4d9d5bea80df4d7a20bc635f3a8e712,be71ac41ffc90f92652784097d29092b67abd0952e42280770b78b67c6a6fa58,3889fb94ccbb492955e417edf4872eb3bd0054c2933b3faa21c4c299a0ae12ce,p003,p003,swipe_left,26,2,accepted,,,,49,1.6172097999988182,49,1.0,0,0.13274476591597525,
swipe_left/p003_swipe_left_0027.npz,7aec482d5ec15e6b269629691238929e8e541ea74c629bee2a746d80c92b2924,ffbb5a018434c831eaea6f1ecdd95ca5c22639d1fb2efea4d81cee9ad8ac1e9a,af6eea31ae0754849f6df5f0d0f4f00716c45f56719af54e9f7f7e51ecc0aeb2,p003,p003,swipe_left,27,2,accepted,,,,53,1.7621070999994117,52,0.9811320754716981,1,0.1320204727856769,
swipe_left/p003_swipe_left_0028.npz,fd0a4f523497de8615158a9dc22f420f402ece925b04976ed71e4a8a77f4e905,2c059f1506c3bdf920e974c11af96677a7bf266ac376222a2c48073bf7ae91b9,e0e50bf88f542621e71325fd6c8e0ab8d1991121e41ce5ed4b66d2f46774d6a4,p003,p003,swipe_left,28,2,accepted,,,,58,1.9186005000010482,58,1.0,0,0.13654619523613334,
swipe_left/p003_swipe_left_0029.npz,3e5d7f381523286bff0fa69f300f1309a4d268933891e90c956771586bc134a0,b7dd980de49a8fbde794efd08d5aade188db1ebeb364875cb3085ec28dc1d840,f6298630f3855a3d02e48f0217b57f1068dd9788d640a6fd8e08b4df2c24c1da,p003,p003,swipe_left,29,2,accepted,,,,48,1.5870877000015753,48,1.0,0,0.09610663412923184,
swipe_left/p003_swipe_left_0030.npz,eb28687b491907bdbd50156b364e32c23b5a391141c42ce455d50426fa542c7b,d67d37814d68fcc5dc492203d50573df0089552cedd8b24e557693caf16c4e24,6150f5ebd3076e563d698b24075579505e4bac5c86195ac57d5427618a04828f,p003,p003,swipe_left,30,2,accepted,,,,61,2.0343099999990955,61,1.0,0,0.1094018733250857,
swipe_left/p003_swipe_left_0031.npz,5738060f595686bc25d8b3f9c3d2682d5adfdf4a82b3d88f6df4d99f75ca0bd2,5bc681199b2f06c06691feb46363dc97528d20cab624b59d88ed6cc3085a91a6,ad54e859a9960e50b953d750ea006aca12e243bcb33cccd75e60467b67b881d3,p003,p003,swipe_left,31,2,accepted,,,,36,1.1836361000023317,33,0.9166666666666666,3,0.1007482476301725,
swipe_left/p003_swipe_left_0032.npz,8fce0efa3b92f186915c2abdf1c4c0229c9717e8fc303f7f7b69e28fb718d3ad,51cc25d078314a2dfadad8971291181f9e7dbaa738b311f64ee1f56f2220fe90,6e70724c83ec2fa436053df076244b527eb4acfb4ae3cd3073776c304889bcd7,p003,p003,swipe_left,32,2,accepted,,,,46,1.5211015000022599,46,1.0,0,0.10466660517494944,
swipe_left/p003_swipe_left_0033.npz,4e3d2474ce5d766b8ca52e8a9e26ba9065563f40f1b665721cd470bb2552aac6,e17464216d9333099206b4db3452be9e540b93dfaaff7fb6e1238568fe85b98a,844fa99129272f158ac8178bc1db343612d526c4b7b2f2d9a6360f1eb59eb67b,p003,p003,swipe_left,33,2,accepted,,,,28,0.9102571000003081,27,0.9642857142857143,1,0.108098891988476,
swipe_left/p003_swipe_left_0034.npz,88b2bea2ee6ea763acb01c44ab3dfe5ec6cc676db007848467c7383a772aea60,e959a661359891f184ad68c40dbd208853dd835f0e051444969e76d14687b8bd,c98217642d01f8500110337ec55b6c53cd1c63e033e0e50ac5cb59054c44a2ab,p003,p003,swipe_left,34,2,accepted,,,,33,1.0696642999973847,31,0.9393939393939394,2,0.10874338874767875,
swipe_left/p003_swipe_left_0035.npz,cc7a0aabf62556f12dd08d4fbe831f887dcb0e948a54e302585f9d511d443a1f,a8bcd3e34640ac0273c402e199ffdf34d5ce8d89d4602e760b77dd7ad30d753f,7379312fc19832f0b2e30719922105a284606c08274148d28c1b43fdfc019051,p003,p003,swipe_left,35,2,accepted,,,,20,0.6371803000001819,20,1.0,0,0.1504496738311331,
swipe_left/p003_swipe_left_0036.npz,438d81637a54e2ed999d5815b9293d60aeb3f714d48d33913c7d118b55463844,ef70a626a43bdc4b18786f71957ba892546847b7b4c15ddf2e84d316ce5c4211,e85c041ca599e437e4d4300e71820523169caae8bb23780d4e30f182c72266d7,p003,p003,swipe_left,36,2,accepted,,,,29,0.9465729000003194,29,1.0,0,0.13787667157755476,
swipe_left/p003_swipe_left_0037.npz,78c9d5b36a002c7097bb6f8a43b7c3a1a0ac8793d11f1c27a7f456bbf83e6607,9ae345e40040f7692530ba92556880c7f09edb90de2e05f3cf88c79aba2ad2c1,7fde3dda03ed9e1b95bff3685b9ea9e6eec8bc03b726cb5b24e9aae84f3e1545,p003,p003,swipe_left,37,2,accepted,,,,20,0.6410853000015777,20,1.0,0,0.11714939429823365,
swipe_left/p003_swipe_left_0038.npz,9f004c5b053e9b529dd53314bcb81e59e8b27dbe01c6142b1c570cb59be39f93,52ce207e2b4552bd7f36c1389cb36c2015ecd02df8d5404b92bb0733e2b20f30,13d4761e4bd983212fff34c86fffcc7a977cf91a72aca16305bbdabf37bbbf9e,p003,p003,swipe_left,38,2,accepted,,,,26,0.8322055999997247,26,1.0,0,0.11720836466218515,
swipe_left/p003_swipe_left_0039.npz,97a058c984cc5fc91896ddb4cdfa72ce4b0d0e3dc904ad6bb2bd9bbde798a382,7ef57fd7efe946f82337b76587225c820a8c73d2e53a722f84f198321a5534f5,cc2e7a872b517039882ead0cd1a5b8e4b6a5b4afb4bbe31d91fccf73a5573535,p003,p003,swipe_left,39,2,accepted,,,,36,1.1846761999986484,36,1.0,0,0.11524551975439969,
swipe_left/p003_swipe_left_0040.npz,b32f7c52440799de5bff6bd97162a9fe7eb3dd3fa0492a83eac0df45af2ed78b,196be5c2c312ef3748507fffe95ccde375708401b1e35a6b83e03109e2286a6a,8739d9442fca6cbee66e070d7185fd1461b4a1847bf94c2e9ff998a42dac5c3f,p003,p003,swipe_left,40,2,accepted,,,,25,0.7997278000002552,25,1.0,0,0.10967930816372704,
swipe_left/p003_swipe_left_0041.npz,2493aeaad2c0790e9910038fa6104227d8038d9712c4aacd8747cbfc21fd282b,35e8d82dfa6c3e66241ee53433ef5f823beccc96c99b379636c8bfba9bb61fa8,56dbacfb75e7d851f5446bffd265917d6c964becb03a9f17514579de117d8b75,p003,p003,swipe_left,41,2,accepted,,,,43,1.4077953000014531,43,1.0,0,0.1097844550128694,
swipe_left/p003_swipe_left_0042.npz,957ed20a307ccd43c307c26dfb51c6684480caa79b5f608a2a955815944e422f,38db394c5c04a64d5f8caa25d5b2014f6f159775e6242da13ec3d2907293197f,c1d38d8ed3033cc00a48265effd5972da33ad4dc9e4fcc64028354c3044ba3fe,p003,p003,swipe_left,42,2,accepted,,,,37,1.1969462000015483,35,0.9459459459459459,1,0.10625018124785104,
swipe_left/p003_swipe_left_0043.npz,dc692e7c6aeb8ed8b6d8c8db0a18ecbf091441128c9491f4f529aa5c631363e4,7619845d46adc91fa31684c106b85e6bb689ff6313e4497634cd116f9ff80dfd,ec821d5c0d10dde94e8281d91d06dc81e2d3d19aca2fd0f8945bd54a73b28f4f,p003,p003,swipe_left,43,2,accepted,,,,35,1.1504950999988068,31,0.8857142857142857,2,0.09444386148235719,
swipe_left/p003_swipe_left_0044.npz,2ecccee8c8784c69763c94dbd7ac0ec830a5d4c603ee24fbd03034f0cea6809a,4a5a4d5f08ec106ebcf5219bfa3031d329250c0d11dcf063a12435500fbf9400,5aa931d0eb46c073c5292ff255a21a3082cfe788ef477592a610ca8cbeef0939,p003,p003,swipe_left,44,2,accepted,,,,63,2.095121800000925,62,0.9841269841269841,1,0.10503425940783565,
swipe_left/p003_swipe_left_0045.npz,db47ebf024e5858889e5a076a1aea546e841937629c6ce073e1d6aff457c9ab5,9218b2df65f865cedaa8e53f0ca8489221fa16bd9a797b5df55031fdccd0ba02,5545085c431253b7c2da8f0bb20a1c9356b064dcd618f0b5d397d978899dd8a2,p003,p003,swipe_left,45,2,accepted,,,,50,1.66489619999993,50,1.0,0,0.11535865518646264,
swipe_left/p003_swipe_left_0046.npz,4ca4f00dad6aad7f54ecd44530178aa9c4aa5a323bbc3b38671a60ac46538ee9,0eb01ceda9efc02aa294bd31e7b8b803ddb029e4f3ca04cc420e8ab6444f01b8,13575b5d43efb3920a16bed1e9a01e173779a0b26e99bd3c4b93d866e92b6614,p003,p003,swipe_left,46,2,accepted,,,,42,1.3772391999991669,40,0.9523809523809523,2,0.10903294153321685,
swipe_left/p003_swipe_left_0047.npz,d06dbf7918e24bb17cf4d0b243ff296934e9fa00621b8c311fba71003219bf16,420b6cc1c0c1875ffc5305e64fd09167415acd47676835c6a8e2cf681c83c4f9,4f4514511924854afe65ce07c33ad9738090f5d36919d78ed199f6c7898b2cd7,p003,p003,swipe_left,47,2,accepted,,,,40,1.314222900000459,40,1.0,0,0.11057320077509555,
swipe_left/p003_swipe_left_0048.npz,99ff759419d14bfea23922d912593e40bb1b04a4dab5254691b2625e29d0e037,51394b188143d97180bf33907526509883126bce43709d03fd6e7ad77ba9c7bb,9355405ccdc96c6b7fa864ef6c94a63d9c13c09bf69bff104772d659fb95797e,p003,p003,swipe_left,48,2,accepted,,,,47,1.5489011999998183,47,1.0,0,0.11663083975804972,
swipe_left/p003_swipe_left_0049.npz,b86b7a5d20931f929a615fa0658faf5f41b077cc20c43254237505d8277deae5,35f20124ba55373a4685fa6cdcae94a0947e2352a7d72b6fa9bf9bb76663dd98,aa879b90fec815731dc5c7bd8310d905887381703d0b1134df1d08dde8d19029,p003,p003,swipe_left,49,2,accepted,,,,43,1.4062151000034646,42,0.9767441860465116,1,0.10977856802773187,
swipe_left/p003_swipe_left_0050.npz,ceb61f49c4d73cbf33d89af301822b2ece2c3dbc71c52e68d17bf245059a440b,cc15ce0c546298a2435ba63302fb7a2023c3ed5471e23ee6b1bdd021966fb5d9,f58cd4563d272ebc75809967455e4f0a38be59a1db113c439de0f6438acd4d95,p003,p003,swipe_left,50,2,accepted,,,,48,1.5837379999975383,44,0.9166666666666666,3,0.10299980024860661,
swipe_left/p003_swipe_left_0051.npz,3f131ede1a808d6ba122e38c991115b611663fd26e875f612224a09bad1cd0b6,d6f9b52925966648e630359d6ffe2def9d562dbd601b0042cd87a416de206f30,0b06c3f9289744eca63215008f7c900dde8805bec0da898618db23b3b55c485c,p003,p003,swipe_left,51,2,accepted,,,,35,1.1502796999993734,35,1.0,0,0.10753160192025242,
swipe_left/p003_swipe_left_0052.npz,6795641dc82e4cd753355aea1085a0c445d218855fc77d55797772c11f77ff15,d5682843a1faf199ca1d51d8328f9584ab0ddc0cc8eb2c01191dc0867fef06c7,0dca44f1f17225afdcf7feddece8fd4587f7899f3bb4e98b62d4ec7a2dc742c0,p003,p003,swipe_left,52,2,accepted,,,,42,1.3940158000004885,41,0.9761904761904762,1,0.11233455880673607,
swipe_left/p003_swipe_left_0053.npz,ab3aea8fd1214ad691a1319730bbe83c38559d817072dea5816be987f3244d58,afc11f3f2cc4d72bbc71defcedce6950a6e04cb61469b68bfa55fe9f6caefdc9,e373ba127317bc8958760fe68432a9d7d3baf18c6aace57c6f026bbd2735fd58,p003,p003,swipe_left,53,2,accepted,,,,31,1.0101607000033255,31,1.0,0,0.11936595868138986,
swipe_left/p003_swipe_left_0054.npz,937b191290570d9bad1c574e1f2865ec2d3847e15dd3e957783386fad9df6c30,7508222440d12abebc30e901a01b2a4c9de8dbe6f41340ce558b54c1a4a79f0a,e292aab0838dbfa403bfb22008ffc3bd1df7546ed074e799d242ea6c664751e3,p003,p003,swipe_left,54,2,accepted,,,,25,0.8159149999992223,25,1.0,0,0.2287775571798472,
swipe_left/p003_swipe_left_0055.npz,5516a98aa88702a8d18975047ef50cd68efb1d37b73f28fd0d37c269dc00969f,d348ecb227523ed1b3cc42add6b94422e5c811364745c90c6a33b3e21068960d,39640368d30ae23ac9fdbb6b461569cca027ee3a7ab1498f6991048d454cdaae,p003,p003,swipe_left,55,2,accepted,,,,45,1.4879102000013518,45,1.0,0,0.21989798892574333,
swipe_left/p003_swipe_left_0056.npz,f2f2d6d6d7989e5a98cb256d5e3cc52326d1ffe22f3c884b89f730adc7e4d302,f2f5c1e8146765722dcb59c67651b7f3f47584227f176857750d1eeb1d73d575,a17133cad10f408abc4ad4dcf4783cc23fad833da1f53e283a62256219824114,p003,p003,swipe_left,56,2,accepted,,,,35,1.134767200001079,35,1.0,0,0.23735772385675624,
swipe_left/p003_swipe_left_0057.npz,c1e71e32fa3f27383c13837dfbcac7b72c74ea6b738c03e1acad43493376a669,ae06c7e5855ccb3a9e757265ea9c784d0e57a12ad8cb8aa17251a87b720eb87d,413ee29ea2213228e06c04ec3e13a3c657db5af9c59a111c8cda4433b9a68589,p003,p003,swipe_left,57,2,accepted,,,,38,1.2645441999993636,34,0.8947368421052632,3,0.24714099531621114,
swipe_left/p003_swipe_left_0058.npz,2d7aecf2463d02b172f52178883ecc95f16cbb16537a8e961bba901949ee570c,0d0c0821370a08984874f9117096a979931f71b5932d7c64d88f9263810aaaaf,6c01a8ecd36144ef83cc048c5211ca60cb4d92774e153a3f9f2cbe0eb894fce0,p003,p003,swipe_left,58,2,accepted,,,,28,0.9130560999983572,28,1.0,0,0.22933827390183753,
swipe_left/p003_swipe_left_0059.npz,d2c5e5c3e883da74155ce24fda78353ec8f4dfeaa0bb92dce850a1aba81a99fc,bacff1a1264cc2ccf86c28db7b2767c1c7efef90202dafc8bcaa4444dae4cf71,cadb0abac269140da402eadb85df4d24052e1fd8e5717c88f95c784379c8c047,p003,p003,swipe_left,59,2,accepted,,,,42,1.393379899996944,42,1.0,0,0.205726489913331,
swipe_left/p003_swipe_left_0060.npz,b4eeb8510fa63a43e0715e4a5e8f13e838e15e97c19d739830ab0087150e57fb,f9d8941c169c2b273961561b8da0d0e5ad42a51b7b0b84efdc7772db644c69ed,0e19994972cd2b944b9d60c8b8e5906d81f177438b0b19d670f5f307029bc3c2,p003,p003,swipe_left,60,2,accepted,,,,25,0.8148775999979989,25,1.0,0,0.2279685085806728,
swipe_left/p003_swipe_left_0061.npz,35c31ff02958f1cb815a823ab56a0cd6abb70a32f00650db4e1995ee8dba0897,c6b07e14038ec186c8a3167bef6bb8bf4f2d11f0195b226251cf832bbb805083,c13bc086ecdf91440cca0e3886e0a5f4fd80321b912c01789a7da9fe2f29a9db,p003,p003,swipe_left,61,2,accepted,,,,38,1.24946760000239,38,1.0,0,0.22211758531907122,
swipe_left/p003_swipe_left_0062.npz,97b6e1d28f4f9882f072782dd5d532ec3cdac90f03b3124b3ad01d70cd45ab82,f61847f01c7ff97d08a4331f3552b3a6fb1471e0eda89b6069249cc645000920,46b757ac00b7b1271cc0309d4ae4aba9e145c2203d3f7adf8365bafe96e9b19c,p003,p003,swipe_left,62,2,accepted,,,,52,1.7252065000029688,52,1.0,0,0.19755544957904753,
swipe_left/p003_swipe_left_0063.npz,61ad17502672167994dd1ba1b8823fab356d857cdd07363004716fad2eaed2f4,dfa1addc66f7b464f25fadcd83081f38d29aea233872e9e26dbc854dfa6273cb,bb9e7ac003100e1528ed238d0bb1de7a33299484efca551bece27c447a2610f8,p003,p003,swipe_left,63,2,accepted,,,,37,1.2166990999976406,36,0.972972972972973,1,0.21161298438837345,
swipe_left/p003_swipe_left_0064.npz,0ce10af1066fd2116aed4eb7c98caec4ea8997d060f1875105cf88f84d5ebd59,b563f73488368af9972cbbe55e994e488403c6a3d0575d031e8e9a9ec0602151,a5ddabe0bf4651b0a1f39b173fb57e87f7472ddd3d996a04a27495bbd66e8a6a,p003,p003,swipe_left,64,2,accepted,,,,41,1.3594284999999218,41,1.0,0,0.2154694303864066,
swipe_left/p003_swipe_left_0065.npz,da536367761f39f8d45b6cfea6c47445f874bbb0397295485db63d94cd5c95c7,e4c4311f31d9fd18f8d37c5ccf57e62074b0f7da5ff92fc744c79c0f51da00ba,2fd7d9d91453fdaf769fb1bd47335cf2f75e55c16b5d9e2a47528fa61ed6494c,p003,p003,swipe_left,65,2,accepted,,,,47,1.553504100000282,47,1.0,0,0.2115278819571802,
swipe_left/p003_swipe_left_0066.npz,0dcb8b24928a80c919f8946d5d1d679a3be9ee7391a12a953449a59a1f00a56b,a61d443ba92dc891848eb11ccf95d24419607383f060ab4df0789c19d30eaf85,57b2393f003387209b662e59f6794ff45a4a562ab8b71c36b904ef2eee24eca9,p003,p003,swipe_left,66,2,accepted,,,,47,1.5510211000000709,42,0.8936170212765957,5,0.22384188776883174,
swipe_left/p003_swipe_left_0067.npz,79d1f1b3e5d7cd67cdb61ae626a236cc19fcb467d9f61ddd4b668d0295b77542,cabd097ca27a63d4d57cba8a0b824761e266c4049283249cc135839231ceb5b3,67ff5321ad7a94cc537e5336c12e9b87b9c3c4a57acfc6271ce18c2d400c8b98,p003,p003,swipe_left,67,2,accepted,,,,31,1.0082587000033527,28,0.9032258064516129,2,0.20493701820665916,
swipe_left/p003_swipe_left_0068.npz,a2fb3b32e188e396100d04748092d3f4f8291a5b71b6aeb37f10fd87154c0c55,7f47a55c33225bf079154fd6e01bdcf40879e2194a9ec03744de788449fe30a0,ddb9ee4b7707c4aa96ec3eda2b5962769c6e906f275e564d9cc3aa829a3ce5ac,p003,p003,swipe_left,68,2,accepted,,,,34,1.122965500002465,34,1.0,0,0.20103975401337326,
swipe_left/p003_swipe_left_0069.npz,93019dd8dace79a953e66d8244425222d541a0a50aeaa5b8516d97177cadef6f,6932d601a52508e03045407c8b96e9e17feb2015e3977b4d66712ebe9ac00738,1d2502918e7c52362bbf3d6671591afc01895f9805b1916cfd7a22535428318a,p003,p003,swipe_left,69,2,accepted,,,,25,0.8141541000004509,23,0.92,2,0.2097981974321025,
swipe_left/p003_swipe_left_0070.npz,46ef9c367294dafba157b2e47f27eb6a4ae9821091def020ed1903d19312a0be,3e1bea2c638326e36d0415eb9ae4c5a7d00073a7ef5a8a8dd5fbba473546f02e,8d4893af389747e53e840945fc5f3a19e2ffa89c8b10297e4347cb46192d6773,p003,p003,swipe_left,70,2,accepted,,,,24,0.7696804000006523,24,1.0,0,0.21240531613277067,
swipe_left/p003_swipe_left_0071.npz,9f3b7b73d5d2b39ad1bbfaf5755be913e9f7cd0d67b29d90a0d34851e1eb78fc,446f971cf55baa9a9c907b76d96a6bea618f8cc040ed893ec9ed32c0bbeb8cbb,e68bc3711b780016a12102ac3090cda362ff6638da92dbe04ca929b99302972e,p003,p003,swipe_left,71,2,accepted,,,,31,1.007870000001276,27,0.8709677419354839,4,0.2115990689347137,
swipe_left/p003_swipe_left_0072.npz,206c30d7b71232112b7c0a6db8e9c4c97d95c9a1b41e10f1c0a6b4159425b628,c47a0b783d67f6bcfa4bf392e8d2d5b0be14db8794e90fe4922ee601b4e24fe5,f08e5207535f989f3d641ad93289401557aeb88e32888bfb75c2fb2d06410ee3,p003,p003,swipe_left,72,2,accepted,,,,27,0.8813872999999148,22,0.8148148148148148,5,0.2213565907470099,
swipe_left/p003_swipe_left_0073.npz,8983492bf9735b084c74e5aff87bad581edbde347a28d45c1ae431780cbf845c,7ddb3dca4cf058b89764c5a8dca98bc45139ff8796bda6270a54e19b850b3e67,0f0806036c85887be7e2c64c06d0297fd45f5b635f199f6b507452bbaef84176,p003,p003,swipe_left,73,2,accepted,,,,25,0.8136621000012383,25,1.0,0,0.21595911774247753,
swipe_left/p003_swipe_left_0074.npz,0eb37af65f2fef88540abad2e74ee45fb5072857b9148af9ee18e2372cc176ed,55d111759d81dfccea187ed536fbf8570094bc6f9f4e85098a7f5decf8eaa66e,fa83ebc12b309c32f8f68d9405e5a8d1dfc7cb6dc420e8c63afdc6f2bd3da2f6,p003,p003,swipe_left,74,2,accepted,,,,24,0.7687590999994427,24,1.0,0,0.20564547792020982,
swipe_left/p003_swipe_left_0075.npz,b46a688c71a0fcc83b89dad41915e3b5651b33f29482938dd890d4b0ad7abd23,efbb705b87e7e9fb3ccf9d70453fab7f25acd19a9f7ef9f7442c5592433ab973,ef56c14647787bd805f28a61713d0a8556fd92fc53e4d5681f99b8f2d983dc22,p003,p003,swipe_left,75,2,accepted,,,,23,0.7364860999987286,19,0.8260869565217391,2,0.11163406264606561,
swipe_left/p003_swipe_left_0076.npz,22aa2b61493c9bbdabf9446486d9d780e6ab10122dc564cf176e3879557406fc,40c9191a6bb3f60dbce506c74baddd41d64ea61bbedb7d0d8ca87be9752c176d,1283c877a0b2aa557eab7ff7289fddf59327beb728c14fe88d0983898b6393b2,p003,p003,swipe_left,76,2,accepted,,,,26,0.830354300000181,26,1.0,0,0.13653866676682974,
swipe_left/p003_swipe_left_0077.npz,e79e6310bdcb48755f345b0804a7a69e723ef56e916fec17adaa514adb6ed0c1,514a66112e0838ace94f7874f041b74dc8ecdc0846511ba00d503ce21d8ce1f1,ef430d761280463c8cb689f7264ae454410ba402beb676633b5d041bb3b8de94,p003,p003,swipe_left,77,2,accepted,,,,24,0.7837760000002163,20,0.8333333333333334,4,0.12553519745545993,
swipe_left/p003_swipe_left_0078.npz,d6a22f0e027c56786de325e3e39dda39ba41506ea67e971e7131cdc440ed93c3,0aa91f880c99b89fb43d86f7f08aa39c924bca129ea803839226ebe740307164,4c8a69699a1922d4d738608efac3efc61b0c97e4e238a3926d2b933a92b99a7c,p003,p003,swipe_left,78,2,accepted,,,,25,0.8156736999990244,21,0.84,2,0.12043681877812626,
swipe_left/p003_swipe_left_0079.npz,19a5ab6e539fc6421aa1a667751d2f9cedcdda508882df86fcd42a2f15959b3f,6009f667302c33e90ca51cd816a21380775005850b8f959979a3e50dea2a268b,866153a293db51e74ba4a3acc9a637d375e88ea8d429233800018551b9fd5834,p003,p003,swipe_left,79,2,accepted,,,,21,0.6694639999986975,19,0.9047619047619048,1,0.12088184118622779,
swipe_left/p004_swipe_left_0001.npz,1f98c2671a7129929e2276617fbe254c557c86f518849a57a73335f2928eacae,3196a30d3b83bde0edb48c7e0eba4c95cf3b953efd097e2f06ba3345288facf7,b79b644710b7238dfc04efb3a12902cbf058ce6b8ce59720c02b3f9ccbf7a62c,p004,p004,swipe_left,1,2,accepted,,,,49,1.583261699999639,49,1.0,0,0.2691053807901635,
swipe_left/p004_swipe_left_0002.npz,c5228d2533b409a02bfcd5cb5939d8dc9b7bd6018544bf9495d3155167fecdf0,33a45e2b9ea7f4d1e0ec57320b849a0edf54db5a3b82e08c8af7ed5f91dd2f7b,9d306bf38a3f95d1b2a0b7177c6e28a7d1b5c089c19700a618f9c500e385069b,p004,p004,swipe_left,2,2,accepted,,,,47,1.5363787000005686,47,1.0,0,0.27334393761639103,
swipe_left/p004_swipe_left_0003.npz,482d9f0019eb973931d32a8cece8cd089680943da25f6b8dc15c3d679070c2ef,f527fa2b00afe859e89b3baa4a0d96001fa8ee14e5a16336138235f17c284c5c,7cff8b026199d2c9e7df5b4c78d85b314d59db72bf6633830528c1b88680636d,p004,p004,swipe_left,3,2,accepted,,,,47,1.539110099998652,44,0.9361702127659575,3,0.2866853550854054,
swipe_left/p004_swipe_left_0004.npz,9def6b6748da170e3619ee1ba015874c561d22dab441385f25c79d44e2543eba,0f9f4d86efbecd751ea015ea163c8aa5ae04c15a6cac72ea46702c108f6c798e,34d7d5aa825fcd5c68954ffe69f69a19ed8f68d6e7ff2cf51388159240f786fe,p004,p004,swipe_left,4,2,accepted,,,,53,1.7374822000001586,53,1.0,0,0.26149588133100266,
swipe_left/p004_swipe_left_0005.npz,93b09fb1c837f32a98ef377d7fcfd2e94655f0c92b0cf9ea377941c8610b5866,08972a25a4e1ae3e96c793548ae03f8e90ad8f8fbd9a56dc189af69c5411d151,61f5daf8dab8f228869bcedd87d05a2473301c7ab8727786b25927fa3c7743e3,p004,p004,swipe_left,5,2,accepted,,,,51,1.6746421999996528,47,0.9215686274509803,4,0.2857545134297984,
swipe_left/p004_swipe_left_0006.npz,4efd08de6a1dba39ca9284fe4d5dd3b67e077627669738d88aca01e83d3d2776,1cd6bb023e747b5ca5f4b3e170bfcfe40abdcf15b14066e22065b47daa22d1d5,32eeb9db9c62de92bcf5238cc72a76207eaf9f45e4ad2a0f097cad7303c55726,p004,p004,swipe_left,6,2,accepted,,,,56,1.835563299999194,51,0.9107142857142857,5,0.23166326936745327,
swipe_left/p004_swipe_left_0007.npz,1ac6ffe321ed240bbd728a8569dc8b1ff231ca195cb5bfa5040722527b79427f,e661b242dc6e5c738b64fa6a15edc7768601f7cee75d9bd89f429224b746b2e3,23fa10061956aa20d295ff54bbf2d9973657969d258da2191dfe928f4a42a306,p004,p004,swipe_left,7,2,accepted,,,,47,1.5254791000006662,47,1.0,0,0.2675151278775895,
swipe_left/p004_swipe_left_0008.npz,73d5ae58036d23c3f5786259c680daa85fe7be2b21aeb522e7416534a1e37359,738e13404f4279b9c2cb6f72787e6fa409bf94cda7a6a8cf297226d69750992b,0ba56c0641c97cf003b1dfe59075fd35d48b6423c67862531641b09d78776281,p004,p004,swipe_left,8,2,accepted,,,,48,1.5690770000001066,48,1.0,0,0.2518446902155612,
swipe_left/p004_swipe_left_0009.npz,070d51aaea3b902c9ee0c688e55c2f9770c1496552ed613f271880edeebf539e,18e9c65aeaa4c70eea2041a515d8687d782d3cb95e1346bbba6bc18b5ef3ab8d,b29ca3d9ece1be4fef916c3f50ce06a10173151201a924e148414a4662f63819,p004,p004,swipe_left,9,2,accepted,,,,55,1.8199232000006305,54,0.9818181818181818,1,0.24850938911662923,
swipe_left/p004_swipe_left_0010.npz,ef8bf167289a782a61e627c882207549ed7ed3f2f4604059a807cf358bcf67ea,92d2e9895386da4a3a31ecb2b7c2a09b88e449c50b3ab20ee008fb802b0680a9,69e282761ddab2da7b507f3196a073035a66aa8aa90c83fab01a005203bc1268,p004,p004,swipe_left,10,2,accepted,,,,50,1.637345600000117,50,1.0,0,0.2547288411209656,
swipe_left/p004_swipe_left_0011.npz,d1b8d74be5d5a9c7c5d375134e00f43ef0534913c9543301749f5b50ab6a4189,7410e0f44a7d22de709480d5c47178f8694b0b1ba0c2cc4ba4a03074c772a1b3,d6539ecbe4b4335ec6af996fef7ba8b350861d1b83d95a6d599b18218b4643b0,p004,p004,swipe_left,11,2,accepted,,,,51,1.6766170999999304,51,1.0,0,0.24506337859821206,
swipe_left/p004_swipe_left_0012.npz,e4c50198ae6253890a0a710011e470b345aead22f56ebcaddc6ab6940d3dc92a,6aa935c3e86b8f46beb815d249ede037aeb8884e18969128122213cbc54d6a53,73bf57635fae9c7f873f58a5639d304241511d2cad389bc68061bed1903f845e,p004,p004,swipe_left,12,2,accepted,,,,60,1.967015000000174,58,0.9666666666666667,2,0.24148924934795668,
swipe_left/p004_swipe_left_0013.npz,a40aebdea91a6ea1eac6a20413f2ccbbc7835fa420eb6ce83c7a8c50fc526ae4,ee2b868755153c53c29670b754b48212d0d3798fdd1b533c4453c117d7cc9b8f,fd7126714f31fc8a8b908779099df6e22d53d391704cc3da3f02c99f9cf0692a,p004,p004,swipe_left,13,2,accepted,,,,56,1.8340052000003197,56,1.0,0,0.2360620232834672,
swipe_left/p004_swipe_left_0014.npz,7e7168c74f3e60a726b46e6077d5ea25d57c0b99f21e0ed0232f7cc3c53791cc,981c29aeb8d408b0b9e971dbd2253d84a50ebf60e4cb18be419beb880f8fd50a,42364495ac582a0febca7b5b0a24cf81c0a743856cf460dfc1d21796f66abe0b,p004,p004,swipe_left,14,2,accepted,,,,58,1.9147830000001704,58,1.0,0,0.24695037205870737,
swipe_left/p004_swipe_left_0015.npz,97d754b4e8908ef82c2331fe079fe052b682d9a3cf4721d8a407226146aad08b,1197a2ebb25f9526607104287e84e5918f8c6751eed15a6fc89dee686650df31,3edccafcff49df349480ae45cc68e5ad934a837fd29181b325924d285a217fc8,p004,p004,swipe_left,15,2,accepted,,,,53,1.7286502999995719,53,1.0,0,0.2597654900632964,
swipe_left/p004_swipe_left_0016.npz,f2c9f8879c481dd1c683bc508b5ac94673076900916adca11353447a2426d425,cccb18c3fd8606a640ce8a764708c54e8dafceb66292fa87ea87bb83ad3556b0,b241bdde1b5be67a076fca8ce6938fe53c19560d63093aa75d2839a82fb9f478,p004,p004,swipe_left,16,2,accepted,,,,55,1.792691399999967,55,1.0,0,0.21460581974622617,
swipe_left/p004_swipe_left_0017.npz,fe17c2fc05c8264e6bc62536e1c0f5bc5d7f9c3feddbd57d132aab79f9f371f4,fedaa30be2a532bf19ff478b87ba40c0b46370ade8ef0260566b2e0359673d92,6b11a546669f03d42ae15f37564ee37745f1657ffed5b4f94154a5a3b81a1239,p004,p004,swipe_left,17,2,accepted,,,,55,1.8204267999990407,55,1.0,0,0.1797390151392077,
swipe_left/p004_swipe_left_0018.npz,1e86ba983f4f667896084a79e0b41680c711e4309eab848a0f1099624404de64,3b5e56d83ed5707a1032d4439ff5c2aa97beb2e1bcb71b96226b6739eb96a3d3,14b0d958a029a69a1a8a4313077a2f690706cbd30b1f4b54c7b53a5c51054deb,p004,p004,swipe_left,18,2,accepted,,,,69,2.266967300000033,69,1.0,0,0.18326357560107664,
swipe_left/p004_swipe_left_0019.npz,6f43351ead580249c60af93a3a79fef3a02b5aaab7df628a76f0590407306d37,48c2e86e30e933c7b95c9b42809c71264d26b2722c20d64cf79e2e9b2b61342a,1c57fdec69abcda32315edced37f801814b04d1b7eea2f761d7817c624344de7,p004,p004,swipe_left,19,2,accepted,,,,57,1.875851099999636,57,1.0,0,0.18300899974308493,
swipe_left/p004_swipe_left_0020.npz,9ea041f4b898f3c84207d2cab728aec461ae332074164114d0ba3412785979db,d553d67ad847bdb9901a59a61bd5d67db0b048638f3c8246d21b5da80d58187c,028fe1cc1f08ca8efa8b7e23cfb094cb9baae82b62f307aba9a93c5eed18dd18,p004,p004,swipe_left,20,2,accepted,,,,53,1.7503648999991128,53,1.0,0,0.2773631224616576,
swipe_left/p004_swipe_left_0021.npz,e0bf30b14ecce3eaba3adb3879dea1ba40d5248415ed45c0239592756d33880c,b8e5b7e411297c03ccad6af3f11e861f4ef9f2f3272082a55f7258c7f9226445,4f1a2b11a262994a78b4e5cf98cfb3dc2356086b0912e9633307455865a43fb0,p004,p004,swipe_left,21,2,accepted,,,,48,1.5724333000016486,48,1.0,0,0.2310019290963085,
swipe_left/p004_swipe_left_0022.npz,da41ccbfe3dc0e50f3ff9fbfbd21b767ae9b1d4b21a71e75a574841bfc570b68,19bed30ca5984e76d2fc3239775bd902e38739679fedd7542ad3efbcdfb0abe7,b590960587456f064b7ebb94c79acbcac4c93af2f72f1ab746611127a90e79f1,p004,p004,swipe_left,22,2,accepted,,,,50,1.6333952000004501,50,1.0,0,0.23785919516955284,
swipe_left/p004_swipe_left_0023.npz,4067e5377405d04cd0b6372ec59b96edfa22e6aeac1383d4eeeba9a6ba2b8c18,6e3807aeb20ef11617662b0ddcb9e338dae9201ed8a7f35850ef88f894e45dda,5789f8a7b3c1a08bb4b79eebcde090d4ebdab98cdd29219e5abd1c79acfebbfb,p004,p004,swipe_left,23,2,accepted,,,,54,1.77089370000067,54,1.0,0,0.23207529694842094,
swipe_left/p004_swipe_left_0024.npz,caa1aa82d7ce6635bc05400926c825d70613f5a026ebc693a450883b0e76514b,f461bc90b53f2254ba78b59c106bad312c3b5f46e686f958c7f000c72e30ec24,25368ef16b2c97924123abd19550489e63579076ba1fe66dc12bf8378d0f6f05,p004,p004,swipe_left,24,2,accepted,,,,48,1.5862345000005007,48,1.0,0,0.2532754836623716,
swipe_left/p004_swipe_left_0025.npz,e42e08d8ca91746319fb242e780c09d53938b598e3c4723698fe3c18e9a5bfe8,413aee01d0030729c83fd9c3b116bf68f09145e043dd220edbe033d4d4f0439d,533d09f7b67a97d86e40c8bf72fffe1d940e495f5e98b84f6cd58f40f73424b6,p004,p004,swipe_left,25,2,accepted,,,,56,1.8341925000004267,56,1.0,0,0.2506899554186087,
swipe_left/p004_swipe_left_0026.npz,7bd5af70b583ccaa8941d6ef8395d85731ffe084e239dc4cbaa4a00f9c2f70af,4f7784ceef170e34811edb4d9921508e50ceccd906908df2edf50ece6e9a9344,796e3f09bf64631009805de8bb702dd0bd3f8709858d9c63511eb844eee4f4f9,p004,p004,swipe_left,26,2,accepted,,,,56,1.8470837000004394,52,0.9285714285714286,4,0.22391139570597565,
swipe_left/p004_swipe_left_0027.npz,701117096590390a855540e4c70697470c134193b33bcceae9df755ececf493c,bb0872a5d4b99e3359ee6334fa8b3c3352aa77c8e823c2c726bfebc6722cde1a,5834adc14c2382f27bfe67ad640c0d361ab267fb05ef4f9e322e3f47f81c78ff,p004,p004,swipe_left,27,2,accepted,,,,59,1.9527328999993188,54,0.9152542372881356,5,0.23029093488176233,
swipe_left/p004_swipe_left_0028.npz,bd216eff926912d819a413e71ca3e7c367fc4fe0dacf1c2e21bd00984d72dfbd,657762d247efe2ff4d308cbca119f1a4ebf683421be98b7c30e7489161db65b2,dd2ad8a19dbbee7dfbc72490ae1f4bc824cee3741ac33d69be62b10487403e99,p004,p004,swipe_left,28,2,accepted,,,,49,1.601121100000455,49,1.0,0,0.2263210325926879,
swipe_left/p004_swipe_left_0029.npz,555a37e0c3d30937dba576b9d1ef0b8f4792e81b5373799db1cf2dc7c1ed1a58,9932098d4fa81d987d00cbdf98dd724e8d52f244a435b02e32390f9d2ea4881e,212639eee03cec3966404f2e30d5ca75531454c271b2c9ae1743fcee3a1ce58e,p004,p004,swipe_left,29,2,accepted,,,,52,1.6948739999988902,52,1.0,0,0.2570380556823085,
swipe_left/p004_swipe_left_0030.npz,d0873541e8ee835cb04f69952e6e75994afb48f4c61767dcdbcc6942f7701b34,bc6499e95056f4e3a5300b2febe0f4834366b609c878f5f3b4e4fb89370544ee,4e92265e3dde380fcc541c7153b6579769bf2e3f2d64c2eb92b12544a7d29394,p004,p004,swipe_left,30,2,accepted,,,,49,1.5997002999993128,49,1.0,0,0.24784689263489362,
swipe_left/p004_swipe_left_0031.npz,8ae213a0b43b049dde24cbcc3e310f4fceb34a25a54b33a8be6b19691d2ad581,4e8d5aebe3d18d34bbea420a235c807ee32b8fcd62d29e2f8c2d85395994f521,e299f9c35d426d8d2058d9481772dabfefa775782c05fccea8cd6cd6888e6fe3,p004,p004,swipe_left,31,2,accepted,,,,59,1.9418896999995923,59,1.0,0,0.25420693029097974,
swipe_left/p004_swipe_left_0032.npz,6710dd3fbc2d6637419c0fab907e8d671ae385a6a11cd022000241ce1835db5d,ab8b5e9b0d7cdd4ad7689db0a4c53832c27ef53fe9c3f00bc03ec67005ff600b,dce062e9c83b6c8ba338655a4ed0e70fe74c495e63a713baf22e734911165e24,p004,p004,swipe_left,32,2,accepted,,,,44,1.441989900000408,44,1.0,0,0.31676573459060986,
swipe_left/p004_swipe_left_0033.npz,65353f9768eb362f4c0c56f5f08df831d91c804b8974a818c17f757c984586c0,ef671fe5a0d1f3e3ba5b0bd357a765ab1ccb548d268e73cab2a0e06e23c9f972,0e779c8075219d2c092ce153ddc42d4add05614e8411ce479cd1d05b3eaff8b8,p004,p004,swipe_left,33,2,accepted,,,,60,1.9699221999999281,60,1.0,0,0.22618125004881226,
swipe_left/p004_swipe_left_0034.npz,0507060000300b3ea2d1a82fa3a0c66649c1eb9cdc069aa42aa90db30480c060,a777782f4dd042f306bbb0ad8f754560b7bc23b568898259bb67bc55e9ff1074,75eab9b9fa28b8587fe7825213897e212474d9a688a37740e3bc62acc39fae82,p004,p004,swipe_left,34,2,accepted,,,,68,2.240773400000762,68,1.0,0,0.23613832196266055,
swipe_left/p004_swipe_left_0035.npz,4f0933d50b697547298b0d4f62c5bfed29003f27e6addf0bd2fc136a00091873,46b6ef20c4fb49f9c24167230ee18032fc16005de85806cface9258f66498593,d408c3812b73010f98a4ca6ccc571e36f90ecc0c36c5d86e5f5d2da396b40fa2,p004,p004,swipe_left,35,2,accepted,,,,60,1.9594368999987637,60,1.0,0,0.22089567478691813,
swipe_left/p004_swipe_left_0036.npz,c78aea9b96eb985215cfa1c90567a91b0d29b9dbba45194646c218348b0dc385,cceac5fa126d036828d8c89135d6bab7c2104c59974f419e39af681562399e30,5ea25d89834c8955838e5a26fdb3736caf4bacd13378012a28cdd7b33a53df60,p004,p004,swipe_left,36,2,accepted,,,,62,2.0524463999990985,62,1.0,0,0.21504164401371412,
swipe_left/p004_swipe_left_0037.npz,7e6b9a585d22d4e8b630c3aaccca99a20672dc286ca0eccd17536f62b8138e6b,c2613506d8a9e9ef475bd36f708d646dcd7dbacd4c4637dfa65eb8006856dde6,60f43e645d20e12087b6fce63871a529387d2b4c84c5afbf16a401de0e199f94,p004,p004,swipe_left,37,2,accepted,,,,53,1.7526796000001923,53,1.0,0,0.2349641298894539,
swipe_left/p004_swipe_left_0038.npz,0a6d434e0ac9592acc6eb7091e6f1bcd74e31d82acb1a5920830e960d394a02c,2383100116742ca3c7b9b0e09eb89d807e20c9215c0e65eb051861d443497339,f83d254b2f2aa3fabbb1410568d953a3ecdcdcf6e666575afa60fcb2c9f68ced,p004,p004,swipe_left,38,2,accepted,,,,57,1.8712634999992588,57,1.0,0,0.2438942472325999,
swipe_left/p004_swipe_left_0039.npz,ccaaf256d23516f7c2c35a2fda0b89305e56b8c01bfded12199a438b6e354feb,7bc8b4e802dfb3f947bc1a192259b8b5efc5c201e9a00f47a99020e709f310ea,6b6f3fdc4a70618f47567007a1cc6df947b1677aacab35f5ce49c593c09d4269,p004,p004,swipe_left,39,2,accepted,,,,58,1.8974517000006017,58,1.0,0,0.2202272951790057,
swipe_left/p004_swipe_left_0040.npz,8abbeebeb1e7c426e3b4c748aa9c16a8489502b1754fc76fc9995791b55f617a,6ba860cb5ee4b4a203530a416c4d0e135409ae9248b242122171e5fe199081f1,b5c737f7ef23623ab67e9c487928bf31b40eee7ab65b392aeee4f4d5fa5f2aa7,p004,p004,swipe_left,40,2,accepted,,,,49,1.6125494000007166,49,1.0,0,0.3042179733463085,
swipe_left/p004_swipe_left_0041.npz,889808f35f684596e68d18755c05a98565defe8b086b24cf9450ba45a91b3980,d5d247427f20828d1014a1800d421b329a8021343b512fd1d3cefb94175d54df,a9a2c8d9439bf3a4faa0aea1a572e88ab21f51739dc73650dccb9fc0580e50c1,p004,p004,swipe_left,41,2,accepted,,,,53,1.7533101999997598,53,1.0,0,0.25972610708577176,
swipe_left/p004_swipe_left_0042.npz,d0fbf4f571f5e1f054bdd9cba56b18981e059e84e185cedc6de145ee0e4defad,52a7594c2112cf8ae1b8ade6960eac1a392b5474d17bec9ce3970b0d8c8cf597,2bd21ab97aa25bc13fb4482d2ad264b067d7d798e021e01868254c2722c1267d,p004,p004,swipe_left,42,2,accepted,,,,54,1.7746129000006476,53,0.9814814814814815,1,0.24080788734981232,
swipe_left/p004_swipe_left_0043.npz,e382e394e592ab69d1a5a8be0b1dfa456cd71fba7073b495b301fbba65ca82e8,40c55f508ab8a6c19c20f1494896da210e98f3b108867424310867c3ac6ea0ee,ae3fbaf85b48192ac6b43073254212f387cb9226cc262f0c64d67c4ebf877ff0,p004,p004,swipe_left,43,2,accepted,,,,54,1.7593701999994664,54,1.0,0,0.256749423720131,
swipe_left/p004_swipe_left_0044.npz,c1a6ec1aac0ddd3e7313cc6e1282691b2ea67fcd9a2dfa55a71bf0d1c9e87150,a34c53ceed3ffed24e70610738640123b4a4f32fb9e42d58210482ee543ecd9a,d5d6001b97b6824d2d3a6b295974c3663328ca244bef6cf376d5d136028b4437,p004,p004,swipe_left,44,2,accepted,,,,60,1.9783090000000811,60,1.0,0,0.2612434394756099,
swipe_left/p004_swipe_left_0045.npz,252bb27ab4095a07f86eaa06832d815501e6cfd911f4a01763a400e347ed1f77,e3d149f1db3f7890afcba2ebc386f1fc009d625bdce033bb26ba81f250d66779,c2a79ee3f5744d7f1b8c203d1afe5a4a85f8c12be97855a24c569470ceb827db,p004,p004,swipe_left,45,2,accepted,,,,51,1.6815260000003036,50,0.9803921568627451,1,0.24464038901177618,
swipe_left/p004_swipe_left_0046.npz,0351f2381800421bcb2f470d11f7a3e1587acfbb065e8de36db40d45a3c7aa47,04dd4801c40818ae1bac9fb41c164bf26807575e965e8c9286c8fbe9dd0aac4f,00b3f10ee7a342f5b185e0f20b05ef9a8b9210e83b6ef0572af23db0fa03e65a,p004,p004,swipe_left,46,2,accepted,,,,59,1.9556061000002956,56,0.9491525423728814,3,0.2266784759186523,
swipe_left/p004_swipe_left_0047.npz,2f596cf2d85480db0d04022dab05157f06508258cb731eeee66e73f960a2fefd,65fe5ba9ea8112d5e542853d78b0c6af85873c3696adae76c6a24053b2be519b,312eeb4101f0dd664f092fccb307f2a488d97d2b888058df06a332b1e27975f5,p004,p004,swipe_left,47,2,accepted,,,,56,1.8507961999985127,52,0.9285714285714286,4,0.23052443718300036,
swipe_left/p004_swipe_left_0048.npz,7cddb29487bd80657b7c71f23b526aea8bc1e4c3aa5bcb4393433e676ec19312,e76be3213bf98bfe360d1df3d248546b517c82bb92a22ee9e49f11898b197e08,8f10af859f64e7e70446ef1fd0e2c477815f9c19c06a8ab41f65f029d33ab698,p004,p004,swipe_left,48,2,accepted,,,,42,1.3640277000013157,38,0.9047619047619048,3,0.24385966321903585,
swipe_left/p004_swipe_left_0049.npz,36a5c55e705250ed908ccc342fae00a49261df8975f2d04d95bfc96f3e1e0891,d43aa24db243e9b7f6fd47dad42ef3632d1be3b2833ede090d948361493a8122,37557692a3caff684d3496289ef8ce48d88ab0d2cca209eeda9bce1e20091531,p004,p004,swipe_left,49,2,accepted,,,,54,1.785084099999949,54,1.0,0,0.30627415156309606,
swipe_left/p004_swipe_left_0050.npz,6a2693a28f45c9e79808e9b245566f92040b00def6425903a8630a085da9249a,ca8535cf8458b30f864cd6dade84e2971eef48db245ed23753f287c5f97a8b83,a28c2f22be540114c4c3f0bfef0f68992033a5bec60a11073b7a82cd2a9c2ee4,p004,p004,swipe_left,50,2,accepted,,,,54,1.7690802000015537,54,1.0,0,0.272111957754423,
swipe_left/p004_swipe_left_0051.npz,38b9aae2feab2ffdb4dd22604947a14d35c9e472d7d2c0b3778a32b30ad7f765,c4ce788a18874484522114fd3b1f74a4db219b3703cdfbb9518ff446146f41d8,1ca94df8dc24983830e4d9d43a4303502fff8009b6f8fe3c6297e89933429a5f,p004,p004,swipe_left,51,2,accepted,,,,43,1.4069602999989002,43,1.0,0,0.33394940634149,
swipe_left/p004_swipe_left_0052.npz,48ebe72427bbce813fe3c075817d878a5fdef3edc3297ffc949426ac19d37e9e,d3ef699e593c9e76eb099f2529c794e85677968775041c33515b533d9c187233,cd711c7f3024552302525bd0c8ff395c99275a5ebc3ac5934a25c2d47a6b1567,p004,p004,swipe_left,52,2,accepted,,,,42,1.367230899999413,42,1.0,0,0.3653413937371892,
swipe_left/p004_swipe_left_0053.npz,599de44267744ce4bd45683832804b1ea8ff51064c29db4ccc9ee91d415c5cb4,4bd44ed7863fd20097c20a99dfda958d5ba034c44d511562a6b6b13f99746e7a,dde85e4282e1c9ac59293ca500666a5084cf554995362b4bc789f8fe7bdd599c,p004,p004,swipe_left,53,2,accepted,,,,50,1.6247194999996282,50,1.0,0,0.3186565904326216,
swipe_left/p004_swipe_left_0054.npz,2752d50b3236e46b70f4a99e5662d85cef04cb9e766509bccf641e8eed81a729,1ff0f942bb52890fa9c3b1a68dad4b8b512d111a7a5eabf0da99484abdc4b0a5,ada8d2ff3816d1e23a3b10dc09d17f062e60b7804ab27a6a9a9e8854867b61a5,p004,p004,swipe_left,54,2,accepted,,,,48,1.5719308000007004,48,1.0,0,0.33139689753263,
swipe_left/p004_swipe_left_0055.npz,f6eb6afac21e6f034d4a01501cb7e715189e1e5b65dc2ac2c777bdec25f5113e,08c01634bf3c2fc4ac84023dff4ce2e0f903c9d2e05cff0f545c3608aa719232,cddc4f1de6ebe468c0ab9b88c7d18be1b562ce5b419015e426ab00dea74ee383,p004,p004,swipe_left,55,2,accepted,,,,53,1.7533722999978636,53,1.0,0,0.27875334875878877,
swipe_left/p004_swipe_left_0056.npz,242b17a4b6f548a796a1db9580377389d62c9a5a373c7e69031bfebdb1c487b3,5a9575036acb16548d74514daa64e5a3b5b74bda82c6f50c5064762e0bc10eef,f15ca041a7f18ae646b0d7e7b8b92d3317a5c6d273540dd6bfab69d3577eb965,p004,p004,swipe_left,56,2,accepted,,,,47,1.5190228999999817,42,0.8936170212765957,5,0.340672601701556,
swipe_left/p004_swipe_left_0057.npz,3b56b1ee825879c178759826a6da008fa4c906b2b92d9ac195a5070309267a62,1135ec364c7eba88fc4dac0d9d63c1827c8a26d64121a8ae75aac7c1f54ddff2,a96c5910b2aaa693e7ae9925405dfc60fffab42da2f4e2ecf95782ed1e0f27c9,p004,p004,swipe_left,57,2,accepted,,,,45,1.461518199997954,45,1.0,0,0.3118348599211287,
swipe_left/p004_swipe_left_0058.npz,bd4c44e0eda323e535bb52eede8f6b441ebcc0f3d4eb3ca65bf0597dad190b27,2419140600e652d032de607dd9963df64f7f7e1cf92974cee1203139fb713079,b4fd3a60783044c7057dca8d4f2247a25350974fb7a667b3b5d0fcd342f6b340,p004,p004,swipe_left,58,2,accepted,,,,52,1.7016497000004165,52,1.0,0,0.3112488437821277,
swipe_left/p004_swipe_left_0059.npz,52a4cc79054d1b615c2d0833572af132847bcf02612c29e567fdaf8eaa70c843,502c8acf58e16750ef629db903908ed239696e8913159d6a95bcbc057c9b4fdf,cbf510622b1a3721410066a98bebcfe5e316ea8df133a726c946a5b9c747c3b8,p004,p004,swipe_left,59,2,accepted,,,,45,1.475055999999313,45,1.0,0,0.3214265925182852,
swipe_left/p004_swipe_left_0060.npz,0ed07bf25dff7ad349a24ae78d5033df48a28ebef3108ed179993599268a192b,43a3493be20cede4ab4891fd2d29095aafde64d92b6646029b2b80360383acd6,4e3126c5e2354a00285ff09e3a97e6b18a3e1aac24dca315fd52ce45040f5189,p004,p004,swipe_left,60,2,accepted,,,,47,1.5382025000035355,47,1.0,0,0.28850669257628064,
swipe_left/p004_swipe_left_0061.npz,a73a3e919720040d5450be532ae1cc45c4779b55a8e8224b9e46c6319e4c5226,f0a6a4f0a0c3df6ab37cf3dc9b35a3d8d191840c3353a0971bf8e13cd25d9ded,e68e15526d4935deb88f5a901e654d0325736936b1278f8c26559a619afda2bf,p004,p004,swipe_left,61,2,accepted,,,,56,1.820846900001925,56,1.0,0,0.31651319621440377,
swipe_left/p004_swipe_left_0062.npz,34ae9fbfc1a370f5cd6168c618bc43da1ad56c581ebeb7b7f9a2077c9bbce9b9,bd8e4c1708a622adb08dd19df64a750aeb2746ab4f2e7b85738bd679fb126396,e640d5243d2c7cb481c579148349261d952e6fa9d509eea637458c6aadd161ee,p004,p004,swipe_left,62,2,accepted,,,,43,1.416288699998404,43,1.0,0,0.331161226984728,
swipe_left/p004_swipe_left_0063.npz,46c88e79f308aa53cba9b32eb7dfa6579175ad0b9cfb206503fc1ac8127a26c2,744d8ddb15cad473750b613e47410180002d518ff8dcdef7782c1f83f2fa6b61,dff1bbca995b93f8e6222624fc14acec1e0a5206790439649ac87f28119e2e24,p004,p004,swipe_left,63,2,accepted,,,,41,1.3349454999988666,41,1.0,0,0.34041058557525267,
swipe_left/p004_swipe_left_0064.npz,f91f38e56ffbd9b0956bffe18cdfda7eb1c9e78b75f704a7a77b50559d6e6369,221367a69ebf5769bf9f1873ac2a73700e3fbf1819a7ae70c743574e2854c2c8,25078b74d590b6c7e5c91c21fe7ec4447c92378530bbeeb1a3a72a33cac91e2a,p004,p004,swipe_left,64,2,accepted,,,,48,1.5533484000006865,48,1.0,0,0.332047802000512,
swipe_left/p004_swipe_left_0065.npz,8dfe1f86dfb25e1517bab2cf1a06a0650046fe85030feab9c7fa94a9292837e6,91f80d4810bbf5fdfd8b8c01327be40bee493937194aecd29577a3c809606844,c37da057866523d0c1e0342f18084cff753403e08bd5706295681918d4d9f05a,p004,p004,swipe_left,65,2,accepted,,,,47,1.5529630000019097,47,1.0,0,0.32289898775557757,
swipe_left/p004_swipe_left_0066.npz,e0732361083b95dc55521142dfc5913d9f9df500f98823867887f551b198df86,5ad6772c2afd02160ac2eb8b89c03b7588ecdf2a7556bbf7aa2eaa84cf30adf8,7c916e7329bd716252d245239393da85ae7f4e7c772c894551488367a0175b3f,p004,p004,swipe_left,66,2,accepted,,,,44,1.4297733999992488,44,1.0,0,0.29323587374567306,
swipe_left/p004_swipe_left_0067.npz,1a739c1d3e73a18393ba18f25c5b23083a6bd63077f0f7f5131890fdc2446b69,166253ac18a5d5202e11f19fa075349bd07d80d1848c4a86a58d8bc3d7b4dd08,d01dc5de804f7ea93a118205ed8a14aa1587998691ed695032eb51ad7a7637bb,p004,p004,swipe_left,67,2,accepted,,,,44,1.4394874999998137,44,1.0,0,0.3112919183481946,
swipe_left/p004_swipe_left_0068.npz,47f7af5ff50b05a05e341e5cad1002dd20ddc1ddfac134e6122c0dd76825c0bb,e55da237ccb5bdc67b148e6f3ea575f99a835e3273289e9984f09a4ba070909d,e95b289d71b48413a38ab6f3c25977c72d335850bd22243ec93c1c92a42b7070,p004,p004,swipe_left,68,2,accepted,,,,50,1.632322599998588,50,1.0,0,0.3042789323009188,
swipe_left/p004_swipe_left_0069.npz,857c5fc044ab91a8ede79b31419872bd26ca4174d47200240d0d435007e46d4b,607481bd542fe7fb7894bff6b2bd6f1b9db9eabe75f775d35bf13efe8a0b2c88,a38db57aa27afc92784c0c2c83489a37bee1db1cf7bc456a77b029a0ceb86ca7,p004,p004,swipe_left,69,2,accepted,,,,43,1.4245839999966847,43,1.0,0,0.31465626134504954,
swipe_left/p004_swipe_left_0070.npz,b58f8824d8d1a65685d62d4f4b2938e4fe1620dfaa0fbefa0c2c28ac962105ec,41cd8c56481c9124ad10b6d3b664ad54e2181b38c43c3539f108616b1c32cdce,abcc7c6283cf7ef1da11f2cdfec0cbea316bd69f64c0e2f7b296713d7b00e04b,p004,p004,swipe_left,70,2,accepted,,,,46,1.4934796999987157,46,1.0,0,0.30425629705177104,
swipe_left/p004_swipe_left_0071.npz,2d2b685eec907a3e3c70d28f87df76cc55fb33e15e0377a29aead24d86037be2,1c36c8f43065d08cb3b92f48fd0e2bffbb7c24fd0d002853840faa7243416d9f,0cf342d315b11746ae0058d69abf1edea36262430d3e713e919415ebb80f002a,p004,p004,swipe_left,71,2,accepted,,,,53,1.7295329999979003,53,1.0,0,0.30111349506659285,
swipe_left/p004_swipe_left_0072.npz,b89fe77451e249f0ad470f1cde49c98588c560a7995adfbd654d310cdc707feb,66864ad78db1941b0c663d64a75195af0bf39063d471792404a8a635abffa00c,92d47bea3f2ab1a893b3e6e47644fbba030ce869e64de578ca2eb92e027d2126,p004,p004,swipe_left,72,2,accepted,,,,57,1.8820852999997442,57,1.0,0,0.2868274838327646,
swipe_left/p004_swipe_left_0073.npz,ba1a955c72fba4297cb9c2a0db96ed68ed25b7f69722e6473a1dbf5bf507e7e0,4dce21ebb4032b3afc792c7b5c92a7203456729eb254fd846da4453388e9c865,562d0c8a555bfc67542c8c66a222234199beea121de8bcfa4dd8a4e0ab213a73,p004,p004,swipe_left,73,2,accepted,,,,49,1.6199060999970243,49,1.0,0,0.30049177092243085,
swipe_left/p004_swipe_left_0074.npz,b3d8f3d338bbf0c8af6aefe35f0d099470ee69e3380a7175a4cc919cc1e3e6e6,38f8d91a577c808e2fa7041f3975dec55533b946e2a13d14fc2f3ac4c1e74681,10e5a6ace5185f78021997df92f75da98f3be604764d6570792d0b26f15c741b,p004,p004,swipe_left,74,2,accepted,,,,57,1.8785905000004277,57,1.0,0,0.23622195067058116,
swipe_left/p004_swipe_left_0075.npz,ab14f542e17d5a634c00cdd9f7ce252bc9d046ba9826ddba5c7b629bc642da03,073699c5569f22f59c3db49c761d0d6d8683d35517f7f35d43d039db35ac73a0,0db8b9c3311a9574c7b4e7db6170dacfbf008be7d3c78a3723fdb2a6dafa21ac,p004,p004,swipe_left,75,2,accepted,,,,53,1.7386871999988216,53,1.0,0,0.25177659840362243,
swipe_left/p004_swipe_left_0076.npz,59b20c0beaebc911ed1b7062a88b463dfbb814144f054ae7313503b7b21bfd37,b2896c0043f43783ea0f36e4bf7154eccd30f51f892cace27c1b119a135be8ba,7232d6e7b2cc16044d35e6f17020b6cc3a2da52287f62f8265d2c57076b2009a,p004,p004,swipe_left,76,2,accepted,,,,52,1.7125010000017937,52,1.0,0,0.254245373805413,
swipe_left/p004_swipe_left_0077.npz,804706cba9aba598de32804b1e7c16d414e69333dba6765428ced4d227de5707,9e9e4de9deebaf5a4ad9ca83082721c8daa29df856098ae4401e6cf939ebe92e,2ad4cbd6a139b249b46ab264429fd2e776ab25530bbbb01f67bfb24f52e0fcc6,p004,p004,swipe_left,77,2,accepted,,,,49,1.595473999997921,49,1.0,0,0.2755823530907476,
swipe_left/p004_swipe_left_0078.npz,30f82f4e815b35e57293dc05a60595fc44edf2f972413ea0f763a01a766e6446,08c0478f3d86fe5693b01d45e6295ffa9f627a2948b7070f49dd90ebde290502,e7858eb40fb2309dd7f96694abb2b7ef7d246d7b308cf9931eff72aba3b8b58a,p004,p004,swipe_left,78,2,accepted,,,,55,1.7978352999998606,55,1.0,0,0.29433127856863145,
swipe_left/p004_swipe_left_0079.npz,1c36eb2d1a960a66d3224a960295d1784173d694a70be54e87beafd5fcb3b2c9,7fffdcc2ef1dade4f7a65bce42d6d8eaaa4b1dc8301af1e88cb035f0d60494c3,758fba7efe071ad6518f258fa8c00d4f6cb9ee7e655f1cb2a128b6795796b5ee,p004,p004,swipe_left,79,2,accepted,,,,50,1.6490754000005836,50,1.0,0,0.2824769021853188,
swipe_left/p004_swipe_left_0080.npz,825cae71847c8f9925804cdb3b8b2614b1b8a4f4035f3e5ab775bf90be92352e,e38ac48b627921def8f28a7ed9ed89acf903ce1b1241c4e01cba89663be87cb6,ab6cce3ea7aef9daff5341a5cc608ae035f29d0ba4684883ee21411940564434,p004,p004,swipe_left,80,2,accepted,,,,47,1.5498936000003596,47,1.0,0,0.2895632748923792,
swipe_left/p004_swipe_left_0081.npz,5f2ffaa37fea49ec5d34b4f756a4d2f1ddca5fa7f03638fa94e7375187dca198,fc04601ca1805a2438a75231b96f809807d270ffbf38db8b0c1bf5e983ca0dca,7d3e50e9c326806897b9bb58495264ba2d4cb8232dda1320fd12194940b79c91,p004,p004,swipe_left,81,2,accepted,,,,47,1.5258199999989301,47,1.0,0,0.3179646918027776,
swipe_left/p004_swipe_left_0082.npz,d3fd14aa5d19691dad48520f87a5bd2af8c96166e79d30394b74be9701b7292a,173135f9d66bcd671e624657cfb8ef9a3e148b1afa9a76b3f2aca576139bade4,df0411b811c21fe31937382d107b4fca7bb219f4315863fec6fb7bbb159280ce,p004,p004,swipe_left,82,2,accepted,,,,48,1.5847752000008768,48,1.0,0,0.3044768288913423,
swipe_left/p004_swipe_left_0083.npz,73077f635b00a1d1d176a63bc02d72bc46eb11c3fb70d9099ef8c3c5bd4cbb1a,007a63a6f18717479e30c43c5ecbd1f103718e7854575cb46af12f796b294b84,d57e9edcc9903d426481d20c6f3b5abc7f2ac41bd281ad8731515243125b5870,p004,p004,swipe_left,83,2,accepted,,,,53,1.7299702000018442,53,1.0,0,0.31318131707983937,
swipe_left/p004_swipe_left_0084.npz,78874ccc5d40ba31ae6ff13aaf1d29628e9a2bb746a31cc0ed84a9d0e066a90d,5143b7b2cdfce64ab4ef74f02b682b8f9fe352c9e4d8c4e5099c39263f2c0272,76e09b580bdbd904f4502d907453ae7d3c80cd9476c4bd31edfc334623ac5221,p004,p004,swipe_left,84,2,accepted,,,,51,1.6741903000001912,51,1.0,0,0.3091727734758905,
swipe_left/p004_swipe_left_0085.npz,7f796c74a5f1c31614d5831de1776047e503c5d76718612bee6aa70a00abdb64,a3a3063f819b93248e3cbb3abb3cf1886de8c5f4ece5ced3702d8cb69a2e581f,9d1aa466de3caaabc328dda9e739bef11fab04d4440ab7525fe2da7873b96445,p004,p004,swipe_left,85,2,accepted,,,,50,1.6490112999999837,50,1.0,0,0.3252537521196658,
swipe_left/p004_swipe_left_0086.npz,f8ebdbf316f0c15c8a1ea0733aa6b5cebb5e2da55198a35b2fada13625df49c5,76edbf0f4aac41fefe025c59d0ebbd7ba9ab4a946e8e160bd23cd76718c0b4ef,5735ab47a44f6da06022e9c74cddfb804d3211edc740e1a81a890224b32bb01b,p004,p004,swipe_left,86,2,accepted,,,,45,1.479321799997706,45,1.0,0,0.34214473030835807,
swipe_left/p004_swipe_left_0087.npz,801721bcadacfdc7e22030d82765d7b65785c7c066760161716a9dd0c845dbf4,5d19c4114758759d77e59d0fe33db0f9b3dc8c10bad5e633e9db5d563d584774,9de881982e7f96fcb99a658d4a2a6d948263955f85fa3c6c77b4b3a35a227305,p004,p004,swipe_left,87,2,accepted,,,,45,1.4898174000009021,45,1.0,0,0.31178441366059956,
swipe_left/p004_swipe_left_0088.npz,871a70f173989d430c0a3be32d802be1370e57e3a6ba92698a8898587cf05561,f2ef695374484c312729b3b9070aa5c61cbd800ea1d0e62027141242dd8e8029,10cee20aa58271a625b2281edd4fb5760dbdcf147d3dccdf4976f53d06d02f57,p004,p004,swipe_left,88,2,accepted,,,,47,1.5593622000014875,47,1.0,0,0.34249546018399946,
swipe_left/p004_swipe_left_0089.npz,b526ee49dd09d441f8be80967b5f5e71dfdcb3b6c685f4dcbacc8e154d9a13a1,d1c1dce270dee6b7684c42811d6b8f18831a25ea7977a6e41479b071353c06c4,08719d2e5645f5cfd77d302c5ae7355210985cea963346e4464811e8002d2b11,p004,p004,swipe_left,89,2,accepted,,,,51,1.6646643999993103,51,1.0,0,0.29805692234979814,
swipe_left/p004_swipe_left_0090.npz,afc3b0d19b9800adf24e3c687b85797328467dcfa4088748b9bf87c1c82b0870,854d76af2fdf3b737a5436d472e91d64079a5dda6359f76c0028576d94148645,d8d41c53a67e9e8616ec0bd6ae040011a1e66d340118bfa1785f8a7938e2a133,p004,p004,swipe_left,90,2,accepted,,,,48,1.5689166000011028,48,1.0,0,0.32631676693286094,
swipe_left/p004_swipe_left_0091.npz,2bca705dd962b19df971f322247e825ef77f7f3e2f86fb2425040364a6534cdf,478a8ff11623a1ed69327ed718e7f75f4ed4fec73db51a677cb3f2e8f1f2c907,68d4d50a6ff935c2d284ed6f5bf3b6045825cdf4a9451e6c0c717b74d6d0fe3c,p004,p004,swipe_left,91,2,accepted,,,,47,1.5382347999984631,47,1.0,0,0.32177620688286324,
swipe_left/p004_swipe_left_0092.npz,d199f91f39b5e36ea99c9b1a2604c2091c97dc961816848646c7c22c253e6594,79b5c21d9a7520102995c1133e141f55e5e2825219f083af3f84026b4c6adfc7,11c358d2082e82a8382ff9224a88e6063a1611c3a3636cdd6947be066fb63213,p004,p004,swipe_left,92,2,accepted,,,,44,1.4294000999980199,44,1.0,0,0.32402965569554315,
swipe_left/p004_swipe_left_0093.npz,45718ceb55e568993d16bd331d782f2372d11ae5c2897a9788437051ee924cb1,0709e8d54da1e24d2f32e0aa2ceba1bad3f6c19746d119c4a89269ff9c3d38d1,cc433d8cf5f59413181d387e90f841f1d2f8bb1ab5391b0203715aad84130b06,p004,p004,swipe_left,93,2,accepted,,,,48,1.579353799999808,48,1.0,0,0.30865272069236344,
swipe_left/p004_swipe_left_0094.npz,bfa74619bb3b779d00407c6c62b86e2d071c5379e95ba31d837ca219c2efcc2b,98f9cdac1f6b7a125c621eb734fa5a66754da79ec78db1575442e9bb0b536d83,32d8fc12b9c5579572be82173540c2db22eca930550e0cc5706537a10384bd87,p004,p004,swipe_left,94,2,accepted,,,,47,1.5245637000007264,47,1.0,0,0.28396705455141896,
swipe_left/p004_swipe_left_0095.npz,77683df4cd65a9d2185389a2a8c5a7e8dedf37623c65c685959b1c16b85989a1,ea869bdb985b18dbe06a679aad6a21c53f7299dba059c5f3c9c4d1e963c042c3,b85d350a65f9f626ae093e58d79b6582b5054560c127c085f2180e2c14ad7d73,p004,p004,swipe_left,95,2,accepted,,,,43,1.402301099999022,43,1.0,0,0.298844672064189,
swipe_left/p004_swipe_left_0096.npz,33579d8b3edda60f74e38fb92f8b6bdb4c8908df56938f2f9c257d5aead8580e,9e1f3fc1a3507f0302671e345f27b9c28f4e648fa93f57f30add007f513160cb,cab5a6732692eb8b5c705eb69d6d43667a7adc2f7484e5dda027ba2b31eaf232,p004,p004,swipe_left,96,2,accepted,,,,43,1.428237000000081,43,1.0,0,0.30367455292159334,
swipe_left/p004_swipe_left_0097.npz,edd63e75696a1217ed87cf47cd443c9da18e5a99f37f76c2a4a1297600e7340f,8dd0277a6e35c59c55386a6eafa5c7286191a072c6cb1dac2eb5635b1d1bfb00,059ad7d9addad88393657659f077e17b0d59cbb8c109c20668ce015651133752,p004,p004,swipe_left,97,2,accepted,,,,47,1.554040700000769,47,1.0,0,0.3209399051467609,
swipe_left/p004_swipe_left_0098.npz,5520ee55dcbe595845dce24876db100c0e3981acedcc62681d323556ce972f17,9d5021720057cd2da4608da74c0dcdd76e3a83069d22314ef78c37d2dae3da56,a31356aac48a2519d1607a3a4bf74640b6f25e5dbe45f488605613774f4bfd92,p004,p004,swipe_left,98,2,accepted,,,,49,1.6173149999995076,49,1.0,0,0.2681205064377992,
swipe_left/p004_swipe_left_0099.npz,5fbea40013906280ca5e6c6ccb03b2fc938c173b44c6f3dc25a5f4ab493c361e,8cc22ef6ef35764e12797bdbe06fcfc015e372657c5b87b3d70f0a06f1785fa5,14c97692afb7cafa5e1067ffcd513718441f86eb9a296e1dd51d28bf2d23d128,p004,p004,swipe_left,99,2,accepted,,,,51,1.6637864999975136,51,1.0,0,0.31519152924210153,
swipe_left/p004_swipe_left_0100.npz,4319a7bbc39544aa73732a76dce8e97a2904a3fd78b67bf9625856c65b05da78,35bcc2b42ae62772d03c8012191e8a76546a233c866e750b8b6904d5e3372b2e,4037d5bff9f3b8d7d9ccffb289a4f8b8993a155e38236b339837a34d695c5840,p004,p004,swipe_left,100,2,accepted,,,,57,1.853541899999982,57,1.0,0,0.318660185480842,
swipe_left/p006_swipe_left_0001.npz,ecedd72a46900a9bffd492d4438b168523bd1c6979b71ce3532ad656a7183bdd,f8711d1ba02ee17dcaf643ceda249192e816263360e14b6373bc219da4d2c5c4,6d0ec3ca6df0fe38972104249b7835a7e86fd01b6133af84aee08d2aa0a80edc,p006,p006,swipe_left,1,2,accepted,,,,37,1.2003984000002674,37,1.0,0,0.3025670924152937,
swipe_left/p006_swipe_left_0002.npz,3d4a4115244a3b8dacce8bcc27a6e7bcaf4efd90f4b7e779b8ee6a20306f4106,1f59665cebe51ba8600afc0e605ea7d3e3bcee159160c4bf2eec7050e4358d2b,95e846c96047251d57f415e3e75d05bfd78b616b8c5070f9d30cd00aa46cf9ab,p006,p006,swipe_left,2,2,accepted,,,,40,1.2965909999984433,40,1.0,0,0.3237991657495142,
swipe_left/p006_swipe_left_0003.npz,b96b6f066b045ee032e345bfe3fbcfdb53a61b182de256b36669a197a52cfd7d,2998ee15e131db2f6262740da0705c5c38c9d64d2b96829fc2a098e3332c360b,c15142b94a912e89d6969bc70b0f7cf2c3aed2ca509caf8abf73cc22cb70a6dc,p006,p006,swipe_left,3,2,accepted,,,,38,1.2318875000000844,38,1.0,0,0.3587854110565979,
swipe_left/p006_swipe_left_0004.npz,bc3bbf4eaa9045f81a95f620337ea7f85f55dfe20348274fd6bdaba004228e23,9e1422743a6a92ab193b549fc2fef120d8a982c5bfd1c340b04fda2b88521bbf,80ad6a1bd757a4b01f3b41401e8b9d7b279f4ba1205a7a72ecde78095bad83fb,p006,p006,swipe_left,4,2,accepted,,,,41,1.344208399999843,41,1.0,0,0.2655389448450693,
swipe_left/p006_swipe_left_0005.npz,137b89325d56c3119303293c66db5fb9e67a2a4603802c4a19c6dc985a125a60,2848b1197f959da0845cb738ad36b6556347208408bca554bbf61f96d4b6c72d,d6176a2ae843899389e19c137beb56742cc8b704a02c11687383d0b45f32abf6,p006,p006,swipe_left,5,2,accepted,,,,40,1.3132709000001341,40,1.0,0,0.28937550248813704,
swipe_left/p006_swipe_left_0006.npz,1e6640a87fb2cae19d4403eabd4b16eef0f009d001f75304cc554884be6a0140,f28dd4efdede17feb2b092d9e7850e592f8beb6dd7f3bee944abaf2e615ee29d,29e5c73e89edb845a98a46aa62282fa0fef11f90b561c0a8cae4774cc6f8c973,p006,p006,swipe_left,6,2,accepted,,,,42,1.3758625999998912,42,1.0,0,0.2753758074313437,
swipe_left/p006_swipe_left_0007.npz,23a3535cc3fc966c3d73a5c2b109659592d7699503cad3c5bda9c9dcf77f88c7,7329ba472d924df39e05793797b75ccb774a2fea50ecd24cc258ece714233ab5,7efc64bb4f776469a6c5dede22119c6e544f3a240a1f3a50c329855af025e3f8,p006,p006,swipe_left,7,2,accepted,,,,32,1.0230928999990283,32,1.0,0,0.28548543407074406,
swipe_left/p006_swipe_left_0008.npz,00bb57926c6e22b4e596c80c11f2d745c1ed1c800f8ec824ce8bab0207b92627,20a737a017d04897e9e55cf5baefc73ee5653b1eafbae9e83eff48532987d1e5,057405eeb572f9914b5e7412d3862aa35cd6566cc58f2eaad752653546bbf3a1,p006,p006,swipe_left,8,2,accepted,,,,44,1.4400045000002137,39,0.8863636363636364,5,0.2862392476294822,
swipe_left/p006_swipe_left_0009.npz,976b24ed6980fb7e032ea0506d0c851d474eb1a85d445bbd27a8bae6de521aa0,9d6cf9da408560eea81cd82d96ab1a4433e204b34224f7de0d25b001f93eae02,2465d8bee7ed07ad6b4765a838b7ab8bbbaa62cd24c0833988173003b4bda2ef,p006,p006,swipe_left,9,2,accepted,,,,32,1.0412745000012364,32,1.0,0,0.2921535577583477,
swipe_left/p006_swipe_left_0010.npz,f162cda1c42e41164240c7bbe5b5389da962250371400715960afda26a7d659f,771535589472b6a3fca57cc5d6f9f73fa7b42b3bcc0bd57c2dd31101cb3fe1a1,b309203376c658f3d4008ecd1a3ea54809e495e826fa50860d05a7d9e3ec1eda,p006,p006,swipe_left,10,2,accepted,,,,40,1.2950567999996565,40,1.0,0,0.20254678545822813,
swipe_left/p006_swipe_left_0011.npz,4f60a895bb4f592c5a97b6077ce2ff201c48fe1315d8bd3681847bea2ffde50b,7e422041d4546d84a7a28c1c3affbed82b2018a0c42a49e04d1267f1e9622bc6,c64a9984720e2488793b4d2ceee1fbdb75b7d5f80aa98158a897d3fada612464,p006,p006,swipe_left,11,2,accepted,,,,32,1.0245120999989012,32,1.0,0,0.19752125982586582,
swipe_left/p006_swipe_left_0012.npz,d96518fda1e10a9c79fd6495c6fa2f7cd583b2c1bb7fe3147f447f4dc59965f4,f360dde36e003d4cb4ede904bf4d303360a66de0448bceae49898add9453eec2,a187aef00261370a511ae2fa29b4d14292655c0947cbc1fc55cffdcaf55919dc,p006,p006,swipe_left,12,2,accepted,,,,47,1.535866399999577,42,0.8936170212765957,5,0.18139233015673747,
swipe_left/p006_swipe_left_0013.npz,1b523701c556279fc992d8b2dcba1b89fcf436f9616cec05816e70340bc5d288,e805c57a66ad02223c180350a66ac0a30a840f9fb14b61e3e694e82eb23c863a,4263708ed4474ee8e776c388c31e14608fb1b0cd7977353ab31433d51fe6a6eb,p006,p006,swipe_left,13,2,accepted,,,,41,1.3287992999994458,41,1.0,0,0.19549928575975212,
swipe_left/p006_swipe_left_0014.npz,5284c632cb2934e53e441bdcc4c96abc1ba016ccf9d05223eaea2b68f6c80700,3b713c5f1812ed1db6c95cbe7d5232bdd41706ab8b774a30b4354a49f89e3ddf,5c2eecb6c509bd4dec7d40ea804a9de8517bc7284162a97f22cf337c6362707c,p006,p006,swipe_left,14,2,accepted,,,,50,1.630582100000538,44,0.88,5,0.18447983389097108,
swipe_left/p006_swipe_left_0015.npz,cd84e4619adeb974635bf2d3a5de6a1dfccf73abff29bf404a35ee6397e630cc,2a22753628b8473113ed2c118b1b92d419e2eb8bb01bc6205dace872d0f08ad2,08d7d84fc244aaf90642005db45783d3295f4339e3f0d41fdeaa953c3673fd0e,p006,p006,swipe_left,15,2,accepted,,,,40,1.2952760000007402,38,0.95,2,0.19887511992133255,
swipe_left/p006_swipe_left_0016.npz,90e46df38dcc5de8791589207935affca7c583726c2b733d3b69b1a95c1cb8b8,ede045798b38ca3191b6d3096c67e8646a7787f72c43a4711e1f8013d578a5d8,c3e692a640bd81a7d6d6109ddc853f72381b32b5a899ffd0f667540ab9574427,p006,p006,swipe_left,16,2,accepted,,,,44,1.4235809999991034,44,1.0,0,0.19411157122498185,
swipe_left/p006_swipe_left_0017.npz,6b0f91a9b0ea6d2dc7ac80ec6eaed1cafdf2c793dbe6366ccdc5574d1f2929d8,5e3041684442db9ba62975b92765d38a92d763a945a9e636ad3e1ddf97acb988,c674545e6905b3ee1bf1c16077ad9d51cf96343f4953fdb1849b2ad2a3afab94,p006,p006,swipe_left,17,2,accepted,,,,38,1.2321298999995633,38,1.0,0,0.2023534191223405,
swipe_left/p006_swipe_left_0018.npz,c0f2e575bdf1633bffa51aefe59c27e08d118d0f98ab7eaf52133d3ac6f45cba,fbac851af3545369b4dbd08bf4430ad77f23a97d0c7707f54d080cdc4be0c898,ecec2e296f9436fadead46f7297b359fffd7b2e6e76fc8cbd5b0bbded42c3ada,p006,p006,swipe_left,18,2,accepted,,,,50,1.6327773000011803,50,1.0,0,0.19647515991880854,
swipe_left/p006_swipe_left_0019.npz,c08ac05ac278cad29102cebd4980c0ad9f52d3b34c9b102a97c0bf2830130f87,6a3a7c1a0a87c58a2888a6a6f8620408d377b9f8a91dc0b47d80998dc7e275c8,e73f4aa68fb7dbccad412fdb0fb539171c69c23dc1cd903089b0d9efa1162716,p006,p006,swipe_left,19,2,accepted,,,,56,1.8247408999995969,51,0.9107142857142857,5,0.18597880081330467,
swipe_left/p006_swipe_left_0020.npz,fb63252b9a2fc94b78e24e6ade682e68f91ec481bf2b4712f74a1526b1c06575,5c3827a061b18399adb97ecc1a4b38c5c10903ef392a95a4b0c541e45a1541b7,e1e3f5aa6bbefb70d2915fc9dcacc4ade6c15544b1353055366a0bbab2f83f29,p006,p006,swipe_left,20,2,accepted,,,,48,1.567771599999105,48,1.0,0,0.20579637028555647,
swipe_left/p006_swipe_left_0021.npz,eae7718147b382e6b9fefe01449ad0372e260fa787dd60b241b6e3ff91ca0cf0,f5d6a198f8e523e0643911e13888e4325cc0512e6d6718b3246b6e1591d17d32,d065d6cf3cde29b0f73322bcaaa1ad7af8b5fdfc8dc327b1f51f5bf0e89bfaf0,p006,p006,swipe_left,21,2,accepted,,,,53,1.728617700000541,50,0.9433962264150944,3,0.1949994215253404,
swipe_left/p006_swipe_left_0022.npz,faca73e1a5280c49eeca3f957fc9ad8778ec969bbffa481ea5fec0fb6f1f01a7,ebfb792af906671b6f2f8102974bc6e431d3ef3845d7242f50f0a05e16d99481,5ce555bdbbe9489e9b4af4e393303461795ff145fe51ab45ac4f4133db7644db,p006,p006,swipe_left,22,2,accepted,,,,56,1.8242878999990353,56,1.0,0,0.199415097631088,
swipe_left/p006_swipe_left_0023.npz,97b503bd63a7782d0b87fedcdf8ab1f2213fb7ea74e36a62578986d90d7ea64f,4a079c8f0802ad9c7de74134b7e6a9bc19679dbef26d3311b0380e68acf0293f,379ddc1415c9d889b758f3d55e61eba7975e4347641c54881222e5dcab130001,p006,p006,swipe_left,23,2,accepted,,,,48,1.5685102000006736,48,1.0,0,0.1979796996403233,
swipe_left/p006_swipe_left_0024.npz,bee3ecc28766bb81ba94bc97c4b661403d724fac3f16ef77de9cc7da6cf2fde8,7500f75a00f486523438bd3af81acb5c2208f84ac98c94bb7b6e9b973cd352cf,36012ee6a21a16994ab2abc3b59abb0fd0adaf45dde0f96a480c388de7b5c4d3,p006,p006,swipe_left,24,2,accepted,,,,53,1.7268529000011767,53,1.0,0,0.20157176890733822,
swipe_left/p006_swipe_left_0025.npz,df4537b8af7ee2ac3428c28a47833e3a10da240e2513bdca7470199dcae79be4,fb5b07f42c29dc8cbbedafcdc9117b712791dc1cd302e3704da481d5b041a0c7,d9744babc81632aa1807fd46d60a861731934ac989e31b046352422f20781c97,p006,p006,swipe_left,25,2,accepted,,,,59,1.9356954000013502,56,0.9491525423728814,3,0.1850145168219518,
swipe_left/p006_swipe_left_0026.npz,8ded2fb04d411af91c3262db9384081a338359802ce43621fe06611040fab95c,75a8f47dcbf295ad34bef339a109eac99dcd17b66ac75b724815e838f1fe94b1,2098826314c09b0bb70e74627d7eadb3f71138ac3654d61a9e9629cece66b1e8,p006,p006,swipe_left,26,2,accepted,,,,47,1.5202928999988217,47,1.0,0,0.19609616344201303,
swipe_left/p006_swipe_left_0027.npz,971610aa16eb4f926501d5b086613e8a986c9a2b6ed30effe3e5d8573ee78d8c,bb4bbcc6fd3babbaf4e19b5f615b4d49a5a049c2b6eee76f0ca9952dcf8af086,ad514c6890bfce686a0927c714ce00de06f5567e526fc4b81f3338ddb5d6c3a4,p006,p006,swipe_left,27,2,accepted,,,,55,1.7928732999989734,54,0.9818181818181818,1,0.19226266170555553,
swipe_left/p006_swipe_left_0028.npz,6e1e177e6641ec90e55336885cc691e1db8a1369358c9db1411ba6e2c732b392,f574737d22a09f70e6ad69dadd78e31a6f77813e15a349b746d0a277015d363c,54a2b512ca15cb06f596248544612e5cdf1b1c73adc199eb742460f625c9a155,p006,p006,swipe_left,28,2,accepted,,,,52,1.6966673999995692,52,1.0,0,0.19336086248909684,
swipe_left/p006_swipe_left_0029.npz,7537b179a58e25d6ad15c031876ca531b919dea1d0cfba2933b61942bf4172df,7b86b9bcd591b997b221886f5ad0d56dac63939830f9261f9b8b6bc2b96dcd02,fc15df7726913248e139ac382dd9b47c2e45ae03c7f8c71f35270cd05432fd0e,p006,p006,swipe_left,29,2,accepted,,,,48,1.5531967999995686,48,1.0,0,0.19586470325395888,
swipe_left/p006_swipe_left_0030.npz,ea562a13052811689f5688805cece87f3fd04d0253ea601d87562fbe93c66cc3,fef0126956f1012e482e7eb21f18c577d9f01b563d09145a457eb9c91f1477a2,7907fe989087e79a17edd0066524495699bf05990e91f7415b46ba324c0b3992,p006,p006,swipe_left,30,2,accepted,,,,53,1.7433627999998862,53,1.0,0,0.19810733880894332,
swipe_left/p006_swipe_left_0031.npz,5c191e2f7ac0f7c6242d87e35efa4c82f0eef5ef633d042f8163f2874c3bbd54,707e49540d32a29e8bdb3cff96a51ef1b4751db87ba0c77a2a0cb2246f07360e,4f529cc35a00d34efc2c348a5c3f684f39bf42ed619b7aab36e163ab986b243d,p006,p006,swipe_left,31,2,accepted,,,,57,1.8563720000001922,52,0.9122807017543859,5,0.20481450349892563,
swipe_left/p006_swipe_left_0032.npz,50b0506b2ec6b55ef5f826e9340ca34b2df355f5690b6a6656dd6160e739c82b,174c146497bbec2482657fc09fee96191fb4aa1e58bdee16a60f9386ba57c18d,2d6f0f0757aa7e431b35b39ddf91aa0231bae3578dc8305cb8d716020be28b35,p006,p006,swipe_left,32,2,accepted,,,,49,1.5834754000006797,49,1.0,0,0.2134614741014457,
swipe_left/p006_swipe_left_0033.npz,26d5ff64f1b8249d53b4637cd13ab046600d66311e3dd20179b46fb157ba7b7d,7c5be0f4bede73390650641e305a25126a2870a5dfb1945843974813c848968c,7ea1ccb36261c585b02fec1f015dd9977e9ca65a7117c3d383649dee0d822bfe,p006,p006,swipe_left,33,2,accepted,,,,51,1.6641417000009824,51,1.0,0,0.1967098240739555,
swipe_left/p006_swipe_left_0034.npz,f82f94a6640491187dbc37a7863a0b9e028642c278677d27049c9ae10b0bef8b,6c7af83f8be19f3f602d6425a202d386001a57cb2aa2e18c750cab0c5aaabf89,119db5832620deb7cf3436c471fc1c985485fc9897995c411aa055559c0312a1,p006,p006,swipe_left,34,2,accepted,,,,54,1.7604680999993434,50,0.9259259259259259,4,0.18624735260388772,
swipe_left/p006_swipe_left_0035.npz,779a6f288829528a39e8c79c3e98b4cb6295ac5c94559cba348905f35fb32ad6,3a9c980946e265d73007f7864b1db33eb13c4d8f8989afb6350c3a76043bf833,0e25e80d16b34392e2b1fdadf357ccaaac96be47d9ea13d0975bf7c99c2aa640,p006,p006,swipe_left,35,2,accepted,,,,55,1.7917864999999438,51,0.9272727272727272,4,0.20328044865170897,
swipe_left/p006_swipe_left_0036.npz,d618a6a976e86c6fd8ae0c0c6bd7709a50cee696ad962c4151384c7c6310b560,3cb3d2cb35b2fe9bcff53097e32587882c832ef446cdeeb133704f9c458c96ea,48346f38d6853d1441e0599e6c1b696a83782f1a5e940664ac0cf4d4c28d8ae9,p006,p006,swipe_left,36,2,accepted,,,,54,1.7610906999998406,51,0.9444444444444444,3,0.19823736485069138,
swipe_left/p006_swipe_left_0037.npz,2512a0cc42840873c3d13b239395b67d884c3716ef6c94eb6249605e365eb436,8f1ee267c44a9166b9e807411c98c60e0bb812536bb9b0056ce79d44714a830f,827c88ab0898a0375f7795e7d568f1ec4872c62910d942d92234cf18cf4dee95,p006,p006,swipe_left,37,2,accepted,,,,49,1.5998335000003863,44,0.8979591836734694,5,0.18444284146584727,
swipe_left/p006_swipe_left_0038.npz,efc1b9ad733569216b383c1a9921757029c0e0d069a2e9aea7718375ee0188f7,05b330dd06de98d1d7703dc486fe0f66ab372e10a8028940a8d5f56f449fb46a,9c18170201b223e59870d0531b1b9a03449b0cafdc7be9e1753015a70620ee9d,p006,p006,swipe_left,38,2,accepted,,,,42,1.3602389999996376,39,0.9285714285714286,3,0.21437996346301808,
swipe_left/p006_swipe_left_0039.npz,b36a8477ab77fa650a28148ea7655f6cdc8fae7b5d1b31c983fd40b0cc4f2944,2e5dff58bad93ed91f109cbda65462f7114e6ab178b0f952f7baac6007e21829,33d08f346e5fd0364482a0767dc6a705b6be4a919e9d5afbb84967037d83b5d2,p006,p006,swipe_left,39,2,accepted,,,,52,1.6951742000001104,48,0.9230769230769231,4,0.18910827152602477,
swipe_left/p006_swipe_left_0040.npz,f51f5f3e412dc44e5d3aa34318349d51b3525ccb7bca38e51721ee39e260761a,119ec202e3a2819a2c5ed03f4f6aa3d3ed572b5dd4013a5b87b9cb4f056fde2a,61c9cc829ec7d481e037f73222baabf6aa29283c1a7aa65122c769cabb532948,p006,p006,swipe_left,40,2,accepted,,,,47,1.535738800001127,46,0.9787234042553191,1,0.20257571386795994,
swipe_left/p006_swipe_left_0041.npz,4160582223fce768c7b223561954cbcf817908a1e7ea9bfa3edee72a710aa7f9,77ac5a7629fa02e5ee65ff2b979722b474e2887beebeb1e1ed52e9dc4f138e6d,ad866e9ee9374163b42415cfc5ae99c836936777d949b061a89724c9efc60d19,p006,p006,swipe_left,41,2,accepted,,,,46,1.4884873000009975,46,1.0,0,0.2118870928529229,
swipe_left/p006_swipe_left_0042.npz,463fea90218a2d41c49d45ae7d7d254eb2b667bedb4db990e2206414c3d4aa99,e2e5254d70dd09654068b3d210ec4c5e5f98cf460ff87ca9ae9d075bec6445c3,b94fd54b9d0b3ae3ed551a086536ee99e13e9e6d3c7515530683deb48b736538,p006,p006,swipe_left,42,2,accepted,,,,47,1.5349026000003505,44,0.9361702127659575,3,0.16490581808981591,
swipe_left/p006_swipe_left_0043.npz,9a10f934d69b79d55ed0aea5363a9d3dc7c34b379ae777b43245062a23cca1b4,016a31faca25dd479678295eceb24dfa135db22f890588c3ef6414e3c74d8b6e,7f2991467373f89482cd3a48a32ccfd63dda0f9222835aec8c928d0c0464f752,p006,p006,swipe_left,43,2,accepted,,,,43,1.3914691999998468,43,1.0,0,0.20764551260549874,
swipe_left/p006_swipe_left_0044.npz,0227235f50baf781a40a7fb8a5af7e91327426444940edaf741ce7983a88e23e,ac235b9a2e2ab272dd0b7b4e98adcae04c2226eb13e6688f1494b069c77a4898,c60c9e1db2a4b51546f84f460ba2545d1a0ec57c51db88eec96a2941cb3c1502,p006,p006,swipe_left,44,2,accepted,,,,44,1.4387289000005694,41,0.9318181818181818,3,0.20408776599142997,
swipe_left/p006_swipe_left_0045.npz,9ea8b3f0acae84e5cc64507d9d383c39abd24dba8477c5a0bdd39086e3ce0896,188f860be8739fa12c27dd46c555b171c7611cdefd2eccc680a20316c66642a3,88c2241d208651f8f271446b4c8bcf409019cbcc66fb0aa2b00725ff75284bea,p006,p006,swipe_left,45,2,accepted,,,,38,1.2320966000006592,38,1.0,0,0.20107079892516022,
swipe_left/p006_swipe_left_0046.npz,bffedcc50dcd370b941affa935155bcd0e021b06915c0c1320800ff63035d3a4,5a20197134053478da1d9fa1a0a84a83fee9753146fe5a03ad27a10275ecf432,4907d0292c51a7d4e70dd64b95afcb6cd6b68d5511243135fe657acbdb43a859,p006,p006,swipe_left,46,2,accepted,,,,41,1.3280627000003733,39,0.9512195121951219,1,0.2025558976101185,
swipe_left/p006_swipe_left_0047.npz,df2cf6182f257cf65752c3575454a118985960ddc12262adff5275c4b737624b,e12f2e4b5a55c2cdcbe103bfb7e9122e78ca6e76e8bfa5787296f2fb39a90e25,97fe2b6df305660cdbc88278b67ad4d1b5fb747699954bbc66b2be054a632bc9,p006,p006,swipe_left,47,2,accepted,,,,47,1.5198694999999134,46,0.9787234042553191,1,0.2008936317550215,
swipe_left/p006_swipe_left_0048.npz,5e128fcafeb3ff0f4bb6e74edf8e37e14c9f84890786d849a720fe3e7d78718d,ec3b08b28690a3ef9c96e5fa472b908e127d380b9ad4c681a72577a4a025b355,4892df01d8bf25b05c42d3d17ccbc85968562319f149175b787bed8ed85051bf,p006,p006,swipe_left,48,2,accepted,,,,40,1.296103900000162,40,1.0,0,0.20189594816982054,
swipe_left/p006_swipe_left_0049.npz,b08e1866f203075c75ec9b6b3333a0112bac96e456663dbd8d80cb0ec9221904,a4ed5b0b802eeba810b49f439c478fa07704f9d3cbe71819aedeb62e4d4d7a2e,03ca5b0eeac36c9dedeec94220cb7cc3bef7c5086ab35d953eda9912dd46f9cd,p006,p006,swipe_left,49,2,accepted,,,,37,1.2003996999992523,33,0.8918918918918919,4,0.18988474580702291,
swipe_left/p006_swipe_left_0050.npz,5a862063de636e8b184b0f0cff7ef0252ff3b0cea1c0f33c169d7b6f880c3e27,0593ec370258b097737cef926f965e09acf459a3fa6d1a4cd36065f5943d0dc3,68f2f4a24b195272510dec8bf8326a12619c64bd29b9fad28c80a9a4068d732c,p006,p006,swipe_left,50,2,accepted,,,,66,2.1768914999993285,66,1.0,0,0.23065308394568448,
swipe_left/user00_swipe_left_0001.npz,d848e4127156a8670dae37abe450e0f612e935b0d89205dccfa05f57503e52d1,7c0230cb2a5f796d7d1b43d2a601967412bf3ab45b33a938c190926c7c358364,f1089adb9fc0e5ecac877071ae498236bf2ee94b547413f85ad2e327f0728b9f,user00,p001,swipe_left,1,1,conflict,same_identity_different_arrays,,,46,1.5042948999907821,46,1.0,0,0.21804563425537393,legacy_v1_missing_mirrored_assumed_false_from_collector
swipe_left/user00_swipe_left_0002.npz,ba4e9ff386b4d5a5d2f3eab66f7fefdf7ee4a7731a70ceca22eb5d3cd717b9d8,fb988f2f2eded4d6f5b635ba727b18d0085f2df7d32b590461472a65a6e0bd3f,e7a3f1c2401df1bb2f760ff36dd139173e16e80e4a1ab8fa3014a92a953627bd,user00,p001,swipe_left,2,1,conflict,same_identity_different_arrays,,,45,1.4623181999195367,45,1.0,0,0.22527817898339456,legacy_v1_missing_mirrored_assumed_false_from_collector
swipe_left/user00_swipe_left_0003.npz,c85f2cd037856e4691d09e489815491340c0bca9313111fbf3aa7911c6ff6a86,4d23c39d3892e9a748bd690b0edb3ef1e6bca3d740d47311089bef8635495001,dc3d5b8f6a2532b2ee82c683b4c4b9c9cae856bd0b7c02e7484a3ab232d36740,user00,p001,swipe_left,3,1,conflict,same_identity_different_arrays,,,44,1.4238255000673234,44,1.0,0,0.23238903542138503,legacy_v1_missing_mirrored_assumed_false_from_collector
swipe_left/user00_swipe_left_0004.npz,3a71a162a116ecdd58fda47d2c1792c4cafd85e8282178e8510c52bfb57ba8dd,34572148df2261fc302d56e57ea2281f7dbdc0f8895d7977c48a38b255b8f624,9308a8e9be10d8e5b948a8ca3cf995fd4df24cf98a0ac8e3fb14379cb064791b,user00,p001,swipe_left,4,1,conflict,same_identity_different_arrays,,,38,1.280062099918723,38,1.0,0,0.22974169638327008,legacy_v1_missing_mirrored_assumed_false_from_collector
swipe_left/user00_swipe_left_0005.npz,1bf5497a550c0aa013713903896351f6fa696ae21f0d6f0a9e4c53c672e207c9,ca658d2d525a99e18d76e60e1def4c4d966a910bf7080cec0b47e8fb28262870,b850a341e14b5f713ff1e4ede7fddc580dc78c242e21283be86ff9cbedd1a73c,user00,p001,swipe_left,5,1,conflict,same_identity_different_arrays,,,36,1.2478981000604108,36,1.0,0,0.2282837712085261,legacy_v1_missing_mirrored_assumed_false_from_collector
swipe_left/user00_swipe_left_0006.npz,b2a361a04226c4c01ef1c00c35681fc2fe506d11af20ea0b3eff6dea6900688a,450791f2768f0c646f31c8c591b141be01385f474f3786a827fe80261b414f67,0fa6bed4590bc9f7d4855f9d420c7321bcf4333349696d21514641ab9016cadd,user00,p001,swipe_left,6,1,conflict,same_identity_different_arrays,,,39,1.2476669999305159,39,1.0,0,0.21635278252689125,legacy_v1_missing_mirrored_assumed_false_from_collector
swipe_left/user00_swipe_left_0007.npz,0d64398de4ce5e59d775b49e8e0bdcca679c58847b2ff1dce4d583ea141fcdd7,a54e48567d7b8f275451f7eddc323c37f8a243c5cee00c9732ecbe4775ff1220,aadaf13a7401671fb94abdd9cfba09c0e5bc4532b0c118f69677b77b69f878e4,user00,p001,swipe_left,7,1,conflict,same_identity_different_arrays,,,33,1.0558984999079257,33,1.0,0,0.2557757462040297,legacy_v1_missing_mirrored_assumed_false_from_collector
swipe_left/user00_swipe_left_0008.npz,920b82959fe6051259f3b5bf75e5708564859a10172a3894f66f2b1bcbeda56e,4198ea4ace09bd32ef3b2efdd8c15bb44ed3fce63ad95f2a49dbdc6258ed0f56,3f9f27b95b4ba3c09af43863f2b2723cf801bc794b576181ac937923c8072030,user00,p001,swipe_left,8,1,conflict,same_identity_different_arrays,,,28,0.8800190000329167,28,1.0,0,0.24001991936163908,legacy_v1_missing_mirrored_assumed_false_from_collector
swipe_left/user00_swipe_left_0009.npz,8fed75386d322f201aa7132d6d314f58899d7585965435a38e352f22025f36cf,20cceec1b097c7cf9c851cd26a17f0a0e898b8314b1dbd7140747cf4f74a1c11,b656b588b8ad56bdae3462c33fe8cabdf99f84ebb6a9430bff10b6928ede8ec1,user00,p001,swipe_left,9,1,conflict,same_identity_different_arrays,,,34,1.0724396000150591,34,1.0,0,0.2428521111543162,legacy_v1_missing_mirrored_assumed_false_from_collector
swipe_left/user00_swipe_left_0010.npz,91018cd74492dbe1046f8075a08cc81aa2116359c07893515dd7e500789e349a,1405f1609d7f7656e6e95b579861ba0e83984a85ee25d46aceff2037639a6b23,9224ef76ed2e5f5bce79326f47870d0e476f16cc4d2cd96dabc1237932550d0a,user00,p001,swipe_left,10,1,conflict,same_identity_different_arrays,,,35,1.104179700021632,35,1.0,0,0.24234013826033804,legacy_v1_missing_mirrored_assumed_false_from_collector
swipe_left/user00_swipe_left_0011.npz,f7815d3934ce6685e30137cabf1ce40356549737b801c7c93f9c48218d7ba219,d1eaa13069e42c0880a7b2cbb23485b60d096a185709fdd38d7d4569594163b4,91290f5c9e40aa6192df27e452639dc21f931994fcea98f57f3e5bf5e5bd344f,user00,p001,swipe_left,11,1,conflict,same_identity_different_arrays,,,41,1.311925599933602,41,1.0,0,0.22898666652391778,legacy_v1_missing_mirrored_assumed_false_from_collector
swipe_left/user00_swipe_left_0012.npz,f47c9a0f8046abbc51d59599024715ff193c4b17980aee2a28724794b90f037c,a907eb904f2ba84b9997fe6ed1ca70aee84d7ccd77f173b1a6aa7832a2357d7f,7e13a42a571f6bf7212882b2349125f74a2d87a2ba7dac39d579d338c0b0a7d8,user00,p001,swipe_left,12,1,conflict,same_identity_different_arrays,,,40,1.280128699960187,40,1.0,0,0.2257148185114911,legacy_v1_missing_mirrored_assumed_false_from_collector
swipe_left/user00_swipe_left_0013.npz,68a6fe27f56031b0d904db5e2c21b7c8d4b59fa459826bca56c6fd0210bea140,e2b4110a092aa19dddc5968d82fc070a239d559cf0249a4d39da79134caf6ce6,f346a424a030eefc88f34ee3e0c81c3999ecae35ac1132c7fe7a2c5f3879bf41,user00,p001,swipe_left,13,2,conflict,same_identity_different_arrays,,,35,1.1359216000000742,35,1.0,0,0.2174372957274269,
swipe_left/user00_swipe_left_0014.npz,eb8b9aa5cd337e36b199c51f601050a9bbcbaf2b029022d618e1e688b0c5c249,40c3bdd3f591ec9e25699dfbc411adb9e3a082c932ad5bb4dfddc4e65e50350d,6f855fc783b7248673a8b3ffdf74508049ee0a38ab2b644e22830d93ba91e65d,user00,p001,swipe_left,14,2,conflict,same_identity_different_arrays,,,27,0.8797389000001203,27,1.0,0,0.21974297658590744,
swipe_left/user00_swipe_left_0015.npz,b5d93b0207cc046b2990ff03c0a8ea1caedd6fed91c5885eae69084fb48f6627,49f2689d23af4421cf8cbd655740039928a2cdde32ce5925b867e6e2cee3ca3c,a4595847e62ea747f98aac88848cd0efcd4a7129f1400d7831f1729c9bed544a,user00,p001,swipe_left,15,2,conflict,same_identity_different_arrays,,,24,0.7678737999995064,24,1.0,0,0.2266984942654467,
swipe_left/user00_swipe_left_0016.npz,37a08a707979237a05cb492f46ecb9da0bac139e391751becdc536d80c1314dc,7743dc0a9308de2399e2cc85dc7d212e969a0f33afa89c2f42776b16d38b1cf7,3204a160ba6792c45e0de8edd98452f65da1bdc5b171967eb8ef54dc26c33d2f,user00,p001,swipe_left,16,2,conflict,same_identity_different_arrays,,,28,0.9119646999997713,28,1.0,0,0.22201783368535286,
swipe_left/user00_swipe_left_0017.npz,1ada80b59fdb4c7a8e453db2905320ef8329ce937a28d22bc6ad6877e46d5864,a9f2ddef118acd3f7d7ff6a3c190afe1d9f7d27897a5b7f2e74ae28c72d7528d,75906739103ed772bdc91c15eaa6cd75b4c457ac95bbe50eebc27ce1a8d5f5f2,user00,p001,swipe_left,17,2,conflict,same_identity_different_arrays,,,27,0.8798464000001331,27,1.0,0,0.21533648162348204,
swipe_left/user00_swipe_left_0018.npz,e5e179a7e70b6ad6a695695843c3981e934be842a78272845ee4f2a17292c0f1,a9c3f009fb85f14810e7841dd8b502ae8bc723d34c94927f245c16d7a5a73ebe,3cc6c562838d9f6f64ea72af914693957c615fa2f968e1938e851fc741db3b61,user00,p001,swipe_left,18,2,conflict,same_identity_different_arrays,,,31,1.0078541000002588,31,1.0,0,0.21473713515583848,
swipe_left/user00_swipe_left_0019.npz,735f19005c33ba0f871106515b04efc38e4fd4ca2c38727609661a065247eaf3,d6d0e64231c28b4f30e00bcd290a2dd529a4038f58b7baa8fe4f03f1161ba896,ca967b4def8067422e020501e444f270f725dff0864b8725868be821841f5456,user00,p001,swipe_left,19,2,conflict,same_identity_different_arrays,,,27,0.8804651000000376,27,1.0,0,0.22081392439618644,
swipe_left/user00_swipe_left_0020.npz,b36881baf76413ccdfb3c4982784c93dbd6dbe061adb69e509ce8853ccd22793,f07f9e2354d2491f3a78a75540469ad122ccc95566186e96e33ab39f7d709afb,4715b56cdcd426a97a9bc53cda53bf9388645e028fde3de5f68ce26f8f5ca788,user00,p001,swipe_left,20,2,conflict,same_identity_different_arrays,,,30,0.9758704000005309,30,1.0,0,0.19151891077245786,
swipe_left/user00_swipe_left_0021.npz,2e2c3ecd9c4f340a254c32266097ef9ce9ab9b5d4f6c0312faf861df203b0900,5b6c337859b993407c1dfb282ecb21f9a4b954db3af447b8cfaa216c664127b7,02a98d724edcb63a2ff8b65a925103849eb1448809b821725a65b774ead9bbcd,user00,p001,swipe_left,21,2,conflict,same_identity_different_arrays,,,23,0.7519369999999981,23,1.0,0,0.211821975458007,
swipe_left/user00_swipe_left_0022.npz,51bbd0f96391c0fb88a23e6bfed27573380ab48ac9d5304eb92206af021dc041,44cdc9e70dbb48ba58405551549f110208f019f0b7cd5b1159f680ba66f7c068,d02db0cb7d1237bdf2e70704ee87811c7c998a5a7e0f2baf959389c3cdc435b7,user00,p001,swipe_left,22,2,conflict,same_identity_different_arrays,,,23,0.7362161000000924,21,0.9130434782608695,2,0.20863924161469713,
swipe_left/user00_swipe_left_0023.npz,046adca3b1e2b3e3aadc07601532fe68b0836b7d5bd67151f106d059c207f807,84c57743bd4c0539fd944ff766f750c2a8b966e6ccd7efe6fdb86a74f937ad27,fc525886a8afa72b851c0eaee5bd4bfb566eedc17ddacd0260d433165ba477d6,user00,p001,swipe_left,23,2,conflict,same_identity_different_arrays,,,27,0.8799312999999529,27,1.0,0,0.2103070362691068,
swipe_left/user00_swipe_left_0024.npz,d186051aba5243fc2351914b548c746fabb988cebb7cb02c9f047e2429e529c8,05bd1060aebffc08da1d62f3b4222d68520d2fc8d1e86be4ff2f817a404e130c,9d9b6a872965514d81b4334952be8146753b0b6e4117b713882632a37fa55d7c,user00,p001,swipe_left,24,2,conflict,same_identity_different_arrays,,,25,0.7998433000002478,25,1.0,0,0.21732823849170776,
swipe_left/user00_swipe_left_0025.npz,12177d5f49e3bcce5377b82a6af02f6ddde67b970eff240ca8401bcd2d16f9ca,2b5799c32e8f0c5c6c0aeac1166033723958d84052438d1fbc98c01a30c33300,343a7660b89e3e40722b2ec874cba5615b126d0f216850e077ffc0818b1c8b1d,user00,p001,swipe_left,25,2,conflict,same_identity_different_arrays,,,22,0.7038328999997248,21,0.9545454545454546,1,0.21514343937922045,
swipe_left/user00_swipe_left_0026.npz,6a8d8b3c2aad04bca735bffb60d8c1f0b3ab25a976f69aef04b0e333a0bc96fc,66deaa89a5ed5eff7cce850ca7255e71c48b31a386e8764fc5822d00c25b8877,c5e6f20af08f85011cb0ab06f325a72471e69d91dea18ae412b486aaf92f0aed,user00,p001,swipe_left,26,2,conflict,same_identity_different_arrays,,,21,0.6721385999999256,21,1.0,0,0.23306434794243405,
swipe_left/user00_swipe_left_0027.npz,bfc65c29c4dc57f8d9081452c96689878cadd2ba854652ddcbf198ca948b64db,872d4d5bc7f1866a80247452861b2a8de436976c151ef34b9d2c5f8ec8c1ce94,40848c3af95bd4012e2741e86192721f73d822cceab5013cd9c42938112e99b6,user00,p001,swipe_left,27,2,conflict,same_identity_different_arrays,,,20,0.6397114999999758,19,0.95,1,0.21110810668891322,
swipe_left/user00_swipe_left_0028.npz,b68d3702315043e0e621f52f27161f059941cd96610451ce810fb6b97af98dfb,ba85e29875a98af4d4ba34bdc0394339160ef8b7f0f5587d73c73b151f23b701,0ee0228b30437440418d7ed307c76472d17f69b803d17f4c2b72d46c6496acdd,user00,p001,swipe_left,28,2,conflict,same_identity_different_arrays,,,21,0.6719567000000097,21,1.0,0,0.22176522420875033,
swipe_left/user00_swipe_left_0029.npz,6f9ec2d0a2b385d36ed9abffc44ff01da394361b7af468ccae37f989593a10a0,5c486e80d33dbf9a9824b05223419fd4791f1240ce540a829b54eec8ac627cbf,8560736bc89b99466cae38fc7c4fd4758476e832c2b0ee9165385f78704fb8b9,user00,p001,swipe_left,29,2,conflict,same_identity_different_arrays,,,22,0.7037550000004558,22,1.0,0,0.23284353007233954,
swipe_left/user00_swipe_left_0030.npz,ceb7856939967bfac738dc92d3f78119af9eb1dd94dd5d36e26bc5006d7b4c0c,c06bf6f282b5ff3eb410ffee037b8a34f55462572474556aafeca79ff75c520e,f1fde51a78e53fb3731b7856f8c6a361fdefea87830cb11ad0f97bf9192d0027,user00,p001,swipe_left,30,2,conflict,same_identity_different_arrays,,,22,0.7199402000005648,22,1.0,0,0.22309706185939937,
swipe_left/user00_swipe_left_0031.npz,ad233c50123c8cf28934d7e9790fb4cfd080bd29c15ae2743f83ae789069df49,dbb9b20b7f4f509f57ae3fdb3f2b07266b220fbf253df5acc4da9f3fe29a2133,eb0c52fda672af5339e371b5c09a32d8fdae9d13daaef7de6bc05fbd3d57e62c,user00,p001,swipe_left,31,2,conflict,same_identity_different_arrays,,,21,0.6881524999998874,20,0.9523809523809523,1,0.218049450282079,
swipe_left/user00_swipe_left_0032.npz,4f2fa79752e8343d5ddc62b2fde03b84f052456d69e4e8038c1a46a21022357d,aa37dda956b68f5fec1ffb435d8c88c439e138b9baae5d8c8c340423f6401009,aeb5ad4469428cab20e34ae8da709f0d5292b2fe87ec11e4ecd8441cc36d3310,user00,p001,swipe_left,32,2,conflict,same_identity_different_arrays,,,26,0.8480971999997564,26,1.0,0,0.21754766891997473,
swipe_left/user00_swipe_left_0033.npz,a11036e74cf43149620dc374b1614be883c3afc046a92fce079c58aebfba6f1f,9c9dc539b9c246c6334a5a46580330202ea4e344e516d08c14cecfdda52b1245,98267342d3cb625727dea3bb355e5a55660f2090301287266de3c123ef0fb0d2,user00,p001,swipe_left,33,2,conflict,same_identity_different_arrays,,,26,0.8475754999999481,26,1.0,0,0.3192464414801295,
swipe_left/user00_swipe_left_0034.npz,0368eb3a7bcf0e1f5f5c33f4b1b9a0cb31833f92ebe383989a26a7363042c8c3,6165159003d94442a9271ef1193eb061f6dd699083ece27e05bdc958e362e569,cc521b2984912cf6c68b5b7f2ef3e23aca4c1bd4a8c0037fc2132e3c46764c4b,user00,p001,swipe_left,34,2,conflict,same_identity_different_arrays,,,32,1.056100300000253,32,1.0,0,0.3239547598438489,
swipe_left/user00_swipe_left_0035.npz,e171781c22d1c6372fad084d66de8bfb91194fe5b1b7230173c90d211c03b4e6,c746d05e18bca0dedc20f32c3d97e02fff32e590d670f37f035528fc1e60b795,5c4269b0575f3ad010c6b7ef054af05a7f1797c50a8153ad2ff99b378109f77e,user00,p001,swipe_left,35,2,conflict,same_identity_different_arrays,,,32,1.0401365999996415,32,1.0,0,0.3056129627889872,
swipe_left/user00_swipe_left_0036.npz,9eee4ae262c88b5624c3c3ee02d5da51580b8737271071321f59e14d804bff5c,4ec58357c479b111d809215ea7874fc5190690f1a53dc952751eee9073a64d89,3785f36781ab1d1061227b7f9c5ee2436ecb6bebf5cfc2d722c6bc5b805b2977,user00,p001,swipe_left,36,2,conflict,same_identity_different_arrays,,,40,1.3128400999994483,40,1.0,0,0.3053799467619198,
swipe_left/user00_swipe_left_0037.npz,24f9c59410854b531816486c53ab450b6e615793813e02e2714ba7e5f5ac12e5,37a9ce608d69d5f31dbb7abe451ee8ff7b1a26a3b301f1997e36e01f801e65b1,734e8275b1e978f601de9af70c1d82fcd4a3f1f017c615cda4262e24c2899365,user00,p001,swipe_left,37,2,conflict,same_identity_different_arrays,,,34,1.1200190999998085,34,1.0,0,0.31628286745471235,
