source_path,sha256,arrays_sha256,identity_content_sha256,participant_id,canonical_participant_id,label,sample_id,schema,status,reason,split,output_index,original_T,duration,valid_frames,valid_detection_ratio,longest_missing_run,scale,assumptions
finger_snap/p001_finger_snap_0001.npz,aabbff039eafd1537fb710703c31fb39f20d1213166bc84873e58a8b2c729d19,803ed6d84eb4755ef04a46709018c09e5a65fa1543b47b0167b5d1084dc4991f,7dd326c7d65ff82a5c9e67a76ef70f25e2ea222a75d0dac635511b833d0ac60a,p001,p001,finger_snap,1,2,accepted,,train,0,47,1.5519817000022158,47,1.0,0,0.25415611873034205,
finger_snap/p001_finger_snap_0002.npz,569a14bfe2ca2c83a72df84105c035f8e45dff09fcddd513208c2f90343a102c,f095cd72c10ce146120eabd9196ee5e2b844fe5ecf67376f58cfb20e3d29f5cf,1e1a46583c01bc4124aba0026bfa950b57ee7ba246706ec34943ced4a6992837,p001,p001,finger_snap,2,2,accepted,,train,1,39,1.2800069999939296,39,1.0,0,0.2656198185272349,
finger_snap/p001_finger_snap_0003.npz,fbeffcf2f13c05bfafaaa66fc900ebd75653566bd7d58abb35a2b0b108ae34a2,d866514b551c7550bc066e37e2adcdc47d7133aeaac47d700d0b16f1b6a66e52,91d69d682c3e57636853e8055d07f28b2ed061b4046b4be0f1f4f142e9ab6eb2,p001,p001,finger_snap,3,2,accepted,,train,2,32,1.0401198999898043,32,1.0,0,0.2571772230766456,
finger_snap/p001_finger_snap_0004.npz,c0e855fabea678a5275e1013f436545fa96b5f0996c89a1aab4de0d0f3c70b79,39898c4888408218b76a33ec532a7b29a3554989b64fd330030950fc07c0541b,4ae1d23277da928c91146ecdc459f76512d1493bc6c9ac58ff87cb7ed0de1fe5,p001,p001,finger_snap,4,2,accepted,,train,3,39,1.2959139999875333,39,1.0,0,0.24614692680074338,
finger_snap/p001_finger_snap_0005.npz,436c219cadff7c5cd64b037ecdecd834c097cb6ea0fa679bd3f61223f4bd5f55,fcbd3addb303aaa5d71c58c0590e74d0c2bded9c6c0ae24a3325d1e898b5cf1d,5698903eef23d405db3158308ac29cd5fdb61de4419f7a8dac1b26e20b171248,p001,p001,finger_snap,5,2,accepted,,train,4,33,1.0719893999921624,33,1.0,0,0.24978144714051922,
finger_snap/p001_finger_snap_0006.npz,b89ead41ea0ade4ef73a3c4389ea84b41ed4f17ac4a9008de1d6c4099ac41cd5,00525f45467ffcdc32c8e06bd6331d1eb63f778dcfc36d25f2bf4d6af54a9756,2ffc8e441ab93cfb42e020a0621bd775eb354880d872ec4367ce4e830a1a1982,p001,p001,finger_snap,6,2,accepted,,train,5,37,1.2160738999955356,37,1.0,0,0.24929309278378334,
finger_snap/p001_finger_snap_0007.npz,497ef6f38818b477c041b89c680501e55c98fc5c5cec193fe983d94ef35bc9eb,b98e38dfa6e63d5319ef4fd6a019f1481a177f8b756b4b6efb5904de47960d4d,0873faf9ff1737d1815d934e2053e6909bd8ba60091cbebd412a276c79ba74f8,p001,p001,finger_snap,7,2,accepted,,train,6,38,1.2481847000017297,38,1.0,0,0.23501362394803801,
finger_snap/p001_finger_snap_0008.npz,7e6f1e6cdcda85a1c8f11c854b6686b0562cb08aaa58d367aa8bb9ca8b26451f,53c86a03cbfd9281b06e90745b2dc2117df45e64cf9c05aedfcfc6c603d1a614,0fb259c6278857b1d6c9b767e75ee36082e5c11d7e17f721bb77464bf0949757,p001,p001,finger_snap,8,2,accepted,,train,7,41,1.3439760999754071,41,1.0,0,0.23550780863518192,
finger_snap/p001_finger_snap_0009.npz,44dd241a63a54386d9132f2e71c48beeda5789a3788398a3188deafbac727170,5e5d5c1eb42f59ffba17aa166d9b053e153494321bd2a853e79ceb252576a09c,a2c736a00a03400a157103af454c71e2ddc61fd0bee63e7357dbc0523cf1b26e,p001,p001,finger_snap,9,2,accepted,,train,8,44,1.440031000005547,44,1.0,0,0.2689538768873668,
finger_snap/p001_finger_snap_0010.npz,9daa3029defab118b9ef0400c1c521ed61c9825a0fd1629c89c960bb1b359383,5ffdf97b83161d82fe20c8003f0e4ab97ef155e0238eee64450c235ef384dce4,6510f98c3727b84a9504e47aa58f6ed30573240d92ea0b5e37c218c1be0589d3,p001,p001,finger_snap,10,2,accepted,,train,9,42,1.3919789000065066,42,1.0,0,0.24645315039255122,
finger_snap/p001_finger_snap_0011.npz,a23cffefd65463d23f5935d7a94394dd5d522068d95ccdb922cfc5c174bc1a75,a737bd0a95b28a1bcfe3397eea01c79eda1b06c14ddb7f173ddd749b3fd8c3f1,3cde679f7f83853c062192a128e58997d4b6af510052312b978c508b52297aa3,p001,p001,finger_snap,11,2,accepted,,train,10,46,1.520150999975158,46,1.0,0,0.244919390499722,
finger_snap/p001_finger_snap_0012.npz,6229160dcab7536fd005bee6d37e0aecae4240112268f7648419a33558afd61d,2473392b06e7dd6640e8111a4a8290b45aef70a634b28d9dea4c0b6fa5c2c93a,44d5085c55255cb2ede2dc4ed95da6c5af6f124e079a9ab9aa851d02a7254af8,p001,p001,finger_snap,12,2,accepted,,train,11,40,1.3118060999840964,40,1.0,0,0.25164230232157897,
finger_snap/p001_finger_snap_0013.npz,28612b4185b90bf2fade88abcffe69f06326f7eaebc3465b19690a532cf89fe3,dcc1a4c3fe79a76e83d7a8c29bf6d3f8e3447fb308e994c45796830545305ae6,e70d8e8f401e74c77a3f5645752462a7fc11d24d571d4232910e506c47405a0b,p001,p001,finger_snap,13,2,accepted,,train,12,42,1.3762926000053994,42,1.0,0,0.2496709437553952,
finger_snap/p001_finger_snap_0014.npz,aec2c182074ed40d8deccc1cb6d8f287b5153b27db4ab1bb9a055bf7ed804bf6,facde0499e221ef6865c17122ba6a8394604cf112743ef86b4d2856fd12a222a,8cbd0e144420e0095c06714ccbd4b7385b996f79ff43f5311f2ff5ca3540c00f,p001,p001,finger_snap,14,2,accepted,,train,13,49,1.6320765000127722,49,1.0,0,0.24176191331018998,
finger_snap/p001_finger_snap_0015.npz,33e3cde5c7caf0401e6ee9ef632fec7e001488c3ce1d37df16ec96c3741d9e47,24ac75549559440f501decdc2d3966518321a3cbe9c8a0708070615355f4018d,866390d915461d69e91352c3f8d397de093c49cea9c8c3142175732f9c6490c8,p001,p001,finger_snap,15,2,accepted,,train,14,38,1.2480992999917362,38,1.0,0,0.21140741623804998,
finger_snap/p001_finger_snap_0016.npz,9caec110065b9f91b1e6c9e7b14810f557f2787a5d7a4947b7756a935bff7507,9323eff833ccc22f34a09cd8e7031d0035e1e9f5dadb7f644b3b87d1417f88a6,c8627f7c361d7206521346c18361e17b130233b6376458bef05030d044612546,p001,p001,finger_snap,16,2,accepted,,train,15,41,1.3440122999891173,41,1.0,0,0.19455560440269926,
finger_snap/p001_finger_snap_0017.npz,e017883b8887800489df16fc0a4cb15df71259a808068f001d2349010065da1c,296db34a2a8bf869490d9d936bade7a0d2f0e23cf298da7cb7fd497a3242761a,951f8e5d089735b84a072cb0105774cddaaf8f2a4e8a1f52bec8ed90c8dce491,p001,p001,finger_snap,17,2,accepted,,train,16,47,1.5522381000046153,47,1.0,0,0.21593021229229886,
finger_snap/p001_finger_snap_0018.npz,19b41ebd7df3a3d3c8f0e0eb41766143c0c1609d8fe191561c9ad1ba267ae30e,e1efe3cf1afa790b645db663a2877cd0efed902bb63ac8d5b2a19ce960c530e9,18aa2655244bcc8bda5e6bf9953cbc6dbe4f7f632c77f3a097e566dde09e98d1,p001,p001,finger_snap,18,2,accepted,,train,17,40,1.3122558000031859,40,1.0,0,0.2150993748508484,
finger_snap/p001_finger_snap_0019.npz,fb57a60d0595167dbb2039b434113bd057fc2bc852bfada9f9f60b678dda5957,a11e122ebffe76cf15e2c37dc391ba6934a79e1d13d7c8289af2c6958945e7a7,36504d549633da74f638c95cb7eef62675dfca148fa08ae035fb05ecd273ac8c,p001,p001,finger_snap,19,2,accepted,,train,18,47,1.55195530000492,47,1.0,0,0.20667170994927134,
finger_snap/p001_finger_snap_0020.npz,0355821cd23a78ea451997ce2e411632b99a222cc4c1e6c2dc3a40a6b4931ebb,81596b8a3fefe52b280ac6bbf91c155eddbaa7e2a2ebcfb5c1055a940bc63484,5279422121d355172d6f0598d24d3009373c25d1b370173c79099a16b042994e,p001,p001,finger_snap,20,2,accepted,,train,19,45,1.487932499992894,45,1.0,0,0.19910189230789013,
finger_snap/p001_finger_snap_0021.npz,e785246f0440aafc14cf8ffb810dcf333c9fffd4923607a39654b7511fc3d2cd,860e3b174ae322f0c5ea3c30b5bf7ac3a527316caa1c5b209d71c37e06544d0b,dcf4939a496821547b3c2eef54c8b7fffd7e63f78417c565549387b7e8cb1f50,p001,p001,finger_snap,21,2,accepted,,train,20,38,1.2466351999901235,38,1.0,0,0.19954292898413095,
finger_snap/p001_finger_snap_0022.npz,f35bf16e9ea69dd629e4fced98ad96de0530268eacbb89be8fb3cdd20751b50c,9f95eea15c11f0829377ac0f69ee3f57d88a2b93b948f3fb45066722505454e1,e3de9582d9971d3e67e068280bbb85f8a5f937acceefab662011be6c995a63fb,p001,p001,finger_snap,22,2,accepted,,train,21,39,1.280021000013221,39,1.0,0,0.1987837310552128,
finger_snap/p001_finger_snap_0023.npz,de40556519134e1d3d5eb2304a2ef7865e4cfe033bfdf2f345b1cb50ea735535,a5f9d4bd5ec718e148905c7a8d6a2708bfc963d605b4f07b6ce988c49391a65d,41928daa0aaf60d545f72a6e1c42d2021d1bd8537af94827e2d5dd04758d6794,p001,p001,finger_snap,23,2,accepted,,train,22,40,1.3118666000082158,40,1.0,0,0.19901471943751944,
finger_snap/p001_finger_snap_0024.npz,5635722daa2bb79124f4a84e23e73c529e3c83fb334d7a590a1ef3eb319b0268,e50ed3908eb2216507b290ed11a8f2c9a7096369e7024f6993ca07926635714f,6762a1f16447f69aef1566da2e2520cc6e00110e835b5ac78249308dc3828e77,p001,p001,finger_snap,24,2,accepted,,train,23,43,1.4079938000068069,43,1.0,0,0.2011714131690471,
finger_snap/p001_finger_snap_0025.npz,eebd7fb34698647bd94e86d8b8f27a3c6e599e3312e4c075d47dbfdda3fe7d0b,400de9ed1ca40e846809a9875e5266864916feb9878cf7df412e13c0add89ffa,16e093e7476d69055e1166deb40299bf444cce1e36ba14ac792102eaebc13903,p001,p001,finger_snap,25,2,accepted,,train,24,36,1.1839207999873906,36,1.0,0,0.1992979617017948,
finger_snap/p001_finger_snap_0026.npz,42b48a4d7fbcbbb02e5799349a7ed74fd94e988e4b17fe2df333fb261d57b885,2301a4e2660946a0e7bfaf70eb9a2c44366017c7becce64238846b0bd7bb3faf,1aa115fe7ad59e107ed7cfeeb4b9a708c2f1f3099a24d4daeaceac1bd15e4edf,p001,p001,finger_snap,26,2,accepted,,train,25,43,1.4080156999989413,43,1.0,0,0.1874414838664802,
finger_snap/p001_finger_snap_0027.npz,f8f41130632098c19a081e4aebcf3b87d0da81f95cd97a5bb5ecb9acb05fc088,c6d6cd7c2b87dc271620cb62f15b65d13e28b90979951e20a4318f16bc6c7d05,61bf35742062628530059f116c5f132974b7a46a28cb29fd2f71e3d207ca8779,p001,p001,finger_snap,27,2,accepted,,train,26,44,1.4398587000032421,44,1.0,0,0.20091250965262988,
finger_snap/p001_finger_snap_0028.npz,6f0d0061b6128fa3109c1ec9bf0b785c497f234af2d0a47584d22a3f12f77618,01de4e965544c261b6429b5baced1da92b2d93641baa59a4a43457fcd07d493c,04ef0267f095cef2713b91379b34c80bbff257aa1dfcc5f9b82e6ffa6eb741a8,p001,p001,finger_snap,28,2,accepted,,train,27,44,1.439606100000674,44,1.0,0,0.2056985822397297,
finger_snap/p001_finger_snap_0029.npz,a4480ac86fab1408880c9f6ea89adc96182e06b5eb6b96c67eff7cce370c66f7,2a0e013aed5d02a401b948f5842f0ae0ef1d3df7cb4e166497e55ae4285fe6ca,b7a331b47ab3d4af24d979dc671d34e7b92c42f6e6cede61febb3e905c266562,p001,p001,finger_snap,29,2,accepted,,train,28,36,1.1842577999923378,36,1.0,0,0.2357768337793426,
finger_snap/p001_finger_snap_0030.npz,e0505eb4b2a63b5953a3bfd6da2a18f8d0706c9bc0f2c69cbe1564b71666cce7,fa115bb483aea943bc82ffa31813d9d25858385f3c0c610fd2130325de94ad45,4c7606ce00b6b13a091465ad3a3d3989e03337a25f0a3c92174ca75c4c1825f7,p001,p001,finger_snap,30,2,accepted,,train,29,40,1.311911800003145,40,1.0,0,0.2355098654859593,
finger_snap/p001_finger_snap_0031.npz,c0929cd45cfb89f4af7eca095db56dbcb4c0e09cc5f700f39d2b6941261969a1,748c4cef09611e576c854ba7550feb433720835ba32be05d9a2adef00a02f606,e0a91cbd48b14ca4c8f89eceef18f2b97faefd00ef5e21870ffe65bb9c614ec3,p001,p001,finger_snap,31,2,accepted,,train,30,41,1.3437489999923855,41,1.0,0,0.2407644479745285,
finger_snap/p001_finger_snap_0032.npz,7656f2fa5e7ad43a2fd91cb4207f585a9abaa99bf82d106342c6f4b6d8d2128c,aaac7d892a79a68f25a3ba53fe89a7d8b2cb76b257fd124ee23ec197bf25bbcb,20b62af0594c73684cf31c40afc2ca20e69b04d1cce7184320899371fe507577,p001,p001,finger_snap,32,2,accepted,,train,31,37,1.2160715999780223,37,1.0,0,0.23150093888879755,
finger_snap/p001_finger_snap_0033.npz,cba90cb0c10f586d6403e45aefc9488717274cf86090f814d58065b880d39042,bcc4614032216bf01179a29beecaa2bc8690bc42ec1db6859fc529c1c6ddd160,6c25c0a75b5b7ff6bd54ba088f28694aefc8f97a7e8d8d82a6bc7501f92374a2,p001,p001,finger_snap,33,2,accepted,,train,32,37,1.2159810999874026,37,1.0,0,0.23573535928850275,
finger_snap/p001_finger_snap_0034.npz,7100b186abc4f1a3fd19c77861033068ae002e8cc19f294d8fd263014435e27c,541072318d2bb30c6308ad9698bb544c8da1b51792edc4ff6fa8dd91d71983df,121ab8048971b52004b9dfb96abcaabddd22ee721457cd28523d1f9fc2fd851f,p001,p001,finger_snap,34,2,accepted,,train,33,36,1.1842835000134073,36,1.0,0,0.24618184152833028,
finger_snap/p001_finger_snap_0035.npz,af3cd6085b46ca2b0fe2eeccf470ced5e493e32703b0e463b486819a11e1280d,1219b0062ad3aee64db7e545cb49a2487cb9d48e7d2e7d12edf0ccc9367cf3f0,a874eb00ad30a82191ce4ea2fa1f4dcc3c043eb040dee2b5489117a890170d17,p001,p001,finger_snap,35,2,accepted,,train,34,38,1.2479003999906126,38,1.0,0,0.15329423918314267,
finger_snap/p001_finger_snap_0036.npz,c3446360678fe0313022be69f7a0d7b7ccd88cc72a06e9c6f4918f865aef6cd3,78533ef5d0cae2884e6a9244015d47ac14dafa0cbb3e879c64ad730e3d2dae59,6b5572fc3f5a67668e603f72ec3875e59e857c94233534d2303b8b45e253bacd,p001,p001,finger_snap,36,2,accepted,,train,35,46,1.5201583000016399,46,1.0,0,0.174135277167471,
finger_snap/p001_finger_snap_0037.npz,8e1b11f0c9faf6a3d3997c486905871257bb9fc8768da5106cde9a40b3245471,e87b7060232d7072c850381465952774e7f35daa2d1cf2833d951ac89f470441,d87883acd81865e9c4be4a3b4a275623807b3307ad5d20b4d125b63c1b7e3835,p001,p001,finger_snap,37,2,accepted,,train,36,47,1.5521790999919176,47,1.0,0,0.18193933100006715,
finger_snap/p001_finger_snap_0038.npz,b813e5d3381f02da48cf400c7612bbc763a6bc92a6e5c312cc79c87b1567c5de,15948aa6d5633fc6f7027cbf069226fe2376a32d82a582b74769891fc7e5fa46,b74f046659bc751a3c2ad037bac864ec240266f12f5c0ad87da3604627ab6f9a,p001,p001,finger_snap,38,2,accepted,,train,37,38,1.2480958999949507,38,1.0,0,0.18913638002219943,
finger_snap/p001_finger_snap_0039.npz,b9f9c5290d6a5fc9e1395a31d30c425742bdcc5cbb5a1f90bd66c38aeaa41529,0c7e08e76397e3349325bd431f6a392ffea3bfa4b76df773251902300d8af137,220b899ef72c267e852f561788c366df1006a0c2a27dd25dde17c26b64a2287a,p001,p001,finger_snap,39,2,accepted,,train,38,39,1.295950699975947,39,1.0,0,0.18001430694878345,
finger_snap/p001_finger_snap_0040.npz,13737cac1667289d1626e35a469b59e886f6256b5576e52e1af40ae7e9145599,570f6bd018205ef4969b3c69f31932989fb891de52ed40bcea51fe911736ee28,8b8901c4533516fca0ddcbd4df738c551a22b581d73c0c83668803c120040c15,p001,p001,finger_snap,40,2,accepted,,train,39,37,1.2160141000058502,37,1.0,0,0.18403140118300695,
finger_snap/p001_finger_snap_0041.npz,94a6967691132910034e5df5c4a7d8f024c82791797610861232911c3e3ae79d,19f7a10d957bca6747c58d1dc1f8a97da4995e26aceb7488b6905f25a2d34327,291605077d6898af8f6573fa30ba73564b9ed43823f3d95f1f56b0bb0cad00a3,p001,p001,finger_snap,41,2,accepted,,train,40,42,1.3758289999968838,42,1.0,0,0.1806311342232399,
finger_snap/p001_finger_snap_0042.npz,9399ecfde004dbe628c5b7305f120a621c7cff1414bcf6397505361b1584e54f,e9986f5c8c603d669c48959f6d1e39418d73d5e06638a0c2179454b536b67753,6b9c099b6f79387405d79fbc2c8a4e75e79d8039e2232f42504687b8f1dfa870,p001,p001,finger_snap,42,2,accepted,,train,41,38,1.2479372000088915,38,1.0,0,0.15969582877114238,
finger_snap/p001_finger_snap_0043.npz,29028614a3b311f02852763a1e6eec10961e65dc436a116c31aaa34d612dd5b8,322ee2f732e109e2eaecf418c0121688de2b78d483e05478cac33c0f9834d408,91b12bdc83c27d76e0d93836a0ba3ea83b70ff6f0fdf4f67bf34d962e60e5b1b,p001,p001,finger_snap,43,2,accepted,,train,42,41,1.3597160000063013,41,1.0,0,0.2846986252587936,
finger_snap/p001_finger_snap_0044.npz,4c28a76012f1ecf1727accef42465d9cb070db90e82feabc14f640bcaab84439,36416ea5557922ca459344695a0f7b9d6a7cf0f6ca8b8da3497ec793387b2ab8,36ffe5268656436386175136c088461118e45d1ab62c1005ce986bc8451be0d5,p001,p001,finger_snap,44,2,accepted,,train,43,46,1.5201002999965567,46,1.0,0,0.2456401492406686,
finger_snap/p001_finger_snap_0045.npz,f8ca3b8bbfb58fdf0682959b80c3e85ccc0554f3b25b4fb6466914d1552c60a8,e583731e789cb27e4fdde3fd40a6eb195812f9820bee4c677da1cb26efe52f9a,8fcef2f13a50f6959d69e75ccff3140a55e9fb061c22c1154e3843a6e23bdd9b,p001,p001,finger_snap,45,2,accepted,,train,44,50,1.6483815000101458,50,1.0,0,0.2854423454253271,
finger_snap/p001_finger_snap_0046.npz,e7b56e4471015d6249abee40e28c8e6fc08136e57da79cbf1e5ec80d87650a9f,4f5d4e1a690d802b6d76b37ece41826ab6bd2c8b78405113adefe1c0a671d0b0,fa6d7a36e239d7d95e1fcbd2f313f5906a9a34c8745d3468023cf0ed119f50b5,p001,p001,finger_snap,46,2,accepted,,train,45,45,1.487871899997117,45,1.0,0,0.22736567801885196,
finger_snap/p001_finger_snap_0047.npz,98c898d7f105748c39ac9e27286c4f18aa3c8501116e5be73574f44cd03362c1,5082176c64b8c3e38f124b6f02d48a1483587873b7c772e68b98e28572ff54e8,cdcd72dc3d9747b54ba3179f98bb662a66dc62a2d82ea6f95f50414d0a96d840,p001,p001,finger_snap,47,2,accepted,,train,46,43,1.4235887999820989,43,1.0,0,0.2665858760151165,
finger_snap/p001_finger_snap_0048.npz,e7d585ed388d164b2999984d3b996a50980e00063ac4fc81d09031f79bcd7713,8e084279ef9e3122c4a91b3138d78a00882478bf1cb939352604ca7dd17fbed0,7a4712de407250dc7b1aad5037ca23098a4d37e82465088a08f373f9ab1ff902,p001,p001,finger_snap,48,2,accepted,,train,47,41,1.3599734000163153,41,1.0,0,0.27596703873351863,
finger_snap/p001_finger_snap_0049.npz,690b3ce1ca1f1c7b0b1fbd51b4651d05a9c321df5b67a77f2c16eeb9b13fb439,0eaf6849835a6193ccb830025905b179d1c0072ed971a65ae7c449f489303394,8571eacbebb5a97ea6c4c071fca760b68e0943c290d6f7b5cdaa6af8067e765b,p001,p001,finger_snap,49,2,accepted,,train,48,40,1.311904800008051,40,1.0,0,0.26829965422847013,
finger_snap/p001_finger_snap_0050.npz,28dda3993ffcd16033b5c35690566d7dc36c7bf1431e45e9c17ff5acef2375e3,187bca45cfdf3c0c8e8beeb1486401a32c4c168e0a47a0c97613953911628f9d,c92e28826c37bd12484e5c277e28901446641882df4a421a4b64d9feee97528a,p001,p001,finger_snap,50,2,accepted,,train,49,45,1.4878759999992326,45,1.0,0,0.27583560550518443,
finger_snap/p001_finger_snap_0051.npz,574d211e0825494adcc0a7270879374b02bd6dd9b8214aa2a6669dfe467daaf2,461bc092689565899d2b51e0b83ac5f918d1d3c2df578f43db7504d9e3a9c6b7,3e140c07e4307fe07ee438d4fa38eea64a66bf499ceea1d087817000e44a755d,p001,p001,finger_snap,51,2,accepted,,train,50,49,1.6159375999995973,49,1.0,0,0.2968183569689967,
finger_snap/p001_finger_snap_0052.npz,bcfb647cfe7ffce356f26938b5bd5aef551a86694cbff2b9c20ae38c19c76190,378ca5e1f5a9392c06292f89fa2d63971241f0c59f5b9082ebca7b078987870d,570c8385c3d68d61b29d2e80ba1ffed834a4439839b00d2d02a92aab31455b12,p001,p001,finger_snap,52,2,accepted,,train,51,38,1.247969899995951,38,1.0,0,0.2874918209160774,
finger_snap/p001_finger_snap_0053.npz,0957d802ff8f26255778470c4b861ad877aa2ce1f31086b255ed1c57fc54457b,9fae9d14908073c34f3c6c5932cb658e6650ce9026426a85483312345777935c,86fb75d41074e5cfc7b65219dd794f207398be8555c7a97833ea87fbc47e8a86,p001,p001,finger_snap,53,2,accepted,,train,52,33,1.088203599996632,33,1.0,0,0.21998664146038513,
finger_snap/p001_finger_snap_0054.npz,be6c1f843c5c83fedeeb9e42c5e8c1bad7447987989ef5473d52b2cf18281839,6f772c79eeb9cfde4bbd106bff3a6617d17efb6ec2879445ad05f9a5e775d2ad,76f23ef9e467db07ac8e4d394e6bef3660ca91673298d2954ae810a0815bc1a1,p001,p001,finger_snap,54,2,accepted,,train,53,39,1.2799164000025485,39,1.0,0,0.30906812007334206,
finger_snap/p001_finger_snap_0055.npz,0bdd87e5e3c29d4123f09c5420d3f97afaaade5f599dd33a440468f2d6c36e9d,46705e3c423ae086332d8ec30fdca8f9d8da5a016f6108d369255d55167ac1c0,755faaef21adb308f2e0965410845992abe867b188d2cad4d29242b0d18252b1,p001,p001,finger_snap,55,2,accepted,,train,54,40,1.3120571000035852,40,1.0,0,0.31451556441310896,
finger_snap/p001_finger_snap_0056.npz,bedf35f2af4dd1b9d0885cc70c25d378c6951c13160ef4df5727d625abad4f63,82089b0befc5bbcba419619fa44ba498fdfc35f89811d0f09cdc6f6567c2a82b,adb1def472cfc09b6108ffa783dfc517b8a2c225c4c438bd16c1526e1f5a73d2,p001,p001,finger_snap,56,2,accepted,,train,55,42,1.3759519000013825,42,1.0,0,0.2985585056745184,
finger_snap/p001_finger_snap_0057.npz,b0b48e40cd10118e1e995471699ffc0686ac04c764d8cffb11904df95d30882b,b4f6f53fdc7b257c0218729cb280d5ec2ffa182f2b3041d03259b47836d6c2fc,6fec982c5b4b067435f3d422932d013df80622966b57e068781f243d17145e4c,p001,p001,finger_snap,57,2,accepted,,train,56,40,1.3280578999838326,40,1.0,0,0.3141829900497861,
finger_snap/p001_finger_snap_0058.npz,f5b2d216a4e23d1d8fd1cb2d1277f99182acf48e65a07bb0ba7819cab8fbabf4,daf5440e7465c967357780827524756d84cb2c0ca8a1960a34c5b891e27c6e55,a9b5521380ea45797510ec8dadccb8bcec1ea9751582a8013fa9b977ac4c257e,p001,p001,finger_snap,58,2,accepted,,train,57,47,1.552090200013481,47,1.0,0,0.3148414861134869,
finger_snap/p001_finger_snap_0059.npz,6f380bb93cb400e458a3c66b7f2b78d6f7289027d676ea342dc771b6b8a80956,b023c5d5884153e64fc77cab68f2da57d97b8fd62d611d92fd1802f870fcc5d3,ef18f57e20d573ec253e57efa26fedbf8af857d99638c3c2e0b9dacc4d35f146,p001,p001,finger_snap,59,2,accepted,,train,58,42,1.375983100006124,42,1.0,0,0.30917751610173283,
finger_snap/p001_finger_snap_0060.npz,39699152d0594498ccd27ff88df2db43843a39c20790591d55dd94f069276273,963cf33a9b45cdb0504b3289a154299fc34aaa8fa0ad65d0bde223684285a1c2,a9ef9f6b4870ee3c7c7dfde71649505ef5e38b5b5704ef71ff73d06b58f01c2c,p001,p001,finger_snap,60,2,accepted,,train,59,45,1.4880109000077937,45,1.0,0,0.29997358036388844,
finger_snap/p001_finger_snap_0061.npz,7356a5e9c116dffb0e34db7b94de2033113b63265beeef9be9154ba5eef14e07,c3ada4f7f072b3d9d925c5368f2a6e47e73af7244a5b77355e8c60f5d8662d7f,94cc9549bb93e0fbd10578edd82f226fcf4480f335c0f2835ae5ec4446b457ca,p001,p001,finger_snap,61,2,accepted,,train,60,43,1.4236454999772832,43,1.0,0,0.30856938921897575,
finger_snap/p001_finger_snap_0062.npz,cf91c4f07826db259f8f0f128bda92ec6347cf42bbc7803bd15eafa63bf1d0a1,86334a3f34290f6f6b2f3d2cf2e6176d9400522a97a4644ec99ad1c381b3343c,81edbbb80f37e8f0d110c3c470f39cd967739a6aa995339132f8a1f9bd98ceb5,p001,p001,finger_snap,62,2,accepted,,train,61,45,1.4872277000104077,45,1.0,0,0.29240554186600853,
finger_snap/p001_finger_snap_0063.npz,59206d16f04298d7344e3784b97c494fad2c4db551ea0b40e18a210c247c628c,97daf273457148ba3bde21d5a4e4329648b14f20accba54f67b3567239dec3c8,2b497f1fb3d65455d4805b3fb560aa7978be1d125f622e76a6eca7ed80065273,p001,p001,finger_snap,63,2,accepted,,train,62,43,1.4239176999835763,43,1.0,0,0.29200310699096094,
finger_snap/p001_finger_snap_0064.npz,86809b0108a87189b9e3c8dc59b12256ec01eef534724a057b190c75e4798a73,2b3c3f3e3a4dafa0f0c68fc46a48bb7068b0ea8805a4c5fca25c756ed9062ed4,532256b88cbfce747467a88573b8ff206d2b69b81db58d974c81ad34cba075b6,p001,p001,finger_snap,64,2,accepted,,train,63,47,1.5520264999940991,47,1.0,0,0.29983393641621797,
finger_snap/p001_finger_snap_0065.npz,f23c6ce710fea874a9c2757aa5d7d12a426e1ed7a688b8fab37389677990d77f,ba4ef3153e08c08b9229293528dc8c246f5c371cff82942abc35b5a14f7c07dd,68b5e4d8ba3e4fa54707ab4012287835819adf5442626426ffe83a3546d066f2,p001,p001,finger_snap,65,2,accepted,,train,64,37,1.2160687999858055,37,1.0,0,0.18297583512005236,
finger_snap/p001_finger_snap_0066.npz,98259e6423fbc01dabc5d4333c5322142642df23f3236f59fea6df29e6c51f5a,b31ac1cad0fdffb29e8a1bdb39325d2ddc1788d2309d12581ec6b4f8e66cd027,9e932da469a2b70597cfdbec2e548bde9da5e08bed8258fd927f284596b422a0,p001,p001,finger_snap,66,2,accepted,,train,65,40,1.3281463999883272,40,1.0,0,0.18325291063388474,
finger_snap/p001_finger_snap_0067.npz,b0f43f09e7024163021e43efceca7ee0792d4b20600b9d8659cf5e047e831a8b,dc86eaf668c503b631f2f08b7991be0a3d346799b6a22d6ecf94a20548754490,39706867f103a3dbbd075044afebf50fa1093ad9038072fcbb872d3f46c6e6a5,p001,p001,finger_snap,67,2,accepted,,train,66,42,1.391831999993883,42,1.0,0,0.19481489791062578,
finger_snap/p001_finger_snap_0068.npz,8853afd89ee39f0aee9f1129cd4ada0756ef6800190e65c35358bb6800079079,99a68d4881b914dbb1dae6649b7d100f37f98ac40c04b6fda1eb595184711795,2338583172786e9171e337e4cab4ac0ad1276fc3d5475760fd03d1d2b481b3e0,p001,p001,finger_snap,68,2,accepted,,train,67,48,1.5840356000117026,48,1.0,0,0.18802008026221978,
finger_snap/p001_finger_snap_0069.npz,9ce00545c1c09d076a384a68bc43cfe2f4ce6179974c4628c8052c2803af97fc,3ce525e6f28b1ce4047187d07b77ac28b10bb7f7602e57f62cb22f4571a5f643,45c6ff908735f795679af19f5d6057d5a87ee40efa222c14099984495f7ea5e9,p001,p001,finger_snap,69,2,accepted,,train,68,52,1.7280789999931585,52,1.0,0,0.1937060257547759,
finger_snap/p001_finger_snap_0070.npz,171f5f19fd4cdb09380febb6e24e0022e34d9c14608338007be46bda3cb80981,6860425a7af4cb15e3c15a6f908bb1a94713677968589beb50c82b9d0d70948e,5d729392d254411ef557d663ea4055af45fcce17ce3d4846360c62942f20274b,p001,p001,finger_snap,70,2,accepted,,train,69,55,1.823999999993248,55,1.0,0,0.1785896979629976,
finger_snap/p001_finger_snap_0071.npz,dbae9bd1c70facdb9e567918110198e38cb56b94174ecf9dd17c07439a43e442,387aff840d6aacca8a4847c26efefba6896c54cf89e85f068ed730c10bf97ee8,0efb3e1697b15ec7c54444bbe828ce39fb39e7f3a8f3c985bc715018cbff4e48,p001,p001,finger_snap,71,2,accepted,,train,70,40,1.3120908999990206,40,1.0,0,0.22283057034075193,
finger_snap/p001_finger_snap_0072.npz,9a3c6c97100e5d534538a6e6fcc1bb9ae77bd9a7def4da66063774946c1ac44f,fb76de2382c56b162a7f178bc9d15d9c2abd529b0512005ea1e8bf4157b41204,f41c010c67ed554bb002cc6a377b7d93bb0eb33eb11232c46e0fe58d9982bb6e,p001,p001,finger_snap,72,2,accepted,,train,71,39,1.2797906000050716,39,1.0,0,0.23780315052291207,
finger_snap/p001_finger_snap_0073.npz,b41ded137e843f7f235b8efde2537c3b34a3ae86aec682b21840b2f3371ccbf4,945097d2c7443102e675d885329f826a7c9ec7d6ec7ae7665c13e86bf8cb2771,4f5d20ccd6e1039fc4e4b3e6bc85bdbd1d4711b25428fe36a2b78aeb700e4979,p001,p001,finger_snap,73,2,accepted,,train,72,38,1.2480494999908842,38,1.0,0,0.17174357832412382,
finger_snap/p001_finger_snap_0074.npz,b82e5bdeccb388710cb5af0d65650bce54c786823e640298602934fd7416e5f0,49de6b72c6c379f24084e799213fe4e6f6d75894d99be34b7f3b4d562cb1b607,03674290da9f96d67e8d0375b3b780a80636c4c69ac791c10151950964357282,p001,p001,finger_snap,74,2,accepted,,train,73,44,1.4401584999868646,44,1.0,0,0.1736664670241051,
finger_snap/p001_finger_snap_0075.npz,73b24d64abb28ee7dd2dff12f2d21bd971a5c3d19bfcb3f1b87055d6e7f97089,b70063ab5c4ad05d40f704683ef007d0299b026ac3e01c1ae50c2f3a164e8789,bc934ee6e81fbdfd7b5c011a31bbf3d8d0722078cd3998933741f7e6af6f1b66,p001,p001,finger_snap,75,2,accepted,,train,74,40,1.3121055999945384,40,1.0,0,0.18863910871204945,
finger_snap/p001_finger_snap_0076.npz,1a2e1535ac2b6482fdad48ab5111b9fc396ad4b57fb60dad4501197d3f0a9fb8,f69c81dbdc3f0b0fa3ade8e15632b040f1c7b0cc0f97432fa60d89fc4063c7c0,d98bb5cc211e0f81ddd8b86bb0a5d4a1b9bd55448f089188df71e820d6f6dc1a,p001,p001,finger_snap,76,2,accepted,,train,75,41,1.3599413000047207,41,1.0,0,0.19859584398614635,
finger_snap/p001_finger_snap_0077.npz,a70094f74d21e426ae93e0ec01442b41f43df4a37c7b098e97a7eacf27b2b754,ef513d034d6d17388db554b49ca0bb0451a8ccdfc2328c568f66ebf089e7e74c,a740af549ccb624bc54ae2a7fa88c0ccdc3e1c0db517ed952fb90c7d42240da3,p001,p001,finger_snap,77,2,accepted,,train,76,34,1.119891899987124,34,1.0,0,0.20004327149503245,
finger_snap/p001_finger_snap_0078.npz,b0700ad71dc88240a2d7ceafb0377c3aaefd10da44d2650eb6849c4b30d0b308,90e4fecdd855c812be5fe7d1023e5d968c5d86bbe8c4aa4fb9cf1649a41f09f0,2a8305af774d0724494cff1ebde23d412ac66b7f79dd770f549578bde724915e,p001,p001,finger_snap,78,2,accepted,,train,77,40,1.3122733999916818,40,1.0,0,0.20335610414173988,
finger_snap/p001_finger_snap_0079.npz,477d5ba0abfefb4ec3e50d79e80abc8427125a7ad82262bb5683a072f0dee14b,aafe4e556b737e98362104871f06c0b23715fbf6879919964d6d728edf78f982,6d5f4266e1eb7d075b65fca2591b564ef21b7361413ccfa96fead969ac36ea76,p001,p001,finger_snap,79,2,accepted,,train,78,38,1.2478891999926418,38,1.0,0,0.20547590884198635,
finger_snap/p001_finger_snap_0080.npz,c987589cfc893d2ed82dd54fe68f2d6f4cdf5ad474be5811d449e9c93e8c15b5,c6cf1f215dfb1140433999fed1f391d0aba5b11519810dca5a4ae830b4871bb8,c7818b8a92672404ff09cfd2e6f5abeebd6f5fb1f97f7d4cd8977aed86fa3fc0,p001,p001,finger_snap,80,2,accepted,,train,79,39,1.2798902000067756,39,1.0,0,0.19987784530649638,
finger_snap/p001_finger_snap_0081.npz,3f4f9d6963af1f78fddf63b7c2acb70d8cccd2ba881a85941d82909c95ffe8c4,22563e1929834f4eec2a25373dd1154e46e549fc4a6162c510d949be0bcd2dee,4f1b18bd79e01e4e622752cb5ff4457747762e451f5c829058b89b58c646cec4,p001,p001,finger_snap,81,2,accepted,,train,80,41,1.3599871000042185,41,1.0,0,0.18531476031307922,
finger_snap/p001_finger_snap_0082.npz,6471fffc11f198b51528904b112688c18f73f043699376a1290b908a2523a4ef,308e42dab4b5494ded1ded8afcd8e42593fb5f4fb50a80056027d8db78b628e0,b930c93263b8e6138fbe3c917c9ecefa4aa046ce59abcfbdf749013dc48e88ff,p001,p001,finger_snap,82,2,accepted,,train,81,36,1.168212799995672,36,1.0,0,0.18101810077928862,
finger_snap/p001_finger_snap_0083.npz,dd3f4b317590d0b697d657e24b2555baf849653e6ea59a74e5a28ab1560ff914,adbe11a4badc9af0c2b59f40e287d0d9c87ad789634735634ac07d088084f9b0,326bb87489b9415fd70aff94662ad620d67bd3cb7c9004724f586e601d0c196b,p001,p001,finger_snap,83,2,accepted,,train,82,40,1.3282408000086434,40,1.0,0,0.17519895538339292,
finger_snap/p001_finger_snap_0084.npz,2d23ed6e5719beb0f17f432a3c559ec19d902a62c17fdc9e55a3ddd95a8a432e,eb2c13c47e915e636ad2e8b1b951b2108fff8c126f0a4dab2adc1f77f8d47c64,55166c4e60fcf651eb35ce4f4356b934351b222e2a18c17586bbd87edd410514,p001,p001,finger_snap,84,2,accepted,,train,83,41,1.3439185000024736,41,1.0,0,0.18106446306183535,
finger_snap/p001_finger_snap_0085.npz,6705db12fc7a2eef786f4ff7a7d94f0d70a0dfdb55fd5a35e95e66c5d201c084,8dfed1e148ce936d2cea6460b4e4ffb15fc14c889035165fd83cf2589f4aa783,ff57042886cf9220db7fff3247abd2fbbe5a6210be581d2256583ea82e041e5c,p001,p001,finger_snap,85,2,accepted,,train,84,45,1.4880122000176925,45,1.0,0,0.1856444526031149,
finger_snap/p001_finger_snap_0086.npz,8939a9b4435e64f29b253a06d07fd68b148a3ba658dc54c0b4bb170fffe2d016,6984631499ca4c78ffe08d237b35c40b037148e37752fa1bed19167e8bdc49f7,01154f2843ff1781619096c071dc7e532966785e208bbf854b9398fd5c4ca9fb,p001,p001,finger_snap,86,2,accepted,,train,85,46,1.5202559999888763,46,1.0,0,0.18621021694753748,
finger_snap/p001_finger_snap_0087.npz,02a78b0c76e8eb39f18f3dcb5bf1cc0a36505ef0221ad6f02f1d4f602d3818b8,fb9e6a797b486a61546cf56e1557b36d66e32a4c28eb2a3a561950aed7aa2e1f,09bd7eb1734e883d0f5cb646e54c4f211e0d85c033d63b340cde2e25d36d83b3,p001,p001,finger_snap,87,2,accepted,,train,86,43,1.4081996000022627,43,1.0,0,0.1797632882634991,
finger_snap/p001_finger_snap_0088.npz,dfd1f9b3dd1223cbbbbd3e79b9e873371fa23def3016a2ad373558d6e53f426b,4012a2cd859a8da1bd0e20851aa0075a333c0bb1136009f70589ede7195bb308,e6973a744e048eb87a5ea820161a1acb1e5712c5723e09a0f078140cb86abf99,p001,p001,finger_snap,88,2,accepted,,train,87,39,1.2799348000262398,39,1.0,0,0.17904472251446732,
finger_snap/p001_finger_snap_0089.npz,53c39910d7c4ebb48c51e8ac7cc4729080ab0fc3eb432b17ad0f516b9d5406ee,8ead98b673675199aa027fc4340f0369c6fdff753762d6daa091267647876aba,6b9ada145819b360cfd1ff670155f3e66b68332558b1cda9eb7ed4acc607cadf,p001,p001,finger_snap,89,2,accepted,,train,88,37,1.2156391000025906,37,1.0,0,0.1624983128803792,
finger_snap/p001_finger_snap_0090.npz,f813a02d6dd8614cdfcf754179b9bc8cd75ae75e9197f7c340f4b4d62a3e7305,b9071dca90938c6586289e7450727fbb41b14650bd5af8b23962f2b23112dbff,2fdb5e26ad7152cedd9c5b5964ff615042d2a701e50a80c88cc10ab90000523e,p001,p001,finger_snap,90,2,accepted,,train,89,39,1.2794564999931026,39,1.0,0,0.17340497674939237,
finger_snap/p001_finger_snap_0091.npz,d187a45ee9cad9d7876c8759bd929238b5798c8b14c5375b9379d1ba2feb20c9,a67dc346475f3b0a683b4431c0eb75f2013df1609da7fdc3c377e62baf43f4eb,4d4cee045c25944c914b7065dce917b6703c4618b1cede50ad5ab4473329c35c,p001,p001,finger_snap,91,2,accepted,,train,90,40,1.3122201999940444,40,1.0,0,0.17637122443989856,
finger_snap/p001_finger_snap_0092.npz,3215c944b4e2852f4e0dd401f27eee114d8564dd43d1b696db41dde5d69364f0,a7affa16e5cdd0caf4da841473a6ca16f6698bcb4b2fd3d6b1843d62599336e7,7f906d4a7884f32473dbd8a4d33b2ab3201bbe7e4631cf1eef8d6f731b4ee440,p001,p001,finger_snap,92,2,accepted,,train,91,41,1.343952299997909,41,1.0,0,0.18332117085810098,
finger_snap/p001_finger_snap_0093.npz,f3eb72e3a3c2132a8abf5b39c72808eadc9dd879d44873a485467561e58c5100,2516ef49f637e3aaa5f9e11c6dab39aaa0e12716a18e8c539634ea8c7f3fe2bc,da49e17392710cca4b2b950d65476687fe6e9b14fc96064edeb8c91b31aa74a7,p001,p001,finger_snap,93,2,accepted,,train,92,45,1.488033000001451,45,1.0,0,0.18632160131204498,
finger_snap/p001_finger_snap_0094.npz,5f25ef9cbbfa6d1e28203a99fbc11f8057ba891dadc0e02af84ff78e37248846,50480a77c6d36f89e1fc7d505d1622b227d1d3b7eafde1d348c688c3b4ca649c,8ca51e015903ae3a4cb2eab903a30522c7ba54e85bc48c1f73b7bc71e27ad3a1,p001,p001,finger_snap,94,2,accepted,,train,93,42,1.3921413000207394,42,1.0,0,0.17936354157257373,
finger_snap/p001_finger_snap_0095.npz,4982873c712b40160fbe39578aa12a969c928728211a06864b0b4515c039a560,b6e6f7197b1267571c55d5795983018b61f0374eab646ff44e61ac9124ce21cf,144478cc162869b1432ab8d6e5451554b3675f8a4479ed200ff490b2b2a8691f,p001,p001,finger_snap,95,2,accepted,,train,94,43,1.4240580000041518,43,1.0,0,0.1855500245913801,
finger_snap/p001_finger_snap_0096.npz,7cd3869f3dd29416f90ee40558bfd0a77633f089f8745c50bfe5eb65e599b1e5,766ba1a7f2db9825f751abee43b9cb975955af94ff0bce759e69ee6ebce2c767,ecd7e0fbbbe82ecd926615e45a51c5f6fae4e9c4d025cc491ad736b5fcc22398,p001,p001,finger_snap,96,2,accepted,,train,95,40,1.328088900016155,40,1.0,0,0.18733217466033508,
finger_snap/p001_finger_snap_0097.npz,bcf509d1370be8224888a6d6a8f55f3fc4610b95a7dc4a5a7f4817d4f082eae1,f1960753ad64250a58590f31fbe54ae9c2a0ca76e8e6ca0ca107dfa6e56de21b,ae31cdeb5ed0cd3ab1c101b6fba82ffbf185d6502d1974178112efda2206eaca,p001,p001,finger_snap,97,2,accepted,,train,96,45,1.487734399997862,45,1.0,0,0.18850636394425627,
finger_snap/p001_finger_snap_0098.npz,9ead9bc4ffb7f5fa18ec55cf6f24f24c4cdf89c6e1e10f9eb4ff9404bf3b722e,c7c720087242ceb278adc39f93ff1ff69a04e87c4584c31c6512d3f6c155c781,020939da5d589ece3851a6d024f7a8cfe1d78968171e01ff11a8e3e0bc313de1,p001,p001,finger_snap,98,2,accepted,,train,97,50,1.664245199994184,50,1.0,0,0.19898079211301728,
finger_snap/p001_finger_snap_0099.npz,11b87bda55b50dbf4c8c914cec7c092b0392ffa0d034272a27791f0f39e41de0,d4c39c6ccd2575b2aa8a460ea882023419880895eaa7abc07a69a435b25122bf,d59df350060b82b893907765892cb89266e362b413320186500367155b556c63,p001,p001,finger_snap,99,2,accepted,,train,98,50,1.6483491999970283,50,1.0,0,0.2085568388171246,
finger_snap/p001_finger_snap_0100.npz,97b1776a1c25578e52388d5a6ffd475b1907f108737ff8f63cc9cdfde3930529,dcc811a668534903cec9bb149628dedd83abe5855887e0156eb085a9522d74a9,e51a60ea3028fa4c6a528006fc6fbf7744b6db118abcab97bf5bd698656c722a,p001,p001,finger_snap,100,2,accepted,,train,99,54,1.7921711999806575,54,1.0,0,0.21153744785575496,
finger_snap/p002_finger_snap_0001.npz,349e21954d7101f62beb29327df59b28299a3cd68b64d5aff63a56a0ee95aebb,f6999887979991a02e9c1afac21a4ef2287ff9dc6bd8e0456f5274e6260fae93,88041bb8f43e07b8eacf484e97903b2e2c35ef0fc77a730883b6e8c6e0eb989b,p002,p002,finger_snap,1,2,accepted,,train,100,71,2.352047099993797,71,1.0,0,0.18964162365573775,
finger_snap/p002_finger_snap_0002.npz,82957cf01cbbdc6dc99d2e635f7f3a904751db53e64f04e0b7a66fbca526a9b7,bb8e996dbc155a95a3c6e8aca41ade3b68b3714b3f406a169e50d481f330bc62,99367627ed2468cae431205cd85cb3dc3de555f0d5d99de6cfa86efa5284ff1a,p002,p002,finger_snap,2,2,accepted,,train,101,46,1.5197662000136916,46,1.0,0,0.23239699455923735,
finger_snap/p002_finger_snap_0003.npz,b627abc4948b08d9e86b28a649c85da9a7e1a9d23f10c664d8d460de1336ec51,db8a3926e00da32a46239bd577631ecad51751b55c66949ba724d7788e45e310,8d9a11da912608bac5ce9e7fe69e9a7466f6130c5731c691e54ee50ba6149b08,p002,p002,finger_snap,3,2,accepted,,train,102,50,1.6641536999959499,50,1.0,0,0.154705393505147,
finger_snap/p002_finger_snap_0004.npz,588d2f7c7f501fffaa423a946a6be3d19bbac459b1d687659f3745a0a5b35b5e,5deb983f76e68c28f4a4be04cb9426135784b36316c9dea14fc711d453798c8c,c52134268b69e16df5eff7476da19c7d7b0f04a11c70855276eb243853ae5229,p002,p002,finger_snap,4,2,accepted,,train,103,48,1.5840574000030756,48,1.0,0,0.17767561898267048,
finger_snap/p002_finger_snap_0005.npz,0dba07b3489e292424076206c81f02fb4ba156a2cf02cacffc4ae4f80af8f1ba,ea98e3e55cfe11f823ab981ef9c9db3d9f7de08097e5f95141b621022dc65f2c,f37407db5e8dd7163cde22f20101d890e3abbcd106698b95a536aea0ba2fa0cb,p002,p002,finger_snap,5,2,accepted,,train,104,47,1.5520964000024833,47,1.0,0,0.11257348299816287,
finger_snap/p002_finger_snap_0006.npz,266089bdd7323e508294c451d65bb8e725f90dc15c824fb88200074bcedf3390,711d12e6633cccfc5bf8c1d14bdcecbbed8d07602fdff70ec09f7696fc5679e2,3d2185d182bcffc0e4182081941a912dc80de809cc661e3110f51b36c780b7e2,p002,p002,finger_snap,6,2,accepted,,train,105,65,2.1597532000159845,64,0.9846153846153847,1,0.1718288277877733,
finger_snap/p002_finger_snap_0007.npz,5a5dc00f2144d6e847eade88432820fd8e12e513f656f214497fbd8b601d8ab9,3e8cf7ab3032f3ddd607da9597bb677eb6fd7a20c0058400e30bca7fb57e51b9,15924340bf102d1eb77173c9c3729d89c069fac2e0c18feb25cd295cc5b44d4d,p002,p002,finger_snap,7,2,accepted,,train,106,45,1.488242999999784,45,1.0,0,0.17917889151768743,
finger_snap/p002_finger_snap_0008.npz,015a4d0878393aaa533eea8c30b4c233bd7d79aa7d2f3e0e77325effdc3573ec,11a7aec634fe35b04954934d55ef7ba827169ff06e0a2c887096ca52fe89c93f,fa289e87f60409e5fb24890c13276ecf66e8c62b5a17fc9f9e787bf778182c82,p002,p002,finger_snap,8,2,accepted,,train,107,55,1.824097200005781,55,1.0,0,0.2103403591235171,
finger_snap/p002_finger_snap_0009.npz,d7ab9eba6078b6fa96b38a02defe2edc79949da9f04df31e1fb1a279d27e1690,84da2eafdf8c14bdf016f673c5ec993adae9f0f1607445ed2e31f1fd323491af,54de992911b1aa3daf35e155c91af5a92a13cbb0ac50d6ab5ec9af02a3e40087,p002,p002,finger_snap,9,2,accepted,,train,108,48,1.5840409999946132,48,1.0,0,0.2684006230305998,
finger_snap/p002_finger_snap_0010.npz,324178dfe89b36fa718201969ce82cf000850982b639a290846076de58c7a06e,f10197d77281c8eea7e02056f8c703d4c0be52031e9cb80452ac51967659b969,b67583af28fbe1d2bdfd86ec6e34f3729642d9bdd3a13e97db9aace03a5738aa,p002,p002,finger_snap,10,2,accepted,,train,109,60,1.9842500000086147,60,1.0,0,0.24941706132461608,
finger_snap/p002_finger_snap_0011.npz,265a91131648df47fe7ce5d5f994d66130b3daf4cead3a1868f2f5a7ba8661d9,872f94b4ca3cbef18947d7ede90ab63351956c2187e5fc32d0a4f0f15a2f86b1,0cb87b916d219a036135220408dbf4ff4ea61b5b1d1582aa0961d8bac9ca5c34,p002,p002,finger_snap,11,2,accepted,,train,110,60,1.983997300005285,60,1.0,0,0.22139399743760663,
finger_snap/p002_finger_snap_0012.npz,db5ddc1f65940a7eaad4171ad0b8f1b39aceb8bfb993ce89503bdae6fee207ca,77d9b14252fb4ec5ac7485e75aa02ff858811e163a5a6932f0692080867f3b16,0a0bfb5834340db090b48ccb3a00b1d3800ba81ecfd1f20358e5193e9c105857,p002,p002,finger_snap,12,2,accepted,,train,111,44,1.440067999996245,44,1.0,0,0.2734915955359144,
finger_snap/p002_finger_snap_0013.npz,9e31d49532e4b48b7b8b1933ecc0c32a9ce5a3abd80860190c798d46431b1ac2,5939944c03b783bf6f88d078b6ace0f087cd334ae185c44618ed82f41822c9b9,fc0e758bb6d16d0d944ae25505c30f21fb5dc8291b906524fdc089195e4e1d82,p002,p002,finger_snap,13,2,accepted,,train,112,46,1.5198451000032946,46,1.0,0,0.15558401945985734,
finger_snap/p002_finger_snap_0014.npz,2b96b12003fb0b319a68035b796158955b2c7b411d4b533fb7d2f8827f959f94,3b96c340057d74ca3486d54014fc060be1ba921bb0d06b363f7f272fb361fdc4,8ba17b94fc7d5bb35e45936e8ec1ebf3174035959ec9b146f14ce9431712bd75,p002,p002,finger_snap,14,2,accepted,,train,113,46,1.5199398999975529,46,1.0,0,0.15520103182525263,
finger_snap/p002_finger_snap_0015.npz,6ada2ba6caf4b2f39efbecf2664c1c6b4d0b0cc67091dcc51b9138905a362647,5321f0837eeced6144115017b236d05a6adf4dd111bdb9fd4b61a4b4740c6f5c,7330936f48224cdaaa805386f9774902b18eee48a807e79943f46b6df9470fc9,p002,p002,finger_snap,15,2,accepted,,train,114,45,1.4880457999825012,45,1.0,0,0.26397594062031465,
finger_snap/p002_finger_snap_0016.npz,ee5a393c572ca6d131f9c12ab819ba3409cf646540cc21f63147915cda314250,344a03fdeffce386aa90b7bb0b08d74e575c8e078717e9eeef7348352a14e329,9f3bcc4ce3f15714d9facf3d7a2f632ad8a8b18548d911730a9b666401ccbd64,p002,p002,finger_snap,16,2,accepted,,train,115,46,1.5042305999959353,46,1.0,0,0.3733002183720907,
finger_snap/p002_finger_snap_0017.npz,956dee0f3fbf163d649f555eb3604f6ff6c7b682245f7bb7377f4ac0c9cbc6f2,4c14311947f40763691ed423d8fea644128cd3a58ea6c9ea7f01e1870e88c2f8,a64cddddb3d7858a5b1f50256768af4e1dc93d6d42d5599872728d7c219a9fd7,p002,p002,finger_snap,17,2,accepted,,train,116,63,2.095959300000686,63,1.0,0,0.3111358794177585,
finger_snap/p002_finger_snap_0018.npz,0cf8896817cf883bd56d58a3ef2a3449d03b8373edc2aa1d0a0d6808ce9ae7db,b42580c8fac5cae2fa921e0bca03c2414e80f3a05f2202dac03f7ec485ff562d,1990498cf93cfd025a37cde02409ef5110d5cf78a55d7680f77c8d7b105b0393,p002,p002,finger_snap,18,2,accepted,,train,117,37,1.2160726999863982,37,1.0,0,0.2565403499427963,
finger_snap/p002_finger_snap_0019.npz,31e4f6e626733e2c21b2cc6a05fec5e48554a853c893503d3ce6cb26db746e68,50501b3cbbb982ad6767540546b981c83943f5e1ca03096435fa2a6093d4f354,edd0263c3a542e4919d657e584438e29dbb5ee4807eaf8bec8c186899c846066,p002,p002,finger_snap,19,2,accepted,,train,118,53,1.7440580000111368,53,1.0,0,0.2600899189239123,
finger_snap/p002_finger_snap_0020.npz,e60c7919c8c0a964ada6ad1f59d91ee50175e8c8ddcf978decbc0c26aabd909a,fae976fe984f4471f137a6cbf2cc2ae836073a6b8e9e3e47f5d8869756d3bb96,1c754a3410b0ca4c915e404cc36a64e97fde61ee9db1fea9be92b0709009135a,p002,p002,finger_snap,20,2,accepted,,train,119,52,1.7281611999787856,52,1.0,0,0.25445116560614756,
finger_snap/p002_finger_snap_0021.npz,c42e299b5661642fd9c9cf24415de78f72aac18c781541bb4adf15af9e4861b8,3ce65ec335d4153d7fc5bba77c71aa0304906760315f4ceb4f4cb55aa40c0d7e,81ef859562c326cade1bd93b80912c59b8200edaba2d292a9e8ccb0917e96906,p002,p002,finger_snap,21,2,accepted,,train,120,55,1.8240175000100862,55,1.0,0,0.2808635768882912,
finger_snap/p002_finger_snap_0022.npz,9817fb3a7d148adb61e0953e68bfc2dc48db378cf16bab3900da04fad0b20560,6fc15f194fb9423f538eb5449ef447115d27af46d74f2fbf957cd673514982ea,a5c9582c24c3e179b8094a943c23e13c53ccd471ba32b4cdafbac9baab034a1c,p002,p002,finger_snap,22,2,accepted,,train,121,48,1.583863999985624,48,1.0,0,0.2649026553185989,
finger_snap/p002_finger_snap_0023.npz,af02d60a2075ec4d5f88e5ac9daf8604717b629e1bf08f6e304d063c215fa2ad,3f5d829ea3ca1744766d127e9c87330c9334afa6d34ff2385b5316f9b43c7656,1d14e088e34ec2e8fa9005b8dbfc671046dbcad05cddc5bfde901538b8a78efb,p002,p002,finger_snap,23,2,accepted,,train,122,46,1.5039550999936182,46,1.0,0,0.43833142159763994,
finger_snap/p002_finger_snap_0024.npz,cd83ff799d762888094f959e9325a67b50e144fc1ca60abe9ec6f363bc31ba3c,a4098fe20a2641b0d7588ab8411181043d93999e7b0bdc6377a0c71840bbf4ad,6b7fd57c0a4e7b0b1f86ea6a092a3ec7436a435ec06cae08e11e3a6d43eefc55,p002,p002,finger_snap,24,2,accepted,,train,123,50,1.6635666000074707,50,1.0,0,0.1786569674433175,
finger_snap/p002_finger_snap_0025.npz,3e593753097ec10e87fac560e24516a0d9d119a5370e25bab218f496eefdf3d1,b53dc239952327cba2d4c2485a13938adf25d5c4617c9f09d1bf3711e5300569,3d319b3dec2fd3a4e7226b79c5b896b4774e56322094a6594f78d90e5427cc96,p002,p002,finger_snap,25,2,accepted,,train,124,48,1.5840739000122994,48,1.0,0,0.26830158902905266,
finger_snap/p002_finger_snap_0026.npz,e56fc2a7e61bbaccfb9a4e8d680ef63b26d5f19bed778f33e78259ed420d5c41,a4c539d3c41c770b0391f529c7d798b271cb79dbff32d1aa0cde59671055c190,3f25a18e7a4b3eecf0915e2815a37211a2028c2b3fd2afd05532552cbf312c3f,p002,p002,finger_snap,26,2,accepted,,train,125,54,1.77593830000842,54,1.0,0,0.27242380001605376,
finger_snap/p002_finger_snap_0027.npz,dcd17645e97b69bb6cf6371bae55848c5312491e39488457e7a92f33a8cbe75b,085158c2524123bba9f3573f799fa0a1166df683ff110f2accdba67d1f196346,2c9c320fccc5050928bdf22c3a291f7e87f7f02d3dfcb80bd1f207b2f1b981b5,p002,p002,finger_snap,27,2,accepted,,train,126,58,1.9201178000075743,58,1.0,0,0.17910246756855905,
finger_snap/p002_finger_snap_0028.npz,87011b827b9dde7f8ea4d875ed4c54ce8831cce174ab3a11cb9d98e20cfb344b,d28a21799b190eb4ce01af99465d200be2afd32fd7e93547bfbb2d7a7ff63253,c51b114ab55ed4a5c5f2840ed22cbbb3573fdfbd6692afffa6452ce5880f9ca7,p002,p002,finger_snap,28,2,accepted,,train,127,52,1.712205299991183,52,1.0,0,0.2849967732380526,
finger_snap/p002_finger_snap_0029.npz,51844dab4f3dfd1cfd9afcd3892d1b10f51e8e51cbdf1be2808882545afbb640,237d089daa9c2205a808d12faececa9f8e98d6a7f3582be675df46f8d80c3d8e,9cb9208b97c441303111f1d656cd671d65b71efb56f15759a304c8f298ca43b8,p002,p002,finger_snap,29,2,accepted,,train,128,58,1.9360384999890812,58,1.0,0,0.1406425056028005,
finger_snap/p002_finger_snap_0030.npz,384b12eb803571ff67cd2e89977df5178d13dcc7458c2ed26aa331d91eecaa26,4d619a53051a13947fbe895d1603c9ac57087dc4d43bf8720c6b7e66a4cd9224,46cb332df4fa8454cae8663fe187015dadec9465f4f30b9ac42a98c8b0866d03,p002,p002,finger_snap,30,2,accepted,,train,129,53,1.7440210999920964,53,1.0,0,0.2842999293775178,
finger_snap/p002_finger_snap_0031.npz,1dfbc3fa58685fa8b471de8115fe79afe2e965988100522174f9dca91d27c920,d14ed7fceb4d814308759c38220e2d8c8d6e5b6b179091b5b8ea523873823a04,2d124fe1e78950b492dbe9ab86222d8f8186de9c0b3ae10acd97470b3fb95487,p002,p002,finger_snap,31,2,accepted,,train,130,41,1.344139599998016,41,1.0,0,0.25956645949133644,
finger_snap/p002_finger_snap_0032.npz,7ffebb14413acc681697fbf4c86a9233b92130effe29fed60d0d9920ae513fb2,e0ff2cd9125d501986701b80d58762685c144a2b4b8f76b5dc1f867c3c6aad57,7db48c911eb5d8ad02600408654839e61d01a7c1563eaaa291a193e416022f9b,p002,p002,finger_snap,32,2,accepted,,train,131,56,1.8561068999988493,56,1.0,0,0.23105862931451415,
finger_snap/p002_finger_snap_0033.npz,d9b34e43db3456ccdfa570c648dce36724b9f3f1fcfc77446dd5f755730b8752,b05accce1d3716798b66551a1ca3ddbe6d962f4d182947fcfaa3c47f6b78cb00,3ca5157ecca3cf5a5f06d87ae2bd066ffc7badfedb6eea7675ae8fe3153fb5c9,p002,p002,finger_snap,33,2,accepted,,train,132,48,1.5847913000034168,48,1.0,0,0.17286988186698593,
finger_snap/p002_finger_snap_0034.npz,347984670d39a4817e121e9697758cbb34f0744055ff5d9eecfd08ae9d888590,a7759e343d74322fbfc4449ed2b42421bd4ea5c211e8c0d75d2b24fbdfac2fc5,b3831e913600754dbba04e2f08cd4d4722ddf50765a3687a29cbb63eeb12059d,p002,p002,finger_snap,34,2,accepted,,train,133,48,1.5839800999965519,48,1.0,0,0.26504859108594325,
finger_snap/p002_finger_snap_0035.npz,fe52a924655124e20255a3edd72168e51268c5abc8f347531cefb669b507440f,9a648e644297511eda05cf370047bb3cedf9033b4d9f0633a263cedc49243c11,6c743cef48d388fba2bdfe72e0234799ed53cfbe4dea9876791054ecb4009632,p002,p002,finger_snap,35,2,accepted,,train,134,49,1.6158942999900319,49,1.0,0,0.22732893446166547,
finger_snap/p002_finger_snap_0036.npz,d9f4d5902ffd2a099ff25d0ddbd9f67595783296b5229daa428b9c1cec46e850,e406d10fa883721625c0c1425e61c47b9db4141234f70e2814aaed537535e081,471e5bfe7dbff42df2281202a782a8b4bcb0b0cecace4b89501ba45ff53a5324,p002,p002,finger_snap,36,2,accepted,,train,135,36,1.1840493000054266,36,1.0,0,0.21687581068901512,
finger_snap/p002_finger_snap_0037.npz,cc43c10e7b62c65133cec980369ae396db7553129bce2938e738a58a3a2f7ef2,76c78f188db520938b04c948435f323eb99993060bcb8873fe00f9e141cfbf74,f4cebcbfb62863dd2521c143647d6c3cba6fd27c5ad2a318b4edfd6b1f9c8a46,p002,p002,finger_snap,37,2,accepted,,train,136,59,1.951936299999943,59,1.0,0,0.19638529959798126,
finger_snap/p002_finger_snap_0038.npz,e07b365fbcdd46466a890b4fbb103929f4e5f89fc0e2c1f94915e6d19fc7a81e,33fd6d4711aba50bf7e5ed8dee27619c9001040e8d5e738c5569d41d09a3047d,5eef84b4d4ccd6f07e32b306a801cba5e69807cdd41ca5fdb80896f58df00933,p002,p002,finger_snap,38,2,accepted,,train,137,53,1.7600476999941748,53,1.0,0,0.17966353534611518,
finger_snap/p002_finger_snap_0039.npz,819497b881a507783109c63e88022ae216fd381879e8fe349db4e9778113a6d3,a81bf4930f5eb32b36b0aebb65669434b804477060316a1cb52ec8ba496e2759,1e9e17217424b7cfb208e8139b9a831a7ce5b6fea09becf89cb921e08effb17c,p002,p002,finger_snap,39,2,accepted,,train,138,38,1.2482120999775361,38,1.0,0,0.20762872131092086,
finger_snap/p002_finger_snap_0040.npz,8d53471a7ef356875aac72c67355cd56fbe1c7dd2cfab0ebc8addd9ec814ed25,236458c6e954bb0cbc027de7c3c96e69dd8a6ad948c3816c344744baba9a541c,9ad60ac67d97601018883574349fd12db05805affb256d01daaa2134ea5bcd22,p002,p002,finger_snap,40,2,accepted,,train,139,55,1.8240379999915604,55,1.0,0,0.20031826379692974,
finger_snap/p002_finger_snap_0041.npz,9b0765228a8d7d64345661b533b77bdb423e3fa09c475e1fc435e9ab117d0cc1,a9acbfbd7594f8574aca598e29f3d53c348f86de083cf13b85d003c7b6142578,7f0c1d7bda1c0938737ae5111903c40691de16d7b517eded68f5dfcfaeef5ec8,p002,p002,finger_snap,41,2,accepted,,train,140,49,1.6160601000010502,49,1.0,0,0.29134194579662287,
finger_snap/p002_finger_snap_0042.npz,ad10af2992c826031a5aed59b8274e2b747c0a1f6c1573f45f8d318cae78a5d4,5e258bfbe662c4b4b487909288cb0066e33f36b1c7981644a7eb63e00b547a0d,a91097a951c585bbc152f9db5a65cfbf851996c6aa5e61c73910993627883348,p002,p002,finger_snap,42,2,accepted,,train,141,57,1.8879689000023063,57,1.0,0,0.1543359099392198,
finger_snap/p002_finger_snap_0043.npz,61ed76e95a6e9bc70eb4f1a8ec3227fc85a3454bb04d17459962e19e294767a2,6d39aa733546403176dce80be87a1aac09c15a2895382665c315bb4f37d3a751,0b45d9ff309d07f49c6efa3c85118011a3a7022076848b7d1aed3fd315a61b8a,p002,p002,finger_snap,43,2,accepted,,train,142,42,1.3920482999819797,42,1.0,0,0.3248713067155869,
finger_snap/p002_finger_snap_0044.npz,c10ac26429b2e5a479d823bff992d17ff5c9bc1581153e3809cbeb59ddc29057,4a04a61b6c2fed393714276a50b5a57f5ff3c8eaecc25e4f711bfc235e7f0a66,c9ca7aef58ff608a8447108fa4bdf7d95b61fa2033ba15f927fd2ae18c728f6f,p002,p002,finger_snap,44,2,accepted,,train,143,40,1.3120261000003666,40,1.0,0,0.25999553546312965,
finger_snap/p002_finger_snap_0045.npz,b72c1998eb42596029e8ebbb0ef2d837b00e435e7e53a4080f7eea142d6e3639,997d363f9933286ec10b2a8bcbcdf3ad29d9a7a70453bea536d68fc018956685,84b15f20ccab57c342a928ac7cbb85e12030310ebc8a89148c171bba03a0a103,p002,p002,finger_snap,45,2,accepted,,train,144,37,1.216146699996898,37,1.0,0,0.21078181629951673,
finger_snap/p002_finger_snap_0046.npz,c46a204c995b7addc70f0c50a5abd72e626dddaf76b8e4791dcc4965c64692e4,2d58dc65b73402476cf69b0b0f2c913d5e22fd89194811553f273584c0edb796,37b3b67001cd8f1ae71e669f2042158595698061465f4fe0771c660acb45790e,p002,p002,finger_snap,46,2,accepted,,train,145,44,1.4398713999835309,44,1.0,0,0.20776167646821087,
finger_snap/p002_finger_snap_0047.npz,1ff8fd6b609a5a50cabf57fab3f0ceaa3740cb6ce6c378d84d47719c4c78cdf1,d54acd1989bc9cbfdc4c579e88a8bdfade6cb48d9050fa58db86266a708d6c9e,5913e2b7c0f0f205b69c11f0b1baf192286083642b30ab948ecb9451201926bd,p002,p002,finger_snap,47,2,accepted,,train,146,48,1.600149000005331,48,1.0,0,0.2875550304883253,
finger_snap/p002_finger_snap_0048.npz,c488fa4eba5e6d3dd78859f4e7b36166f88f0abe720dcc8a734a4887b8c34509,bc84816b51f6e80102c376fda2998de357cfe205ec4b6c5017cc0cc4abdcc4f7,7fc8dc575af1d617a2635c99c5f78281a662b112cb1e34d2e6990377c3fe5d98,p002,p002,finger_snap,48,2,accepted,,train,147,51,1.6960074000235181,51,1.0,0,0.12693563142886063,
finger_snap/p002_finger_snap_0049.npz,776a7d8a42f61e474f4c061f4d39800bcbd0c687589dd428571bb3abeae91f13,81a2cffd90af8881961d3e2e178e060a1f2e9bebe5a3924fe9b187f1f8ed2b8f,7753108be23665dc7ad28d9e52bffc6b8661fa269f1151e19873959ab045d976,p002,p002,finger_snap,49,2,accepted,,train,148,73,2.432126200001221,73,1.0,0,0.3278638999622726,
finger_snap/p002_finger_snap_0050.npz,e88c5e44dfc7b47d92b0f2f940596e88735b8ad841527b7d4ab99d9306a658a7,7552cbd27d3e7fe19254bcbde4955068bcff2aacd7f5152ee5e62f8a1cd2d818,1c08261890bc9351949616740d933cfcbd428620bc724481d0727bf6a3ca94af,p002,p002,finger_snap,50,2,accepted,,train,149,42,1.376090599980671,42,1.0,0,0.21889882004181638,
finger_snap/p003_finger_snap_0001.npz,f3d26be3c824ddba3793dbf8966fbcf83b0ba6fcae201674c19e6e5fad752206,f377673b94c5d711e593af1990fa44b5ffa3e616e6c325eeb992a85d2ca19fae,16838f092666ce2f77e9fd0ac98eadc244e2220dfd05b944a9f1a44f0b6dd144,p003,p003,finger_snap,1,2,accepted,,train,150,42,1.3767569000192452,42,1.0,0,0.14759702238854228,
finger_snap/p003_finger_snap_0002.npz,55bd502d29225f633c36e1af8bdf792e1dac6f142a6c9e40fa4143703dae44b0,30131674b51f627d42141b8b066ff96a4283f885783484cbcbc3fd198380d439,815bdcc6802859e23a6777ca3b5ab2dac3feca8b0b849050da17a0e891c3b58f,p003,p003,finger_snap,2,2,accepted,,train,151,40,1.3122730999893975,40,1.0,0,0.1614258005082342,
finger_snap/p003_finger_snap_0003.npz,4667fb7f99576ab6cd467c4e0b7d4d7847fa87fdf7261b45688fb608ccc19421,624ad227b11c05f4bf58e7ac1b5d9a5f2fcf3d367ca77854e7ef4c8c6a0c1a86,caf6e38e1b5c9592d3694885e3f4a4f6a23a26440d57b7c1195a16d58dc7498c,p003,p003,finger_snap,3,2,accepted,,train,152,43,1.4082224000012502,43,1.0,0,0.17081848556546303,
finger_snap/p003_finger_snap_0004.npz,9c3137b3ca54f83ce72eac64933db5ed17e19dc9cc800e4ae3314a75d21b99ca,53e7c3423eda4062372201f6f7077d4a715ce422b2f3017337e4ab237c78dc24,92279a2b0fc49c1bfe34ba878942cc20bde20c7a7dfb0f0a113b16edd8d270ee,p003,p003,finger_snap,4,2,accepted,,train,153,43,1.4236560999997891,43,1.0,0,0.32077847805103066,
finger_snap/p003_finger_snap_0005.npz,fe38416bbf2dffbc6ace483156f64df03f1aaaea3ded14d94dae948c514f80a3,239aeada8e20ba7cdb679194100e79fed568de8ea78d70e7ccad1972f6e20339,ba4a88dcc72252e33e2b59599689ac17e92ad027dca1ff2bb053354cab2dca19,p003,p003,finger_snap,5,2,accepted,,train,154,33,1.0721184999856632,33,1.0,0,0.24832146004145134,
finger_snap/p003_finger_snap_0006.npz,0a82912d8deb34eb57164e53d2d034ee80d1ab40bca0d18a0c59ef66854f0f32,4224db1cf6d611395068291babcbd38658563416b21d2e19bf2634be099f16dc,7a6ebe0f42bd046af75ae162c064f3ba0d65e5ee26cb53b1552738e5c43f468b,p003,p003,finger_snap,6,2,accepted,,train,155,38,1.247135799989337,38,1.0,0,0.16994211026203868,
finger_snap/p003_finger_snap_0007.npz,cc2e0e319f18e6e919eb70b8ce70fe9c5ca9137384a5fe5fee686d8f9c195371,816fb3fbf6fbb882140256062a39339015dcd859be368586291d939e28b56975,4217eb8f7e9d12e94de25eddd44f8dda3ad61ae8266466d4d2eec690272b023a,p003,p003,finger_snap,7,2,accepted,,train,156,37,1.2157511000114027,37,1.0,0,0.18180511848203107,
finger_snap/p003_finger_snap_0008.npz,b2e1c185b81be8dde2050663b189d742ca13cf16297b70befbb8b271f12ad90d,cdd34bec019e4fc3ccc2c508885593533791389c0e0ec6813c252b49937fabac,ba3a0f5d802e4811f21819a51dac154c9e7c78fd61a12af644e0b63a8111d341,p003,p003,finger_snap,8,2,accepted,,train,157,33,1.0881534999934956,33,1.0,0,0.1755480946901893,
finger_snap/p003_finger_snap_0009.npz,073d8c30997da9b27d28301d24396781f5885d0c6c98619eac4856c250f69b46,06c8696d87fd6981f4a42bcba67ae10e43d1f9e2a96028667d7cfdf6b7daae4f,ae29359d5c6e47d760a5514ce1d9ebef987653be69d148a44c65b2917d409317,p003,p003,finger_snap,9,2,accepted,,train,158,35,1.1523142000078224,35,1.0,0,0.19637825325869998,
finger_snap/p003_finger_snap_0010.npz,fd8a9e344bc73d4db9f0bb7c743b368d2f12128b4f35c586aae8e1b4dc4af30d,ad4d8173da362ed3ff8408c3f48197317f8580af6ce0201abaee20f2a4c09ed8,cf570d6346e34df20f2688b7f1d7bfe4902a1bfada678724d824be7bee366f98,p003,p003,finger_snap,10,2,accepted,,train,159,29,0.9438690999813844,29,1.0,0,0.1865179166541858,
finger_snap/p003_finger_snap_0011.npz,604221a297868bce6780da124c80de0b63689dd3551d97b23e9a6d09dd237764,cba210a37f000dc5f67d4f72de1b91cfe58ad06747f86fa84165200a14ef228b,f064172cf35931b93f6c55ebc6a4bd8ddbc00de1b66d2f72b45ce908d296de3f,p003,p003,finger_snap,11,2,accepted,,train,160,31,1.0081721000024118,31,1.0,0,0.19556894217739149,
finger_snap/p003_finger_snap_0012.npz,92c10ae763ddb64cc38aa886d88768aab3427d2d7dac51a4d9d02d031d6a7a06,e5f5018eef2aa38c62528c0f8279b56f90833c2b345b4e04894d141da119c5ef,2bc66335f410383305908bd72387ce767a71d54e6e51cabcc579a791b23cc87b,p003,p003,finger_snap,12,2,accepted,,train,161,36,1.1831096000096295,36,1.0,0,0.19683306078090396,
finger_snap/p003_finger_snap_0013.npz,b9095e34fc350bc745f148b51d6a8b1b3a8854f2f5d3280d7c45fc49b5c113e2,342bc41bb5fd87437723e2152d1bd5ebb33f02c091afa34f9bc187a36451966c,20bf8432a3a7e0db93a1e9f8076709cf859cee5fd9a21f76d475e882100b2be9,p003,p003,finger_snap,13,2,accepted,,train,162,33,1.0880598000076134,33,1.0,0,0.17820837760856648,
finger_snap/p003_finger_snap_0014.npz,2944ca6c8c968cf4bca0ea91cde524118e523de323d5304a133feda35e4b8015,56262dd7e5aa0fba00a572c6f3425232d1442bc42e1f60b9799a74b89335d307,90576d396188b648b28211375861e46589b16a528a171cedc51ec87ac01358ca,p003,p003,finger_snap,14,2,accepted,,train,163,35,1.1523653999902308,35,1.0,0,0.1939342240172563,
finger_snap/p003_finger_snap_0015.npz,b76ccd3980aa5bf5dedb141a5381d76729c370833c3bfe12069981ecee32a35a,6cb98d81fcf0854d8de32e9cf20869984f1f70e0ece5b11441b034a4a526a5af,d38c5f2722a7ba75a1914b2d93bc6870c1b60769ce14b236311113e6c8b617a2,p003,p003,finger_snap,15,2,accepted,,train,164,33,1.0882548000081442,33,1.0,0,0.18912073544254646,
finger_snap/p003_finger_snap_0016.npz,1cd65b2232e3299ff7cb0db18c470ed3cd5f5f17ec48bf151f5dedec070488af,4d1c8f045fc51b2997da9c75bcf05cdb0ed8c54afea76c38b520f9a0de24bec4,721ba2fe8a54bbaafbae8820a5c8b85f0d443059cb6ab685e8dbe853dfe459ca,p003,p003,finger_snap,16,2,accepted,,train,165,26,0.8480362999835052,26,1.0,0,0.17007797923689255,
finger_snap/p003_finger_snap_0017.npz,8dfee8226c32fd6d5cb0e28b413afb224f509e7deea88c5d7687f31f788d0c05,3e048f8dfe5c654bc437656f8329dc252542368a8dcaf39b2d14f14cec1a5994,13140929368134495232b5c9f5e875472397e3e23e3abe138c1beb887588e9d3,p003,p003,finger_snap,17,2,accepted,,train,166,29,0.9434043999935966,29,1.0,0,0.16195292203630574,
finger_snap/p003_finger_snap_0018.npz,e6adb8912230e1e168fa770b399f5b1b0244c9d4739de0e47e736c140e4a109e,6f722c1a52dbf50bd6e558d5069ead526c09e8a707040eca935b102f19a3870e,bbee361be4fc77a3b8dabfc51db2be4516f16e752310edba1812173d7329cfa4,p003,p003,finger_snap,18,2,accepted,,train,167,31,1.008763199992245,31,1.0,0,0.17505658025454351,
finger_snap/p003_finger_snap_0019.npz,ad04c37e2bcf4d7723656d7d80548e7375ba37f2465c4f29c3e56a322b0f9ee2,8379c2fd9ed441cfbe16ee81547d1f57bf2d6fdcc31833d031ab69b8a3240b48,becaaf0d93cdc2b4a7b5b1748f79f14e7dd71c6252b0a83051a7a02c01d60af5,p003,p003,finger_snap,19,2,accepted,,train,168,30,0.9761591000133194,30,1.0,0,0.11559441556563237,
finger_snap/p003_finger_snap_0020.npz,5dbd054340751f7e6e1c217a2b4c7a99b47875064860975e27516a8c926bc6ec,e4f147a2a48056a0c9123ae0ec486b5ed92b16121e6a42ce19cb6897ffa5794f,9a9095d87c3f59d0c79f9c3324ee35796249078182d019cc41f0979dc631e4f4,p003,p003,finger_snap,20,2,accepted,,train,169,35,1.15162920000148,35,1.0,0,0.12371630094586296,
finger_snap/p003_finger_snap_0021.npz,a1a3c2cf1d459bd80954ac9ae9b3f1f707b2251be3763c491c21406c82b38dba,109245aa5c7b321ba94662732878a43a7c2953e354bc55286783f886c342ecea,dcd97ed3142258d27dc8d179101be4b04745cf7acb43b26b8900f732fd22cbe9,p003,p003,finger_snap,21,2,accepted,,train,170,38,1.248200599977281,38,1.0,0,0.13360129254022074,
finger_snap/p003_finger_snap_0022.npz,42820d6750394b0ab367f932b549583fd43e32e84ad5827b04ccb9f5b0133f61,47d8b30db4aadb260f53dc5c6165d522e78ee9a3c929e89979709f16da993d81,90c716c92284fdcf240bbc8f3c5f8157dbff032c3de7d8df1296ba712dc9213a,p003,p003,finger_snap,22,2,accepted,,train,171,34,1.1039349999919068,34,1.0,0,0.1515465235474766,
finger_snap/p003_finger_snap_0023.npz,212480a7169a1216052104629374c89f527ae83c7af1c911dda142fa3b37dd5f,0f9da69339d76339d54f8473bbaa3e5e22bf7472165bbbc1f44347ad7092681a,b1b118e6910a040ff98f52dad374a85c4771c80e3ac84c135db82a34bcb5a027,p003,p003,finger_snap,23,2,accepted,,train,172,30,0.9757265000080224,30,1.0,0,0.16234260981778656,
finger_snap/p003_finger_snap_0024.npz,4a596354534723a307b77e2bc1538f4f7a0a56bacaf9d8cfc48f9ed2a9504d98,bbb26519203c6f3b7353a0cf529a061253eb173115ab396ae4dab8ea22c815ab,1faf64d66015a97530ccaef1f9220d696141b6c7277f59b0094c64ffc5f4176a,p003,p003,finger_snap,24,2,accepted,,train,173,34,1.1190410999988671,34,1.0,0,0.16224461059256465,
finger_snap/p003_finger_snap_0025.npz,bc137a29214c6498838134a267540643e2a777e8f91a1b53e4e5b26e8ee0ce23,edacaa8819e4d01d86c145eb0ec408412f97c36ed5df2f3e4ae47e816efbd425,dc5be8bc3d12071cc9ee4b2f41b011e790405b756b9ceb5c8b943336bd52d16a,p003,p003,finger_snap,25,2,accepted,,train,174,31,1.0242814999946859,31,1.0,0,0.15762473524470014,
finger_snap/p003_finger_snap_0026.npz,5b014b5645328a66aea800b502fab9dbd4a67d2bd30c57c401f77090950a69b9,93da14f02a15dd86a26ac045d3d81ec67ccac596679e4037fb1e884484ed1e47,d52f39e6fb1ac4ae808c0812babfbb294ee2351e321db3c2801fb11bdff2ac31,p003,p003,finger_snap,26,2,accepted,,train,175,32,1.039917600020999,32,1.0,0,0.2700551403567849,
finger_snap/p003_finger_snap_0027.npz,46fa1db181bbeab7ca9c45e7ae15e2ea8ba90392e44b1c103bca9df986a7f70d,f9aa98b628d4054d953e6744cb4548e54a744134e884312c30e17e77a409c265,4c0c01a43334d3179171369227a3cbe482ce7c35bf671fe53a3737aa363499c0,p003,p003,finger_snap,27,2,accepted,,train,176,35,1.1525418999954127,35,1.0,0,0.24479679505244703,
finger_snap/p003_finger_snap_0028.npz,8f1ab96556d612b5d95e85b18277ce9c818da7b869fd698dae568b5e4e805311,a0aaf33a20fc4070fcd4c7c7f3618ad56886f7502f451ccccd72acf9ac67d907,e0898c8fc543db3e6763c4b10d9c4061a4ab856358ca606e7f6475ecb4d82004,p003,p003,finger_snap,28,2,accepted,,train,177,35,1.1517638000077568,35,1.0,0,0.20397640015110174,
finger_snap/p003_finger_snap_0029.npz,dfffb7867c871a2bfc47f8b631754f86a7cbcc1b8d191ccd93b98636477f0950,0cf7d8da29f7094c2848de0bb7e09fc57368e72114abb2a8509fc0f7fc8e2705,d7186ec8b1b7b7f0eb134d3b31d94d5e1d671e5c72a7aa91e2e342ba2acfcd74,p003,p003,finger_snap,29,2,accepted,,train,178,32,1.0402845999924466,32,1.0,0,0.22063509932936987,
finger_snap/p003_finger_snap_0030.npz,cd22ec9927e4236b17db295e0273962b711e2443aa042459cf3a9efd5e8b5397,a5d1548f707d1b539de950e156bdc1361a677842f995299913f94a2edb2f6e77,0f3d0d10a18e7bab78d9e3a38452162769f6263d3a4eeede2dfe086689ce6da6,p003,p003,finger_snap,30,2,accepted,,train,179,32,1.0393085999821778,32,1.0,0,0.23217874499342656,
finger_snap/p003_finger_snap_0031.npz,dcb91635cce2a3f21388576f3ebfb45d273a7a525b11452e9f43b05b247aae95,2a02e5a1a3ddd1d3784cd03587c8ba5238b50817513f833cc9e2667ad98a3166,121e3580da9023d483ff016bb353ae8529ed783be3828b1f01f902236c2a8b8a,p003,p003,finger_snap,31,2,accepted,,train,180,31,1.0068628000153694,31,1.0,0,0.18455668552620552,
finger_snap/p003_finger_snap_0032.npz,7b4d030dc88066529c6877d2b919ccb8a5f193fb0b27ce21d125785d11ba56f3,4d9003a336a6d817528f14c173c4fa71dfb4265b0e2203c616ab2ce3ffdb6d91,fce691d676b3639461a77159f02ee5c4055c0b8f28959051437514245429e8ed,p003,p003,finger_snap,32,2,accepted,,train,181,34,1.1203206999925897,34,1.0,0,0.18770588767134927,
finger_snap/p003_finger_snap_0033.npz,42b6f6d810a698460079920ff1cae49c20fc47e66fa32fa6677808666bebc244,a3e4a77ac2490909731e5e22f1a96ef70b2c64d7b807e8bf6ddf4ae8ce0fa06d,7d8f791ffea9609873181d6bcc61303097fa278df8c6a30be0889eea03fa7f87,p003,p003,finger_snap,33,2,accepted,,train,182,36,1.1838696000049822,36,1.0,0,0.20206177129449682,
finger_snap/p003_finger_snap_0034.npz,9dc46bac06185af59769436f768d9856114b65b0c2f82628b3a948019b23adac,c3a9c9dff5b9550c6f34725a9512bf54597528bb76ccd1cda6085a94a1b090bf,28eec01e794f1e3f431b6ece3291438e4b2ec8276114dbf15e8944d286395126,p003,p003,finger_snap,34,2,accepted,,train,183,34,1.120299599977443,34,1.0,0,0.2074663581830336,
finger_snap/p003_finger_snap_0035.npz,43c90085e79b57b2ccba08bed31bab34a9e5959c9dd2a28eeb1ed2977b4d22a3,38602a8d0980f215862ec83d62eb6dac7c6730ff98d0db3d064e0945310a52dd,010580620f034e4e40e7955dd082b37d116eeb0fc53d8e09a778e28ba137ff84,p003,p003,finger_snap,35,2,accepted,,train,184,28,0.9120552999956999,28,1.0,0,0.17283565786611893,
finger_snap/p003_finger_snap_0036.npz,45a8a5819a9f8390c3356d0f76ba6a956cfb46fd0e684edb049a056aa658850d,7cd635127a5d04e3ed5e1fc4ebf0dbaae6bb86f08f6640c16b81ccdfa51d6458,d2cf29775ece3d4e8b8644a8bbc7d732849cf13424743bfff937bdab2d8d2ca1,p003,p003,finger_snap,36,2,accepted,,train,185,27,0.8801453000050969,27,1.0,0,0.19139007370414401,
finger_snap/p003_finger_snap_0037.npz,4bfcd17b209c364753159cca41e06853e866e6c274c48bc3a66345b0f99001d7,f1cc9f44030d191f3175595aa7ae538d2c587166e857e409ded912609d49dd19,8740ad8a05c5a284f6fa7400ad925dca535a0ca374b8996f95a166cb5fc385e4,p003,p003,finger_snap,37,2,accepted,,train,186,27,0.8635464999824762,27,1.0,0,0.1950443108470662,
finger_snap/p003_finger_snap_0038.npz,c2e3065ac6bb7d46342a1b5181085645c9cff85a88dba3c65e559ed599402400,30306c770003a28a7cf881e11f1ee5f8b2e5a83342546f77e86f47f9c352f629,c60c5fb9a027f90b505006f57de880688728f61ff96042cce0972f61c148fedd,p003,p003,finger_snap,38,2,accepted,,train,187,23,0.7520029000006616,23,1.0,0,0.18453928684449902,
finger_snap/p003_finger_snap_0039.npz,07dc8977c0e97e74829709d598a87a0916e49f9b68e958a028acbb74ed64bb67,772c8c5d5a161ac8212deba4be8094765e691c1c8bb680fd0b0819fc15a2767d,f86468dfa3d07c11c22aba290fddfed3e91a0daed63f197a8aed38c69c74bf9d,p003,p003,finger_snap,39,2,accepted,,train,188,25,0.8005174999998417,25,1.0,0,0.1976315722601795,
finger_snap/p003_finger_snap_0040.npz,f171a1e0b735b7c4262458988f4c6132623e72a78783d2c10334b933fb59a8ab,25348a496be17d308491af224e3fd8e7ffafdaa7f1a578ab86d520a5cbc618c1,e9e5aa684427f1ccb4f954cc5ceefc9bef388df06a623e131e4d4422cca7c625,p003,p003,finger_snap,40,2,accepted,,train,189,26,0.8477045000181533,26,1.0,0,0.20565621727857852,
finger_snap/p003_finger_snap_0041.npz,ee451038b26b9c7144ca8aa814db54f6c567bebf9abadcec1fa217429e86ca90,212e36fd684e136365d5a7785884b7c5cfa63415fe80fb0b89f426c7a591c48e,fb0b38cf16df195e474dfa5589a78e90401775334f805231aac2c1290bce5706,p003,p003,finger_snap,41,2,accepted,,train,190,28,0.9123533999954816,28,1.0,0,0.20487448466640157,
finger_snap/p003_finger_snap_0042.npz,93b5bf2fb71321a3ddaa2d4a00dd96d8ee8a8b588b6c7926d22776c5b7d50413,4b1f95c36b1fa4e01e81d21abf7bd082d888e82141553a6b0ade714f85e554a9,3f5cd001c96b903fc2ad3908f21bc38d794fe69a15419ad0b960570476c914b2,p003,p003,finger_snap,42,2,accepted,,train,191,28,0.9112479999894276,28,1.0,0,0.19082837534026087,
finger_snap/p003_finger_snap_0043.npz,3fe9428c440bdd7bda278b39e188dd40b3709a9296430030550760030186a17e,477a063d58f01553ce092744280c88a3d6ae7b02d5bfd839e3f624cc3fd96924,4059261a7f28bd550bf151550fe58dde0bf02a3bbe042f70f2de71c76b34c239,p003,p003,finger_snap,43,2,accepted,,train,192,28,0.9117442000133451,28,1.0,0,0.33613990639823876,
finger_snap/p003_finger_snap_0044.npz,a27ba5e7b99293187fd7b22d7cf7f36d3a4870a2ff0e851aa2e3dfd232f3f274,d73052c2cd52fb77d6b8dc6365939ff339aa641c539202eeb4eddf7f24bb4f3f,8166494c9238e9379699455adcabc98e4097be264a207b0f8568c40e93ec753a,p003,p003,finger_snap,44,2,accepted,,train,193,29,0.9590440999891143,29,1.0,0,0.3145655948294946,
finger_snap/p003_finger_snap_0045.npz,c03aaaab3b9a823891ec4b90c926b1ac77a255256f3954fbb78e57f2496c8fcc,6e4508f9fa1c1c50ea5c905c66d5d11c91cfd3b920035f5a768c901a957a8ec5,27b94f619542272834f3c3bb204c9b220870ebc5469c51d97667506c0e71a5aa,p003,p003,finger_snap,45,2,accepted,,train,194,30,0.9756504000106361,30,1.0,0,0.32752328628185856,
finger_snap/p003_finger_snap_0046.npz,8040c2d37cbc59cd9b80fda241c0c131c27ba52b1a884010020de66efda011a4,9b799d3b3fefa04472c2e995b0cb2467d7d017c0668d1980e4b08c37b2190847,e42f3989558a9fc2909be57819795783e4a2ec0eeef488d14ec2d06cc2a0a41e,p003,p003,finger_snap,46,2,accepted,,train,195,30,0.9759354999987409,30,1.0,0,0.3349275708150101,
finger_snap/p003_finger_snap_0047.npz,15f27f6528d342cedee96d538007983d5b82086aaad6a05ecfd967e03cab364f,3fb91e1602d47ef3506ee7356555d7d624424bd534d0ba6d60bff66b04bfd1ed,03a475bfdf7a603ae76ccbe6f7c738df96e405d590ed91f2c12e62a3ce2e212b,p003,p003,finger_snap,47,2,accepted,,train,196,29,0.944195199990645,29,1.0,0,0.2684037997596248,
finger_snap/p003_finger_snap_0048.npz,775201f1cc2acdcd120a1043fd5f77c1e440fee223b3a2ee00c3f49f577e282c,241c01b803ad4d38312510a593e689888a41e4e3b87862cc7c0de0ed22851c03,c9f0c3e5a0baafa015a0f5926d8ac4cb8cfb20402c7eccabd2cbc9e01533f32f,p003,p003,finger_snap,48,2,accepted,,train,197,27,0.8792684999934863,27,1.0,0,0.19986256408639227,
finger_snap/p003_finger_snap_0049.npz,32f0957c35771c67a7a6948c7ff26b71ba28e838a048d70ec730760fa31da395,4141cd50bfbd9740078beacc8ef7d5c1cdd61b94f73f354591a93674856eda7d,c4ab5730f5e6c9744c0c5488f6ce4dd4a03a4dbbe793a3f8ba9dd0efe878ab24,p003,p003,finger_snap,49,2,accepted,,train,198,25,0.8163223000010476,25,1.0,0,0.2126874965753837,
finger_snap/p003_finger_snap_0050.npz,4c55689f83f17790fddb048095a9f7385b326358ca3873f6206960f89c8c93ab,5ce60a1884885cc95b850a3d3c9e38bcde965afa9f6d62fc5b27465795edda5d,ccdbdea75c5bcf2511ecb7b03de6a3873705fdfddcdad03c2dcd644088886694,p003,p003,finger_snap,50,2,accepted,,train,199,26,0.8479707000078633,26,1.0,0,0.20952336056811038,
finger_snap/p003_finger_snap_0051.npz,0b3bd8d04272c0312b1027586294fca35e3f6f2c9f8470d11ac008025664cb41,f53c5cec90b23aedae04464c3b4040b4a33e8892b432448279690a071cf1c292,d3528508bbd04e65e60c73ffa7c1aaf80f25b0d959c0dd357d05cef75abf4c4b,p003,p003,finger_snap,51,2,accepted,,train,200,25,0.8156707999878563,25,1.0,0,0.08802337161793679,
finger_snap/p003_finger_snap_0052.npz,6e3b46cbfb0f77b0dc90cf34819a240a75c785cb87b96e19a2494ed4d8125f13,73e0fac3bcf84b08d46e7a4d113ce98fd873288e9a81dbd408ea8314dd0d1b17,d4529550c5302b618a9b8235d5e73c456c961e1a14fe7c4c9444bb595698ebb9,p003,p003,finger_snap,52,2,accepted,,train,201,28,0.9117248999828007,28,1.0,0,0.1156100848196912,
finger_snap/p003_finger_snap_0053.npz,3d0309e873d55ae4bc6c0b0407d666a0a8b606eb1925ca78f55062255f19dd06,587d7de461ffd3bcc889518f22a81a39ff9ae89dacbb5ee87782932f45549131,38d3679d67c92976c597f08345aed2174e720601e3cde790db308489dd1d0513,p003,p003,finger_snap,53,2,accepted,,train,202,27,0.8652681999956258,27,1.0,0,0.12380581166327835,
finger_snap/p003_finger_snap_0054.npz,553bfe7b3690431c9f94d0b8c2fadb84b0785bac4a76025309e217a754753ffb,addd369f023c7e39dd1da1e4bb74182640b382637ab2cfdddd7279667321bccf,b8d90d4e5ed48e7d49bb8e7f23a52b0a514e854562284d5541d3c02e9b6d710a,p003,p003,finger_snap,54,2,accepted,,train,203,31,1.0225229999923613,31,1.0,0,0.14417587955321332,
finger_snap/p003_finger_snap_0055.npz,e999cf17573df27bdb79c5d92ec99c5b29f2473618dcd2c579d74a5b7c75e2ea,515061340291c9fc5027c4aa8436b0e631bd88b500470fad9b1d9c84f196bfe6,4995635437082bb95ae1a7a7fe42c6716af84a2fde28883df1a5d2574148f9bf,p003,p003,finger_snap,55,2,accepted,,train,204,30,0.9765025999804493,30,1.0,0,0.1449430939767003,
finger_snap/p003_finger_snap_0056.npz,f30290fbb390ee2c60f90797b73215d2cb7649b61c87799e779787a97fcfd32e,8769b2e40d209e54b55b8bbff1d5f42012bcdf9324f9f5bb5287f2112b2b308f,bcbce5f27073bc78b56dcf4f5567eb02947ef944bcf717743af52aa78bad3e23,p003,p003,finger_snap,56,2,accepted,,train,205,27,0.8801472999912221,27,1.0,0,0.17642438060208984,
finger_snap/p003_finger_snap_0057.npz,73675ee34f60996778cacecd569159aa14f73bc769c7fea9cf06f0a84fb1ae2f,9953e5d23d33579cdf0ab7c481de22f7ac78c347dc0a62e7ba145b093d9ae152,8dba8d3fdb0f06dbaf620a9a82fae6df30227dcf302a81b77cd54e634cae1313,p003,p003,finger_snap,57,2,accepted,,train,206,28,0.911953300004825,28,1.0,0,0.18390979490750403,
finger_snap/p003_finger_snap_0058.npz,e6e5781198a6b4283c387b8ca278cd00b8bc5385d5ebd764707e5bd43caad274,f72cd6704658695e71beaa4a35d97495b37599c6b8e4f8bd0957cc98e27e7cf0,8dc00a6f869027920bad53e448bda524e85837853a7a6ca786cb883be418a15e,p003,p003,finger_snap,58,2,accepted,,train,207,23,0.7366820999886841,23,1.0,0,0.1634435535786259,
finger_snap/p003_finger_snap_0059.npz,c2c047f80fc81b3fdfc593dea53567336accec6d98084c38de770167b92cf38e,0c037cb7ab036560feefcc17dc1b2a96026c3aeb0667b767cbdaafbb3d8a4d20,a7f51f18e706670b23fba64eea7ff5e9704f73e5364cd9450ce44f431d86f6b3,p003,p003,finger_snap,59,2,accepted,,train,208,26,0.8482856999908108,26,1.0,0,0.16594690152882066,
finger_snap/p003_finger_snap_0060.npz,ec079fb3baca4d666772376f7556bc5dae9fd1bde7f8bc3a12351c16e51dd199,2c3e663cc453390c51c2b87831e3f361db3e57b8fe91e0c1487f647eff668a70,0d921e57f2e00c2b348cbba6bb141266b82176a033915ce6c460a1e6850f6c3a,p003,p003,finger_snap,60,2,accepted,,train,209,29,0.9429267999948934,29,1.0,0,0.17647962168995196,
finger_snap/p003_finger_snap_0061.npz,18674f20ed34d0abe2d409f0bfb0f2e7c278ae69b9115645e81c07a3a4840456,5727bcbe7d190bece619dc93461cad9b44c0853beeb00f34e81c28c889c57392,9447f453a73b53b572ef150d60820124e846db650253bc3aac67808d3cff7598,p003,p003,finger_snap,61,2,accepted,,train,210,29,0.9438477999938186,29,1.0,0,0.184679625647431,
finger_snap/p003_finger_snap_0062.npz,bcfd5af50f8735fc9074eb4a9475adfaff9b1a6d4bd6c9e5a4b0576b08a44f18,c7be94d6709fbbd5460a8db7c2a03a2b36ce84d91848d0be61fdea04c2b0b05c,a23346542a9e83a749a9f941a0bbc2733ea6c2f7ca0a403bdd248dbad35205d2,p003,p003,finger_snap,62,2,accepted,,train,211,25,0.7995532000204548,25,1.0,0,0.12543211025322606,
finger_snap/p003_finger_snap_0063.npz,8cf554df8fe98508b57fa31b3d29cf1bf95880e5a847bf8c382c5eccc191f2ae,f78441d9462c5e340ffb4fe652e03b78bf183e3306b9ada923540b83213ac772,2c5e5f24a5767f86164c0ee1b7bcafc9d97bd90c151c5e7fc1c8d29df7dd8506,p003,p003,finger_snap,63,2,accepted,,train,212,24,0.7842440000094939,24,1.0,0,0.1523960417876007,
finger_snap/p003_finger_snap_0064.npz,fcd6808310dba0ce790e632f8fe04eb5fe14cd37b60a2b658fa63dd2d27ad816,dac3ca361681bb5e043eaa9d721a457513de99d531134687b0f2b06cc28b9e7e,c44a11bd3189803cf1683fbf32c688d7912aed1734e98bba9a4e10f7b772e988,p003,p003,finger_snap,64,2,accepted,,train,213,28,0.9121876999852248,28,1.0,0,0.17899192777383022,
finger_snap/p003_finger_snap_0065.npz,8914adc86da4f2f1b17d69a6c307c3a0a1c6d95e894b48fd7a6f73289832f3e8,5b15426db037efd1a8165a3961703bcf1af07711ad31a2f11b3281b6d57bdbb0,07ce65136c47d08d506e9325f7344897cbc6ce664a6b47488afeba1e85ed40bd,p003,p003,finger_snap,65,2,accepted,,train,214,25,0.81661440001335,25,1.0,0,0.17892160527713213,
finger_snap/p003_finger_snap_0066.npz,ed781df9a868714bec5ee56c3e181639198729be9832e1efd79acdfe284d5ae6,2389aca1c2bad0d7a6940ccc083b83a561da5e0f89f693d60366e683317b54f0,6baa9c6487313f53799f63c95332de176e3dbdd207ad7c2085e68b59f42de6cf,p003,p003,finger_snap,66,2,accepted,,train,215,24,0.783100500004366,24,1.0,0,0.13433817512820523,
finger_snap/p003_finger_snap_0067.npz,625cff3b8a22ba05e8b2cfdeb225e7de82d6afc24bed2acfa857efe1dee031ad,6ae1c7235cbdf44a9c3eaad8fdc312c26ed6da89f6890b9eaffa2513094c119d,eb4ccc19f1e06890d697394930b85d3ec2b08ed68def65f6a34532db54c4da87,p003,p003,finger_snap,67,2,accepted,,train,216,20,0.6403509999800008,20,1.0,0,0.15385662257601873,
finger_snap/p003_finger_snap_0068.npz,11527bfa86ca8b9c2d0b83108aee9b9647007e6b33c55b585110f0a079624100,f958b9021884d9068013ec3f55e01bf46feeb77a922925aac7eac1561d5ef252,f90f4b8d781a2207effa4ded4f92a3951a2ca1f8341a01d351b948cc1e1c0d1b,p003,p003,finger_snap,68,2,accepted,,train,217,27,0.8802472999959718,27,1.0,0,0.13264291663844718,
finger_snap/p003_finger_snap_0069.npz,d64793d71e74e8cd46a76a754c5134220c117cdbb90701df170cfc3d853ac26c,05de90cdaf59fb4eb4f2e3348b78c50f94ec6ae04e892bd3730db99b51e0b6b6,f0e25fe4873b0b18b0b99eb2ea986be5f881a3a7db932fdac1e97e3c68e15556,p003,p003,finger_snap,69,2,accepted,,train,218,28,0.9126045999873895,28,1.0,0,0.14320232167000257,
finger_snap/p003_finger_snap_0070.npz,e0fe1f40db85ac3927c6de17ab8f5b12d8db52a7b385cf255b8a9440765eeb17,cc04e1494c761bc6eea5c1e64b78b112dbeb1598260a118e100f3869c2e9cfa2,9725ebba3280608c40330cc2f2c549dea50ba4eeaff002dc2e4a1f5589929c4d,p003,p003,finger_snap,70,2,accepted,,train,219,25,0.8153931999986526,25,1.0,0,0.12717044826529425,
finger_snap/p003_finger_snap_0071.npz,37d2607690ce2dbdb78780d9e9e07034fe7f6e70d2f1b0653c0299b346f6e199,6301c0aecb9598918c08bcf8ca191ed4407d9531411718b385feb8705fdcc679,7b1dc7d1d996c2d09ec87458ec132aeeddeeefcf1cab83f2c69e4ea00f899728,p003,p003,finger_snap,71,2,accepted,,train,220,35,1.1524454000173137,35,1.0,0,0.14775442121485644,
finger_snap/p003_finger_snap_0072.npz,2d4e151ba98b6fbd3d95917191c5da7f274684d867d8f2cbf146f8cd8b34405f,a41bbe5d30892fd3f9c72507ed1fc749cebf139d8a381816e5ea05837c449088,b84fc4152521bac0bce9509d665d2a87cfc1ba8b7b1ba23a4ac18d1a3d2def55,p003,p003,finger_snap,72,2,accepted,,train,221,30,0.9914364999858662,30,1.0,0,0.15467399072975752,
finger_snap/p003_finger_snap_0073.npz,68e3d1a8962191a7459959007bd139e8b1e612ff99a476b13da67227c663faf8,3a85363bcfd74a0e30535e193c514a1cc40b5862678288210e30fa881a26ed5f,ceaa3fc1eaef0260d65c9a81e8a8d86b29e8e03db42fc9dba66aa4f8c022d78a,p003,p003,finger_snap,73,2,accepted,,train,222,27,0.8804116999963298,27,1.0,0,0.16205980645205467,
finger_snap/p003_finger_snap_0074.npz,1b46126045cd8c1919ddbe3d3473c0dc049ac486aa823f56bc143a0f219bd534,724056078013cc40b764d7bf5922e00cc680afd935302d4a0150a8dede15ac47,27eb8143293ebd4052fee3fa50582d32a6ba6bddbd89a846742fff46dbeea5b8,p003,p003,finger_snap,74,2,accepted,,train,223,33,1.071548600011738,33,1.0,0,0.13188930536813884,
finger_snap/p003_finger_snap_0075.npz,d6779a69de5d45debeecf0aeb7d4e5e1abe1d758ba6f4e777bb237eb6740c81c,3fc9fc7f51a94191509c252d4d2738b4cd3ff4099948a8729e6b16090521f1bb,05357d1ddfb343fbff462a3fa8a458febef199b9867c498e171199791b2eb592,p003,p003,finger_snap,75,2,accepted,,train,224,30,0.9762101999949664,30,1.0,0,0.15028179140633585,
finger_snap/p003_finger_snap_0076.npz,9ebfd3b3b29cb0fc9423a7e5fd820ec931efad0d8391ab851f96c94e25530e5a,f114d140a5157491423ac24193676ac7a18eee3bd203d8314264be46f4eee94a,173f52def0e57056521d81bd6d1364a3e47178c16bf0a20228ef2d5d1d5117c8,p003,p003,finger_snap,76,2,accepted,,train,225,28,0.9124899000162259,28,1.0,0,0.1334572864800192,
finger_snap/p003_finger_snap_0077.npz,e33cb086d19dad42e2e91383481e4ad1d0c26e641ce6ca1ce48a95edac5a0316,2af6d4666281198be2af784af0b46d71f4fb6a9e81074bece344f7a41830ed28,272954f4192ab780a3017d661de57a9c0abc1c4ca14e546f7bc939eec30b645e,p003,p003,finger_snap,77,2,accepted,,train,226,35,1.1517510999983642,35,1.0,0,0.1500029726141253,
finger_snap/p003_finger_snap_0078.npz,8b72538801c44529d37f456494efe29f8b58a5aecfeff157bae17ede3fe0ea58,a87e2c20f458dbe6cecb65edcddc0d92aacc90a6c63ae1e1a20a7b619f46d0bf,d6f1c423c841c042cecd93ccf898df8f0d2090192c85eb843b50aa6324dac4bc,p003,p003,finger_snap,78,2,accepted,,train,227,34,1.1202187000017148,34,1.0,0,0.14841234852131174,
finger_snap/p003_finger_snap_0079.npz,1c05dd2bbf3baf6b5201e47c29299a798375003a27ebdfd325fb293ab50f3d00,8a4daf42dc36dc96fc868b34818c76ee8fd2557f719cd1e34606a052b1b380c3,8938af5f1745fe2424137f0de8e4630371c996433083bdc6c07eecae33f6f414,p003,p003,finger_snap,79,2,accepted,,train,228,30,0.9761911999958102,30,1.0,0,0.15184417181994647,
finger_snap/p003_finger_snap_0080.npz,2c16d4c77939ec1c0733b84a6cc4cde48ca8ebfaefbe662174b870db20aca51a,c0c534545c65a65d3a2abba3803fe16e734a76a99b427a2cf9d1598a34b47be2,73319ea818e1127d4698472a0627a847682765954ce3a23ff284666fb1eed6bf,p003,p003,finger_snap,80,2,accepted,,train,229,32,1.0405652000044938,32,1.0,0,0.13976528286561,
finger_snap/p003_finger_snap_0081.npz,3c0be085ff79309b4d8a8ec90b72ea4ebcd326deef417fbd669d0da561d6be8e,de2bdb7ec4f3d6cf0172c7de89ddf8fc2f8860fe7a20f607063f7e49293ca92d,5394e52088593893ae9c636340ac7ce9998279dc6fe4d698ccaf4637be6c83da,p003,p003,finger_snap,81,2,accepted,,train,230,28,0.9117454999941401,28,1.0,0,0.13694102322259016,
finger_snap/p003_finger_snap_0082.npz,915616f9f7042391dcb6d0240a2501be0c3a07e9a4a1b68d99ca4bac25005608,cb8ff0629ade8d9dfe588e6af976347c4e0c7ab2eb38409dfff970f19d716fcb,678b876944591506e7923d15a98912088cbffc999732e1e1d2ecea5ffbec26ab,p003,p003,finger_snap,82,2,accepted,,train,231,30,0.9761467000062112,30,1.0,0,0.14052242582204333,
finger_snap/p003_finger_snap_0083.npz,b87be59794ddee43a755f7def9a945f034a974c8a5d75bf82a775b1b5132e24b,abd1d5e0f1a37ec180ab5a795d84f8be4555491b0bcbb641740f0f388bd67c9a,c08e6ecb6991de5f3044f195d2a8408d741be165140748b3adcff2413afa0baf,p003,p003,finger_snap,83,2,accepted,,train,232,28,0.9110476000059862,28,1.0,0,0.15581646383602765,
finger_snap/p003_finger_snap_0084.npz,2e28305e4220842b3908684356c841ba9ba95e111d291002cf3991462f31eabe,24450b537dfc2d70bde24c32e512d43be54169eb3278d9db92e5b3ca65be2660,322010e7153221cdfaecdcb3e1e1171708c18d18a23d71474a7e523bd77c87d1,p003,p003,finger_snap,84,2,accepted,,train,233,35,1.136710500024492,35,1.0,0,0.15201420432873988,
finger_snap/p003_finger_snap_0085.npz,d9fb85816fd39a3d41145ec3c95a65f43828634d6976ae910268cb27834f65b8,7516834b47c8140ac91ffc7f728bd77cb2d6e107f27b02ab077b525050830e25,4b4c20eb94efd2b9e091fc5d5b697a79287e2621a2877d9c0fa4c81abb57f714,p003,p003,finger_snap,85,2,accepted,,train,234,28,0.9126372000027914,28,1.0,0,0.17013350369414526,
finger_snap/p003_finger_snap_0086.npz,948e91f5b8d24919afad63b27fec23f7a753b5f15e9a51d058956c59b32c7141,5b3139c610ff72fc8ef53e6c260df89720208b90177e885080c393bb2da9fd19,7af7ecbcdcbe613cb8d6e6cc2473b57817866f5361b083d65b9fe552985bc6c9,p003,p003,finger_snap,86,2,accepted,,train,235,31,1.0077956000168342,31,1.0,0,0.19021867231723802,
finger_snap/p003_finger_snap_0087.npz,2b7567e97e9e6f849b131515dd51f6acf63cbe311b42ba92825c83799b26397b,b17c15216d737d778b359514d70248279d964320f4e73f3caeb2aea80ddcdbf1,2cb51537d3850611357e03564de3365d5312bccae676da49d2d622154c02750e,p003,p003,finger_snap,87,2,accepted,,train,236,31,1.0083821000007447,31,1.0,0,0.1942798566653474,
finger_snap/p003_finger_snap_0088.npz,6133a55669a2775ccce8dc0536f5eb6cab4dce8d4511fe5b8b8667679fd88fb3,d18161c340aefed8531694d5c89b44112592546581cafc9a76a8819342e95eb8,ccca2200fae13fe80b15ad2e56a1bd44ffc2e9b17b047046b59cde8c1ba8791c,p003,p003,finger_snap,88,2,accepted,,train,237,30,0.9916296000010334,30,1.0,0,0.1571160228172871,
finger_snap/p003_finger_snap_0089.npz,352518b0ba9b1dc4e223873e167c159bb930f5b07027e2d555a07fc30e71c08e,7f4c750ed0bc69c0400b9d8a9e8001f1bbd6c27d7ea4cb316e1040bec0afc059,7271d6eb183c9287661a824f97b304688bcd34ddce5935359164c4d17f4335bd,p003,p003,finger_snap,89,2,accepted,,train,238,28,0.9123655000003055,28,1.0,0,0.1709356169881464,
finger_snap/p003_finger_snap_0090.npz,2e05ea3cafb806b3da3f31d5c275217429ea99b66b886a14dcb07cc656d52cf6,637b409c74cf0618506c87761723739347bf46d602412df4d69886c20f274357,3f73e0871136b268d587f80d13f2204f762e46418dc45cc3b93949f84c1ad47d,p003,p003,finger_snap,90,2,accepted,,train,239,27,0.8787351000064518,27,1.0,0,0.16150140467184276,
finger_snap/p003_finger_snap_0091.npz,a4c163cbae9cc79e373ba24999624597451e9d59aafb37a048dfeffc70f5fa9d,6a49c12a80771470f2155f3e77c8bd4f381f2a854c25531efe0f5f8f2e6f3f46,4dad289c3424132ae52895e8bc172e4ca841fd8096b4d7c3dec44bbb8e893200,p003,p003,finger_snap,91,2,accepted,,train,240,30,0.975522099994123,30,1.0,0,0.19301493428463506,
finger_snap/p003_finger_snap_0092.npz,ac4e3e48e8ace767da3b1dca595067568c4aad695c7f23bcd3b9b9298425dd1f,d60509d11067fcce5c37e9831ae5fafdab9c0007cd3c8a4f63b52e15d7defca6,c293690054bf8cd23e99c1eba3ecf0b1f8c7f9bfbae0eb71062fdbfdd5b59594,p003,p003,finger_snap,92,2,accepted,,train,241,33,1.0876704000111204,33,1.0,0,0.1915290647616794,
finger_snap/p003_finger_snap_0093.npz,bacf6d3c2c6a1b8863a325168dd720b43decda39b7044ba05aeb21bb5c3af45a,c46e575dcd5428ece552078d1ca79b7c4f434cb1a2c246a2e2ee012e9f3f24ba,2278259cd077834f6a7e786eca89015effe02aa80bad2d490575277c3dae3e9e,p003,p003,finger_snap,93,2,accepted,,train,242,35,1.1364570000150707,35,1.0,0,0.17071877885783796,
finger_snap/p003_finger_snap_0094.npz,f02eb60c47cf06f151933a96390f7d3c46001cc4ff8d4e299d6f164e62a81237,7000793f1f83d34980b7f54134d81e4434bb89268a1a59d7e1995f4832358152,e48e9e18f2407ae6def21edcb3afd185f404cb7401537713fd1cbedd49541e9a,p003,p003,finger_snap,94,2,accepted,,train,243,27,0.8801944000006188,27,1.0,0,0.17819118997345793,
finger_snap/p003_finger_snap_0095.npz,47e39af02fae670228d22cb2158ac9190eeb62dd64747a1237dc4bc5284dfcc6,70f831bbd83c3ed4a51fa432bc8922d9756b01c3f286ca0a3ee5f0edba190256,c7ad521f4a950f0e6f4200f0019a35346abd72b3024f2fff0120767d48a2cf1b,p003,p003,finger_snap,95,2,accepted,,train,244,27,0.879910599993309,27,1.0,0,0.29553062237784755,
finger_snap/p003_finger_snap_0096.npz,7f9d23af7d4f741034857672fed6028d93dd0c94e6f7839986ce3f59f85a13e6,e4acf9a1c84f317d18747b71b66a96c272f5b5dccceaa1de4b5c310170e0b7a0,cbb181e31cb40172879e0ef5a765646c60ae385089c0fd958bdac6da212adc99,p003,p003,finger_snap,96,2,accepted,,train,245,32,1.0555271999910474,32,1.0,0,0.28615862762156014,
finger_snap/p003_finger_snap_0097.npz,08e4e0da5e2b237930e7ff6bc9e896e1ee45d637091522997ef9c3d97555df7a,4acdcb3e29819e8e9b28a8e5e0ea9f13655b6d4be12f4cddd81074d2b9ce0d00,2208c1555a4779b9f43f6a50b6bd20f857e4b2be9fdfbd4313a1fef7d1da0a8f,p003,p003,finger_snap,97,2,accepted,,train,246,29,0.9438419000071008,29,1.0,0,0.2313276303415133,
finger_snap/p003_finger_snap_0098.npz,0ceda07b4b0453d39e971bf48be23ce0b89d3d32ed4b658fe1fec25f05733fdb,0284570b688e30d552fdcf82a46037832d09a246101968a496041bfb146805f9,820f917519edf2cf32c447cb7c7c1f32800ad3593a02609886d9d3951aed3e44,p003,p003,finger_snap,98,2,accepted,,train,247,34,1.1205172000045422,34,1.0,0,0.15678147315642232,
finger_snap/p003_finger_snap_0099.npz,e6cb2feadfbaf1d8990366f20aa52168cabd301bf7a33216da08be5e27f27084,96cc922dd7b2f35c2139c2a1997d3c6a9a478a966aa663a46339b02f2b24daa5,2f969d86387dcde73d4a8e4059003670dd8e9cc0533cc661d069f1f94edc2ccb,p003,p003,finger_snap,99,2,accepted,,train,248,31,1.0083133000007365,31,1.0,0,0.17988887674868695,
finger_snap/p003_finger_snap_0100.npz,ad5a79bc10059ba9ae011d0fb410021df2ad9cdf0e6b8400650f65bdc1363ba3,acf7446f76e459df70fb7aebf7b2a60c9842917ddb900ebb4305ea08fb1ee1c0,da3891d4bc50375926dabe1b281ec3a97d5888b48699bc2a21f8ba3487dc9714,p003,p003,finger_snap,100,2,accepted,,train,249,28,0.9126213999988977,28,1.0,0,0.18516427451342496,
finger_snap/p004_finger_snap_0001.npz,275b0a5ff6c794a4fd340f5e326e8db0af9f94e78f9fb78c65a9cded203977c7,31c6277a1901e94a0e1912f7599a391855c5fa7937751fea602c2aafae54c323,439a80836f61d217d88ed43975aaa4a9c719a6724083102e3539cb675476fd2f,p004,p004,finger_snap,1,2,accepted,,val,0,42,1.3912192999850959,42,1.0,0,0.13380644594414465,
finger_snap/p004_finger_snap_0002.npz,e063588f3c48d2091a223d9066567a8d59bda4cf52e55c3511572a1edd1bda22,bca7cee85cd908121af7753fe5330e16a26ce6fb9e9cca670715473776a6625d,d9fb1a5423efc2a3999192b8684a4de977ad6ccd87284dadf0a1fec86f0922ca,p004,p004,finger_snap,2,2,accepted,,val,1,39,1.2809420000121463,39,1.0,0,0.1373493306747749,
finger_snap/p004_finger_snap_0003.npz,f5a64eef90a867010c6b8d09685c3520935a2a162591ede9f5faf82ae4d9bc68,2147bede514891fbe411e921da9084b7d8f356226d0e4da1a0cd9f0d1bcd238c,af52f987e00bc31a9c55b591e7a2079f9b16e266a9cf93844e37eba0fc618229,p004,p004,finger_snap,3,2,accepted,,val,2,43,1.424307300010696,43,1.0,0,0.12714827644600005,
finger_snap/p004_finger_snap_0004.npz,0fd3a9ce44ca5c4a7a97ed849f242f881d68f2dfcdd54e73cd3ff26de1fc20e4,45ed864988d504c829dca433c35945e71106f56589678a4a965ea5b5b90e1cd7,a13ff34590715fd0b5d43107a72b6453bb9440a084bb345aa6e2d5f64413265b,p004,p004,finger_snap,4,2,accepted,,val,3,37,1.2161695999966469,37,1.0,0,0.17214764670871915,
finger_snap/p004_finger_snap_0005.npz,0f27dc6df11efad4def283ef4c0431db0915b20de8323114f9768590868e94a4,0e04338bd122a0ae7b8eeec8db5e2cc9301bc20ac1aaf2d9883eb0da84718e84,74a0b3061b68c5d3d480237fe3ca0388337e762e54a024802b719eaf93fda587,p004,p004,finger_snap,5,2,accepted,,val,4,44,1.4409491999831516,44,1.0,0,0.14514803092648695,
finger_snap/p004_finger_snap_0006.npz,e063f9edc3f862e5e3092c3ffb3c09b399fea28e56e301c91de29f325a00bdfc,66c583b46e4f415b20c9c267e1852559d2316d0886c5731b2ba06a68713f7097,e71abdf227aabdc22e5fbc6cb0bc5e6f004ba749d10c631b4a8aed8992e0df09,p004,p004,finger_snap,6,2,accepted,,val,5,50,1.6471225999994203,50,1.0,0,0.18017026742285197,
finger_snap/p004_finger_snap_0007.npz,e7fc0083367c37a55ac5bf322e2678647c00b9cddd998c5313123f06710ba6ed,fcd88676d491965297ef5ad4d88f146b70b2d5c71612bb09eb2a855518baa968,d53b39d939e715ec47ec63fec3470cefc69b6d60c0d3a55ee612d8c856880276,p004,p004,finger_snap,7,2,accepted,,val,6,38,1.2482380000001285,38,1.0,0,0.16464896113805821,
finger_snap/p004_finger_snap_0008.npz,c972995f511ba9daa7282b46b1459628c5d03b50039e3dce381b929123b79476,3163af1097afeefb19de91b65026876e4e99e70ff63431dd20b03f80f3c9853e,8ec25e7f6c48f9ed5121d8404cefbf9d12f5fdff581bf8074e2d546b5f540633,p004,p004,finger_snap,8,2,accepted,,val,7,41,1.3442578999965917,41,1.0,0,0.14836281344522903,
finger_snap/p004_finger_snap_0009.npz,cdecb0b630f3ab8d7a5a12625645bd86e3172bdcc287e5eb5ad9016d3bff1825,6ecc7d05ef832942fe9a753d9effe9c7e9414d60be1db4d53a199b87751f099f,c0cbd0903c5112c3d93077cf7dca634633cdb3c4dc73aec7d75490078efbd817,p004,p004,finger_snap,9,2,accepted,,val,8,41,1.3444743000145536,41,1.0,0,0.11037998116505435,
finger_snap/p004_finger_snap_0010.npz,408243124e0512782e7680242dba4053535e2f37bc107fb37ea8caf845d7bc17,ca0d7d837a8d7062c078c8d47b903c9d05b9dc4577bdba8cf048ef2273299b71,43b5aacf53e94382e9150790d11a6174c4791497c5c215332148f6d0171b691b,p004,p004,finger_snap,10,2,accepted,,val,9,38,1.2472292000020389,38,1.0,0,0.14357284097540388,
finger_snap/p004_finger_snap_0011.npz,cbc37c9ae10a44a62e78c9c7165f06d11f47a6aaf94bd353c0a6a92ac8535bda,40e69276f9d6394fbb316a6db5fb6bdcae2aea54591829a3e1d1f3d26c45058e,e6f93fde7309b73fbb7594e2959a6e1386e441b05bad30434ddf16d2b8df1c9b,p004,p004,finger_snap,11,2,accepted,,val,10,46,1.5200681000133045,46,1.0,0,0.16681099348235778,
finger_snap/p004_finger_snap_0012.npz,7f1f0829f728a6deaf00b5862c6d1ca8e6a410dbde975db56cbd02ab7d0d21df,9f7d1ab0fd72a40e7835de83fc4d4196553bc538369c2133f83a0177553a2972,c8eddd14ab5231aac48a2557a53c6bd05e05e98068813ff13c166a67fecd12f5,p004,p004,finger_snap,12,2,accepted,,val,11,42,1.3759233999880962,42,1.0,0,0.21666996913540199,
finger_snap/p004_finger_snap_0013.npz,c3d7575b749a6ce8b85840da225c36b6c8f1e5ba8df3b7484b4490c227ba0225,4a812895c5bfa2dadca72c1db2f74e0c67a628c0e07ceb9a5f0661d97b71a563,de84c82e5618ed85bd255163c02eafd4d5fd1a846bd34b1c07215bfe3cf82fec,p004,p004,finger_snap,13,2,accepted,,val,12,40,1.3132360999879893,40,1.0,0,0.19516292216994569,
finger_snap/p004_finger_snap_0014.npz,6db6cf090b27d2b479c22f7480cafe64ffae300bdfed54ac587f9232edb57790,80790fbeaa99f87084d4bc8e8ea2ace7ef5b929883d5082e13e1c28cf1f9f3c4,90ebe7f667301630df11777719ec091b5216ff541aa8da896e9736831628521f,p004,p004,finger_snap,14,2,accepted,,val,13,36,1.1835010999930091,36,1.0,0,0.04996308718419774,
finger_snap/p004_finger_snap_0015.npz,f2afc5e5e27ea0254e194ec9d5cd31810b9c7afb1dc96c7139298021a78acf18,f82fbee53b0ab53fd788723afa2f488c1ed5bc86c060b32f963c92cd80979e66,6c280886e9a3b96427a3b51df8915bbcc27e8d99be820690142e75140ce61c40,p004,p004,finger_snap,15,2,accepted,,val,14,33,1.0875203000032343,33,1.0,0,0.13503294870619578,
finger_snap/p004_finger_snap_0016.npz,a4f50152434674f0ae51e203b4f60b6479b99f5fdfb518f4c1cc5d8045b3c7ea,7082d70de3c9105b33f5ebbef9968adc42ce9ff7097c05a88c0211e3f5933cfb,c36b5a366d7f3325c5f933f6b1417fa75bcd45f024237e8e5710c564760949cc,p004,p004,finger_snap,16,2,accepted,,val,15,42,1.3775131999864243,42,1.0,0,0.1736030691713114,
finger_snap/p004_finger_snap_0017.npz,4d54c69519a7ceb30709ff9d8c9157c943ddc981bfee2269dbe9de9da8c93d23,45bb4aafd63278c53315a946a54e5f5e15a9e7dafaf827316fd8656c9ac04942,081bf966fef724513e694106f3694c13eb93fe8b215178a3e18deb21ac030023,p004,p004,finger_snap,17,2,accepted,,val,16,38,1.247654800012242,38,1.0,0,0.15107916159575197,
finger_snap/p004_finger_snap_0018.npz,cfbfc932ade1b28a5efcadb3bb6436736fbcc4b9acae1a4138d32a053cc932ba,5b9ba5ed70ed0e5476dedabea2ae38549d573fbdc76666c9219a566b9860c7ca,26c8fee492c4d4ba10fffe3f81ff1aacb8f5851a05ae7877c794ab81ee80bd14,p004,p004,finger_snap,18,2,accepted,,val,17,44,1.4401514999917708,44,1.0,0,0.13793824594019094,
finger_snap/p004_finger_snap_0019.npz,bf37eafecef7d1a2cad13d736e3da4cb3f96aa574c95f1e9d64de4d6bbfd13cc,6e6f6c70879fa62fb880ede6a83fbfc541b9d272ac0d5f282b88a44f14c9c20b,64f24cadd21f60be8e42b8d04ad4d9fcb4277c05bc1119416f8902f24ab1d55e,p004,p004,finger_snap,19,2,accepted,,val,18,39,1.2801829999953043,39,1.0,0,0.14904869844323493,
finger_snap/p004_finger_snap_0020.npz,5f40a8c16668c6817dcb4714f3d79aea7e1857c1a846520d33e075a2b897f0b6,5cebb4c7cb8bc56fa740a687282ba36a2a0b9df0a8c93dec15af470b5a68f3ff,26ba6b886f191dfcbd48ac72ba4f153d04a9b49d187abdd69b337c8f8020d41e,p004,p004,finger_snap,20,2,accepted,,val,19,35,1.136871800001245,35,1.0,0,0.12547837195735234,
finger_snap/p004_finger_snap_0021.npz,33ffe692932518e426bb4999c26afd44fd297cdb20290d2ad82ec756a7991f76,344b98cdaa0ce51997e4b9820df85455d869b76608305d01a422245881ceff41,8346fcd41b3145c517f9d623d3c88fb82cf8f6dbb19afad73ab6ae6d739f1b11,p004,p004,finger_snap,21,2,accepted,,val,20,35,1.1518494999909308,35,1.0,0,0.17370913824789727,
finger_snap/p004_finger_snap_0022.npz,7e179ce9d001a3feb570da5dd605e7f81e88307543f62d2f3141a478ff7eaa25,fb550d2719c2c63c3213297d4dbf31db616cb761610ea823213ef24eba245619,c8492ff7df75f9eed42bd358c37b2d951b599436388e9eaeedee0f7397ee4333,p004,p004,finger_snap,22,2,accepted,,val,21,36,1.1842491999850608,36,1.0,0,0.16321565718652167,
finger_snap/p004_finger_snap_0023.npz,d0147225ed6b2e4b06e04529e14ec08e3904950dd3c5beec9a28fafe838f096c,101232cb302d9b0924feb1c4fcc6b722764c407418ea32d0262efe5deaffbdbb,f6756fa786821e48cc1aa056371e536d795e4ad895a715d9f146a8e1a8d22d4d,p004,p004,finger_snap,23,2,accepted,,val,22,43,1.4081223999965005,43,1.0,0,0.1293074096163768,
finger_snap/p004_finger_snap_0024.npz,1336f7a0cdddd6f900113f7c20e550ebd78d243e29915c540c11a736e76f9567,57b8a3137dcda5229cd3ca69da9e16dfcf44ceea0455c47254bd658ac7141802,16bf56516f640271eefd96c45f6b7d8f1056d0a0c8c3123721c0ff421b2c8c44,p004,p004,finger_snap,24,2,accepted,,val,23,45,1.4886058999982197,45,1.0,0,0.20117295745855596,
finger_snap/p004_finger_snap_0025.npz,03fc8ff64aca9e0cba09567cb1994dcc666e33b80a8835c5f62a1c73c984ce52,f5175737afac4179f4f86fca8bde6e442c55706fb364adb6645186e51626eb66,e59ac34c05c6bb2dbd79b6733497caa2cc7d8e4e553e4e16c41d683e0847c454,p004,p004,finger_snap,25,2,accepted,,val,24,47,1.5515661000099499,47,1.0,0,0.19003854735820347,
finger_snap/p004_finger_snap_0026.npz,09d681ade0a34d24cb8ad19637efa12dea41f52218f61784fdb85033204974c6,ecae16dd723c0ad085538661a294bac1055197e3a35d1802f1ad221ab5aa451f,18ea4b9c65c8afbce865e7b12302bd492735816734179411df228de1664c8a97,p004,p004,finger_snap,26,2,accepted,,val,25,44,1.4564610999950673,44,1.0,0,0.09097163851479326,
finger_snap/p004_finger_snap_0027.npz,2428a1198c1f9e39cc7c567f669879dbca41ba4cf3d06858ad3ee425af22ff53,279358fe84f35a88c1426995681f6cecbc728f98ad7211ceb9952bb954c8dc8a,eba695334fbdba5d81ceed8255e7389ac100bcdce970c1bf5eb2ba4d9130dc92,p004,p004,finger_snap,27,2,accepted,,val,26,41,1.345084600005066,41,1.0,0,0.11862429221980379,
finger_snap/p004_finger_snap_0028.npz,a0f25b35e2118621378be2ba7a9ebc58ea8290d5ddf791e6dbc237fa2e0d55d3,18379689d1766d4e7c6bc51fb73cb8f6b1835e1211bbaaecd6d8b9546ce416f3,537e73f878b9c8756b4ef8cb586dadca43e73288fe6eb00d5187fb15125499b2,p004,p004,finger_snap,28,2,accepted,,val,27,43,1.4238965999975335,43,1.0,0,0.1593537454566557,
finger_snap/p004_finger_snap_0029.npz,84754a6a6dc77c25109e681ff6f888c3f349761f2226ea8dfbaa0c63e1198601,2819ce654cd7591fc8e70cf2a02ae0552e9ce2fae70de60d046568cdaeaab1dd,58d5e2b7448c82a12b878e692a349e6f5961e48b2c373f543f249e41297efdb8,p004,p004,finger_snap,29,2,accepted,,val,28,50,1.6490806000074372,50,1.0,0,0.20318880675027948,
finger_snap/p004_finger_snap_0030.npz,d3228c54d0eed3859cb308728fc2a36f174546e2bbbe1fabc77a384844170d8d,996422d9a0eb886fdf5a281371d1515b1ba938d8f3295bc04dc104cb18dc18c7,3f7bcf98401e2050b4432703c9d3e806e14f24700f92f19b29aa7ac6c502c63c,p004,p004,finger_snap,30,2,accepted,,val,29,39,1.2796834000037052,39,1.0,0,0.2230164547660863,
finger_snap/p004_finger_snap_0031.npz,ea8ca2f8e5a14de28230fa753104d9886b99df86ca41c25b182b09ff6895ad98,676381019ded205bb48bc3f81032afb7e195d441ced27a88a5f9ccf6b83bf25e,99606f13cb9422a764eb9ed67911e3d89efa47a691f139963e80e7f3cfc51911,p004,p004,finger_snap,31,2,accepted,,val,30,43,1.4088131000171416,43,1.0,0,0.14651986194963587,
finger_snap/p004_finger_snap_0032.npz,dcd922e73a71966e6ff4ce810f6b728359bee6cacb46e730a30936cfb4526222,4082f3a319fa5b7243ff0d58113753c4729e29cf1a62b11d8d31841e7ff5990a,709b53b542c56dc0ba2267e4dcb7e8c17ba382580f32aae5d42c4ab0aa29d9bc,p004,p004,finger_snap,32,2,accepted,,val,31,38,1.2485571000142954,38,1.0,0,0.15762090188093592,
finger_snap/p004_finger_snap_0033.npz,5e8f65ec864e28b98423fe1aea95cd65c2c0ed1626abbfbe31495439a4793237,7e0d8a4d917d7bb17591aa44eb1f9d652f9066ff04e3262399527598ebade082,27889778c8ec402ef5b7adfd5813f688ac2a4fe2b21787c1939cd7950034444e,p004,p004,finger_snap,33,2,accepted,,val,32,38,1.248235199978808,38,1.0,0,0.10262250891466003,
finger_snap/p004_finger_snap_0034.npz,08400a510bde307bd9b5fa43c5da4088ba825851b760d73967a01832b9df1a40,34a0c52939028ff65609036a880ef5b44d8071b4f8222e2c087d9f5ca6dc390c,df55a46e10198830b1754cac6c6cab1b5977d33ee2731dd9a69c6c8e3c4de226,p004,p004,finger_snap,34,2,accepted,,val,33,42,1.3920748999807984,42,1.0,0,0.12434653137218851,
finger_snap/p004_finger_snap_0035.npz,f6e1856a15556a5bc771ef7a9f60845121a136723634067ad79ff4fc9c37f5cc,21bdc1b73bbe31461763231dbeda1590822f67d6d114542dc497f214edd8ca60,cb2475236af8b63108ed662db818d6188254f35f58acb8a21627002f83072108,p004,p004,finger_snap,35,2,accepted,,val,34,44,1.4565122000058182,44,1.0,0,0.12323224591422714,
finger_snap/p004_finger_snap_0036.npz,9e70a9481224f010d327ceb9ddf5a3e9958cb7c7192861b8d708476d9971f48c,5c086c58436a3d270828f328ef7a854a9d998c46e4da6f76d9253fbac58f6c0c,f2eab2ccc7395f7499ab2940be77e5f94be43eb7efe187936ea60c07357c89f4,p004,p004,finger_snap,36,2,accepted,,val,35,37,1.2169922000030056,37,1.0,0,0.12299718209655244,
finger_snap/p004_finger_snap_0037.npz,7a10d6b393ad8b9454e8f3e38bf2c9a9ae75f6de2b4bc742d187a2677631368d,fac16b436539343162835edf9511828a5856e7010ee75bdb9a11be6aef195c0a,a7554be87eb38aaf28a119b5f81ab6c398b234811c6a120bacbf58b04791c65b,p004,p004,finger_snap,37,2,accepted,,val,36,27,0.8810546000022441,27,1.0,0,0.18209806268270473,
finger_snap/p004_finger_snap_0038.npz,67feaa39265b1fd12fd7b23982d99e4341a2a9973b12f4fb349fecc269a03885,6acd081073e551cd2e031614a9fb56d60263f74d799d11c124fd4bd8551ecff1,3044e911a0887609131e09cb4adb8271eada1e70c100b5cc3ff156025e2ae0bb,p004,p004,finger_snap,38,2,accepted,,val,37,30,0.9901297999895178,30,1.0,0,0.09646450703616327,
finger_snap/p004_finger_snap_0039.npz,3875dc69fe58bc1771d183454dc8c3308cc3c589d982c13730dd48dff487f20a,772b871a633fe27e3bb07c3dcc9c8e4409c03ea4a29e9850f21e97a1687ca697,cca1df31d414c8cb5b1db4bd35e3840a5ae4bbe0119486c3d8728b2072e7fe72,p004,p004,finger_snap,39,2,accepted,,val,38,33,1.088518100004876,33,1.0,0,0.15580300720047582,
finger_snap/p004_finger_snap_0040.npz,db3c75df25fa16b3d25b018cba358e38af985b2e1e63f2381d8311d628e64f70,a7e8b4f5d13c97293f13cb2f29007d4b0fb5704e4093999d068d145d8d77bbb8,a7f62797d6bbe355b3fec80e103cc597ed23f3f51126660f328ddb4c01df810f,p004,p004,finger_snap,40,2,accepted,,val,39,42,1.3761231999960728,42,1.0,0,0.1989613460372877,
finger_snap/p004_finger_snap_0041.npz,2c504fd59e32dd1e469476f265f94c2bed47ab15388c3bffa116ec364f535444,3911608684a2f9dcb4bca0f362e07a716b1c36a376cd7ca1373f7c3355b14b15,fa768b174a56e64b55dba1630ef73674ffa1bdcc0ace9065fdcf94b54282e10b,p004,p004,finger_snap,41,2,accepted,,val,40,39,1.280214900005376,39,1.0,0,0.09959775706168802,
finger_snap/p004_finger_snap_0042.npz,0e1764c7c958b772e24d14f0e84de5f8e10d52c8a46d996c3dbc78fcaaebf99d,42eb98e497ae01513e6e7361ce6086838b61562f9de9fb14575fdb616fb90180,ea68f9320549af5cd5c99e0fe018c3eeb4e2efeeac403c016808f4edb1890a8b,p004,p004,finger_snap,42,2,accepted,,val,41,35,1.1531260999909136,35,1.0,0,0.10681319210114973,
finger_snap/p004_finger_snap_0043.npz,10cb870e28115f8336071db2e9294fb64502654b58d29169e53842cecf12d14f,dc9848288823ff061899364c6e6e8d48c8d233f03dc50ceb77b1395f23a4098c,e3dded553df54c580baf08983e8e704ed3d0a00a8cf6fb7b038f33f3526fceee,p004,p004,finger_snap,43,2,accepted,,val,42,37,1.2157368999905884,37,1.0,0,0.16970645785656618,
finger_snap/p004_finger_snap_0044.npz,303ccad631eecbd83b20081cdd56b4ba46a4893220f3ace86c1ba2f991f280d2,f5cca45b303be64c5a18084995704ee74737986293985768b9c7bbfc6c1bb480,80a391caf8c0f957a52b9dd30c991aba5773005166de10fe6cf54c3b5044aa9f,p004,p004,finger_snap,44,2,accepted,,val,43,35,1.136205400020117,35,1.0,0,0.16512785528152477,
finger_snap/p004_finger_snap_0045.npz,0893f2dc4110867ab19856aced37a419dbdb4e80716d7e6203e4cb969ee411f1,497693773658fed1631bda5d16f5acb8dd3b73d0c5cf73aaca7eb35a5aa6168a,89f7526f3cc4c874d82d5372fd53f67824e13c9671b400789aa4ac25951f475f,p004,p004,finger_snap,45,2,accepted,,val,44,34,1.1040772999986075,34,1.0,0,0.125616811779024,
finger_snap/p004_finger_snap_0046.npz,0c3f428a581f1f8a9aec3fea091a21fa2f4a2b25e90c54dd392f9e81bddd2380,23333d995a213d01fa404723139362e557b29315f725eb5f61a448b439b5a300,4db4fe36d05bc30436463c8dd9e8d141ad5537f3731dbead8e46e305d3fc5ad4,p004,p004,finger_snap,46,2,accepted,,val,45,45,1.487885600014124,45,1.0,0,0.13997015817357017,
finger_snap/p004_finger_snap_0047.npz,d17c1ee63a86a56089a3b2194e11aa2dcc62831a6342d561e365f20bc1dad8e0,228346211f26d231635b2244421782dc6f56be674ae4ae55a07b7e1196cbef47,bdd9e8a7faa55c80e604529f0a8e31d9674e98dd0a6b97cd0f5396acb9d13f4b,p004,p004,finger_snap,47,2,accepted,,val,46,40,1.3123533999896608,40,1.0,0,0.12893442960665719,
finger_snap/p004_finger_snap_0048.npz,175d92a6bfa3596dfbc4353eae2d5dfb0af66178e6e0b12585d18c85045b4287,facc4b9e25d40d2f55a31ea0cf4053c0cac601984dddb041051c7bcf0f223c8f,4d05b036005992dc5c8887e265a4a1e0b18f7415b6ceab75194a600fd357ce80,p004,p004,finger_snap,48,2,accepted,,val,47,37,1.2167884999944363,37,1.0,0,0.12462189379907017,
finger_snap/p004_finger_snap_0049.npz,54ed2e9565b517b2ed974cb0b6d53178d166a6d3fa11ea266b278c58b0ea885a,5af14a1a3bb48a2ed1adf8cf885814e9dec5bc27942d9af5aab5269773e5f66f,7c883210d7c673abd8503e357ae41a8ddd91e3c8b6ecba1077c92725d5c13bf3,p004,p004,finger_snap,49,2,accepted,,val,48,44,1.456158700020751,44,1.0,0,0.12505603847997382,
finger_snap/p004_finger_snap_0050.npz,4041e1f8f634e991730c03873ff656dda6c4c6a7fff23d8232074e3857637b64,acc1628154ab8c0eaf338b1b9abaee1e860d029d6b5c559bfd5e197cf37f124b,3b5d8131875f363307e36e7c42c098d63eaead47906ede3067b5bad06182e283,p004,p004,finger_snap,50,2,accepted,,val,49,35,1.1362975999945775,35,1.0,0,0.08820791055222502,
finger_snap/p004_finger_snap_0051.npz,766e77f2b8ecbc31c11235233b4f03ebed3103269f7fadb8310a84f48ac4fa7a,24a9881284603e9e9cd9f3e71446f8f526cea3fdab2e1272041968e81def3ac4,be006a38c8f2f50a0c9bea54bdac946053a846936e2a178a4ad259155af59c5e,p004,p004,finger_snap,51,2,accepted,,val,50,40,1.3118058000109158,40,1.0,0,0.09445671607971332,
finger_snap/p004_finger_snap_0052.npz,3315494db02715f0f4f9ca9205edac3b1c8bcdb8315c2ea1c9e85eb266a59743,5cb9ea9282b660b8967d1ddb92c1437ddb7b771db48b348e5af4070614671fb1,251169119ed78b930f6bc569066d8146babe7625ca7cf602392a271cd3d9bfed,p004,p004,finger_snap,52,2,accepted,,val,51,37,1.2163017000129912,37,1.0,0,0.13433530201052685,
finger_snap/p004_finger_snap_0053.npz,cf24693648623dfc1e8e8789016e256c2b8a1eede43abf01fd28ff75b3e68fc1,9953274b0759aaf6e44faa11ff946b68d645a053b37b0d294f2fcb8e8eb02382,a54f624fd2bbdb0b0719c2536c29e3a6cd2efbcbf8307e19b855acacceae591c,p004,p004,finger_snap,53,2,accepted,,val,52,47,1.552183399995556,47,1.0,0,0.1493783291654119,
finger_snap/p004_finger_snap_0054.npz,f074f468c86ee7890cdc565ff098be5af33a12229b6e8968c54d65e115d96b72,9befa2c22a3d264f66c638b4e51c672edb81c18d9e1c634460ff96fc491e95e2,83d62850e97fc5f04da363010f3c8dcc4d0a3163417d876ac7949256fbe24eac,p004,p004,finger_snap,54,2,accepted,,val,53,46,1.5198611999803688,46,1.0,0,0.13170108317195336,
finger_snap/p004_finger_snap_0055.npz,29137b4cb9ed60280699345ad24a84ea1308371e0f122ce73b084f6c41f257fb,4751695cfaf007c9c3ca0e3a6610971b373130cbaa4729a3c7e7a6f527e04739,5644c76c28f0335257727ee5d9a664997b105d4f7d5fe28bda3fa1bd2601e27e,p004,p004,finger_snap,55,2,accepted,,val,54,40,1.3117496999911964,40,1.0,0,0.10137682632071905,
finger_snap/p004_finger_snap_0056.npz,bd912065b7a3ca2721e702632c7ed6b381f7229fe5b546a48b4027a2e94b6946,e6e10e40909e6ae93e1ac1ca3898279dfaec3c2a4d9e9421cce6d602faa1b5fe,bd99e3b277ba01b8459cf576c456eed435fb21fa97000c2d3cf538ec5e447725,p004,p004,finger_snap,56,2,accepted,,val,55,38,1.2476336999970954,38,1.0,0,0.14217109266757005,
finger_snap/p004_finger_snap_0057.npz,40dde3ce0298da89bfd95b5fe3a44e00b32e98b7d9660e4816fca4b4910b6b3c,f4a7f02e2758a8d9a91614064f2e918edabbf08a26408edf845e967ad3efd0b3,accd88bc46cd7234ea2a2e90c882a19eb29093457d97b5bab8bedf5bfb2f6ff7,p004,p004,finger_snap,57,2,accepted,,val,56,36,1.1845846000069287,36,1.0,0,0.1948448359613239,
finger_snap/p004_finger_snap_0058.npz,bcd02dac545f553548720ea48bb346e6e385c12c8f6c67affc655cbf2b0038b2,264e8b3c99c876087d0d764de984b742e47468306014dc33a69fd5eaf38ee4b6,92a4b4a3f8629e3409efc3a333c252ed401b32f97b7ded6ec8fadb7e75a1f2a6,p004,p004,finger_snap,58,2,accepted,,val,57,40,1.3110906000074465,40,1.0,0,0.17538830174517422,
finger_snap/p004_finger_snap_0059.npz,60490893640668f321a8e929cfe2474840958fc5dbf7de5ce3813a4182a706f9,ac9ffbe89d69e7e7956735e5432712225ae5b180e624f83eb282be1bbb73efb3,64d1ec2ef5b8769ae6820926b2b5ce5d36794cf3266e587301f362e5a57474e0,p004,p004,finger_snap,59,2,accepted,,val,58,37,1.215762599982554,37,1.0,0,0.15093730196825397,
finger_snap/p004_finger_snap_0060.npz,3180198ed017242c06ab08ff0d5702df7b3d98e8176f2402456fde8a3fbcecc1,65f65b81d757e3117dfce960fa34d7a4c81ac7205bb731c1cfc896575b548127,d16527fae01c99de3bb58be7e740292bfec1990c921f5805d25eced2e55943a1,p004,p004,finger_snap,60,2,accepted,,val,59,35,1.1358098999771755,35,1.0,0,0.15554416043647878,
finger_snap/p004_finger_snap_0061.npz,ad3051116212ce7b74652e08848afddabb6ff37e13ae1189e0a7ae85910f9d77,25de55c44fb656064cc5311c43d740ac7efc2113c133a53a30f23f2e52477e1c,e2fb69d1827beede881f1d8fb45ff8d01f9191b6c26ff0d8a734f4283d144022,p004,p004,finger_snap,61,2,accepted,,val,60,35,1.1526518999889959,35,1.0,0,0.06185825928951092,
finger_snap/p004_finger_snap_0062.npz,ddd4dccbe25960cea204b9c338b03b3d79ec8605b2bb9a152643252df5c9a21a,4e8af409e05174c3fe53165a53e86f944bed84b556489aadadd80a306481b51e,0454cea4ced5bba2e27045bccdab405e495490654b7847c5b406e20c37559978,p004,p004,finger_snap,62,2,accepted,,val,61,35,1.1362851000158116,35,1.0,0,0.11773030332033409,
finger_snap/p004_finger_snap_0063.npz,cc50b86e69acbf7ba451dd63e4f3c96f6d083a24ab03b738e8d72376259eb8d1,025d921ea0b6d2e863d36e347047f87bcd10ec1ab9c3e9262bc5626d2ea99ad7,7ae312ccd9646cc536e748779de886deecc6e5673d93b04ec13eaa4b986179f3,p004,p004,finger_snap,63,2,accepted,,val,62,37,1.2161346999928355,37,1.0,0,0.08167405400691062,
finger_snap/p004_finger_snap_0064.npz,6a0da2b2f0e9014333cc8b04b730b761a32c79780ae4d4bb46c9b1bc91eedcdf,7476be62c1c7e9c35a4ff46336857f28d599f1efecfc6dc909d920294f8108cd,ae90a35c06868fe5813726beb4ec9d0e39c88beb3fa35b3c3da9d86f718b151e,p004,p004,finger_snap,64,2,accepted,,val,63,40,1.3116471999965142,40,1.0,0,0.09049435324854276,
finger_snap/p004_finger_snap_0065.npz,f48b0329a913a8137d96ce642b467233a0e2490b86956317a5fb83a1f68fe753,c66dea85f8c5236aee20fad1c1fc3aca8c28d7070da60c418dc0e79cdca8e97c,2b764f04619c8f34fbce59f0e969f4a98616f6e5cdfb6932d1336f097fb8e340,p004,p004,finger_snap,65,2,accepted,,val,64,42,1.3931980000052135,42,1.0,0,0.11838162622772598,
finger_snap/p004_finger_snap_0066.npz,2e0d2940a4dc4cce253ee9ad4bb3c3a0d2b404c51790c6c37712fe4aaf542282,0a01de2f7bfd61267a9f33eebd36ff1cc0489c140b81149b9d14740b95461918,8df97ac75fe0996fbf32d3678813d62d9b6d89c7b696eb4b015e619a04f8c715,p004,p004,finger_snap,66,2,accepted,,val,65,38,1.2470331000222359,38,1.0,0,0.18521266609113302,
finger_snap/p004_finger_snap_0067.npz,f5de95ef09a1f73eeb81c0ad020bb3beaa527cee0bdbcc06ef9ff3c712bf77be,27a4940c69bf8a91a02736a46c9d424eadc209808fec562c3a31d08e913a2a08,42e3d14c125680213b2d9bf9bb6d2e5197653acf1fa35898478c60be481f53b5,p004,p004,finger_snap,67,2,accepted,,val,66,38,1.2487771000014618,38,1.0,0,0.1670353273106764,
finger_snap/p004_finger_snap_0068.npz,0b351adb019596e40dd43c26c73bd83dfaf0f21fb9b27ec526fafe4a1cced05f,b78f5c0d0128a95955a0f0956f85fa6625378770d1bb486df9f22e51f9105055,c425af50e0b4cab3db8ab9c93fca1351dda7118caeeae694131fc24f014fe330,p004,p004,finger_snap,68,2,accepted,,val,67,36,1.1850607999949716,36,1.0,0,0.1914157016252354,
finger_snap/p004_finger_snap_0069.npz,770e81e018546afd2f01f2a3e06f9c4987e19eaca47db9b62932da9657f9f3a2,0ddd461871a5fc05532c17a11d5a18ebf753a4e1dae2b368d9a973abdfae4583,e51c7070170325ef9c71c660ac04b01ba072aa566e2e48ba5b451d37d6d27977,p004,p004,finger_snap,69,2,accepted,,val,68,36,1.1853721000079531,36,1.0,0,0.11921486784008081,
finger_snap/p004_finger_snap_0070.npz,dafa9e5dffac2c6916a57fe6204f7a156af8c4a60911bbb20a9bd0687eac9037,54d024a6a87fc0097ffbbe902dd1a56d0b84bc103f2896ba838e7631123cad62,54623aaeb0a8d7e413087c0834c7355036111a06191081ca32bd65c5804e771a,p004,p004,finger_snap,70,2,accepted,,val,69,34,1.1180851999961305,34,1.0,0,0.10243097900060066,
finger_snap/p004_finger_snap_0071.npz,37df1f3f26e9bb6c992a7bb83308645008b5f3f799758dba5da8aa37db26d508,82b36bda46c1287681c15c390c5f72380abd12962f3947ad6a23164b0f22ea8b,6164590913e1b7a0fc1ab031803338f31729a62235fdc333820b089604bde501,p004,p004,finger_snap,71,2,accepted,,val,70,35,1.151668399979826,35,1.0,0,0.10176339155738728,
finger_snap/p004_finger_snap_0072.npz,3775f5bba77e5ce0b35b17efdbdee70677be430dd004c0bed580ce968c37881e,15640e8adee1e86b2f486e94b9c73033f054b5246eee2d5f3424ff86695e9f0c,7e47d63d1832ce63f32b9fbb73e8b196650067bc7c437793eaf3a82105bf5e9e,p004,p004,finger_snap,72,2,accepted,,val,71,41,1.359792600007495,41,1.0,0,0.13681661098151132,
finger_snap/p004_finger_snap_0073.npz,6649db9a6bde9dd8e66509b2aec75a1bcc09dd721340e05090b33996aa7d3241,2b8950507d80915da7b064c90fa907bde43cda68107a811ed7f6ae8eeab728fe,1cdfe6af0554ce2789deff7735ba66abf7ffae64680efc48dcc83c327e04c4c1,p004,p004,finger_snap,73,2,accepted,,val,72,33,1.0887527999875601,33,1.0,0,0.10642948160792728,
finger_snap/p004_finger_snap_0074.npz,577d196878935e8afbee04266fc4ed5dafdda6e92a1f2f7f3dc8f4a5738c3606,d82310682c558294a1cc402cd645368639fdd1c4116318092949f537200eaa72,20dc932b0fac7d33e3413741074aef523064afb2b5574da984225a13288c30d1,p004,p004,finger_snap,74,2,accepted,,val,73,33,1.0882739999797195,33,1.0,0,0.08527091243112468,
finger_snap/p004_finger_snap_0075.npz,df7193c26fef06f53aaa1f5bed13708cd4bc338eea30d663c69f351926d20fda,200d63b0501b1244b5cda2afd92103093ea752288a050ed42d9051364c7e4b67,c5d51d0fc78aafa64fb165f6c558827b64c387d76cdb47055d5bc5589a1a1507,p004,p004,finger_snap,75,2,accepted,,val,74,43,1.4070215999963693,43,1.0,0,0.12495539567912307,
finger_snap/p004_finger_snap_0076.npz,ebe34c7e4ea1959671d7eaa25ee17a9e895fed4e4069c9d66d4046ed2674f5ee,3cf684bde7851aced7277a044b8ed4f80fcc1abd38d44060435d3e0ac940c93f,128ddfeb43cebb028da758e0ee3b62a84e3a5fd0cab80706e4adc8c0b057389a,p004,p004,finger_snap,76,2,accepted,,val,75,43,1.4084222000092268,43,1.0,0,0.13512100908224814,
finger_snap/p004_finger_snap_0077.npz,a6ec5dd135f35207670591e7187ae6aecab5f4f052b497893a0016ef84679d66,10e89e77da96ea5aac0b8461bdd78194faef2bbaea5e8b12a0c06ca7129830f4,bb014ee3262134aba8f5c6ef85329d63c04d6d1c694128fa927692d21839c249,p004,p004,finger_snap,77,2,accepted,,val,76,40,1.3291335999965668,40,1.0,0,0.16134536135795965,
finger_snap/p004_finger_snap_0078.npz,d247db45021c48d7e21c6df66d587a3c4da64887815ed3d2e6611576112c9767,afd2b1e8a9909e278a0a48e5af7517a0204a8411e4112f742902a68d99685a4e,8f1dc3790957aa63d51793c2a52bb46b6aa5f7cad5e7306cef6d4a7d987c994c,p004,p004,finger_snap,78,2,accepted,,val,77,33,1.0879355999932159,33,1.0,0,0.09295620458552686,
finger_snap/p004_finger_snap_0079.npz,f054458c9e22d783a237459d07a34e5f720453d67582719c95a639a1530af44a,abb2bbf034eb13faad9c1a23b4405180d6130a246cab8d23e10a7876dae86758,91a08236811666dd3a2fbe7fcb09e8709648ba1f03fe0df67c777c661b72f7c0,p004,p004,finger_snap,79,2,accepted,,val,78,36,1.1842591000022367,36,1.0,0,0.08871985968682056,
finger_snap/p004_finger_snap_0080.npz,fc828905fdc20bb96278943d3886708ce6275458ee7a28ef58d5949f6d40c120,bbcfe74882bf55da98751726a2953110a7ff56325adea8376e86a4f99ac11090,f737f9fb20cf44ca1566c840805923e2d71c2fef9aa189c9f408df7f0c09770a,p004,p004,finger_snap,80,2,accepted,,val,79,37,1.2164038000046276,37,1.0,0,0.16743912769915612,
finger_snap/p004_finger_snap_0081.npz,586f0b2e381055452c8fcb3c5c5a4b457a788ffa0acefa35c4eb192ce6a5d9c4,697e5f562c3d6eb96f7206ac5208c0e3f065e32d3b0ebfa7dd0c043105b9827f,99f07c5b97e255737c572010bb0a70613584ef9fd95d6bde9ab0f01edab1905c,p004,p004,finger_snap,81,2,accepted,,val,80,30,0.9760671999829356,30,1.0,0,0.18263059622544098,
finger_snap/p004_finger_snap_0082.npz,65607e9c8790614a546e9d73b27e8677e0247e531163aa7fb64ba23b81460cb0,173cbcf53f66d6b06e4aa26ca861804557c3fbd53f68d79a19fe6b4fd2586277,d2c09057770eece56d728ce694cdc577ac4806efda2c427740ad8c8ae207eb4d,p004,p004,finger_snap,82,2,accepted,,val,81,39,1.2812943999888375,39,1.0,0,0.11388521532118438,
finger_snap/p004_finger_snap_0083.npz,f9366b440194b4be5c11f68cd76c5f8e65f763403d8a9fdb94de6d81ee1b90f5,c36cbac9136dbe1552e4ecf2373c51a3a3c2ed04af99b4ab894a38f6df0c1323,787b3f77623c30481b1184c48fac707c5fd03be7dc67d02fb32445eba4271457,p004,p004,finger_snap,83,2,accepted,,val,82,35,1.1525687999965157,35,1.0,0,0.1152609739375382,
finger_snap/p004_finger_snap_0084.npz,e887736d22b31df8ce371b976d84d5cab3203375d16689c13bbf87cad6334f44,b8f7437377ba61d44ca422a61e7557176803f4fb8ed892968c8fe7271d4ccdd1,902763d2fd3d9778b683922c90887eac5a6c5c8cfc1b592fc169196dc4fdec3b,p004,p004,finger_snap,84,2,accepted,,val,83,32,1.0404034000239335,32,1.0,0,0.15587417934850623,
finger_snap/p004_finger_snap_0085.npz,f63688ca57bb5254a70679cf2ec79b665ccfacffce4f1bd6367ccac365669d6b,a3e665a693db182cb3fcb1159875c5bf91c93660f55d12665f82df5f700d77c1,3599e644665e66907165e4a1674396329abe57578999ee6b6996bc1252f64179,p004,p004,finger_snap,85,2,accepted,,val,84,29,0.9601930000062566,29,1.0,0,0.1145563700797746,
finger_snap/p004_finger_snap_0086.npz,e165a524c076813e4f4cd1b7c51aacaec0819cc70805fd5d54cca6f0b7996272,14ab0a5c4e33a97ea882633b12139fadcb66972920e0b46fc35a51d9746ebc01,1594e1ec944fb4bd769591c57ff77fefc61f4810681ffdfefb22b4f03fc74eae,p004,p004,finger_snap,86,2,accepted,,val,85,34,1.1204814999946393,34,1.0,0,0.14740471895496693,
finger_snap/p004_finger_snap_0087.npz,8e2530b8b8cd8f429c02a8af1b8bf3405f05bc1f89b3be412ced99f7c25de4fe,721ab88ca84b559b5bc7974a44391cf72e8de5add88315a69d1dc4b002ed16e8,afa135a5702963fae947aa12e1dda0c3b8fa7a4331ffde4792a3db10ec357a14,p004,p004,finger_snap,87,2,accepted,,val,86,34,1.1160566000035033,34,1.0,0,0.1658671469691737,
finger_snap/p004_finger_snap_0088.npz,312874a4c3bf3f98caa6f6083452e4c1de82c236ef4f9d26be1c7781a2de1476,2fe9e61c6c5f9d2375e2fc89263232882998ecad4fb50eef32c6f85d7acb549f,30581c19a1c430d822d236a153a52b0873501a1d6901490ab26ec9ba9cf91ada,p004,p004,finger_snap,88,2,accepted,,val,87,33,1.0723106000223197,33,1.0,0,0.15883368044756496,
finger_snap/p004_finger_snap_0089.npz,c5e7dce33b7e644af95d6c314fcdaba4da34c735f70040703fbf5cc3fe8f0950,02742def08973a4942bfcdff56a73bfc52f010037497f7c2949f44c434f6c43f,bf27176747e5fe5910d2198f9afa1ff29ae89a8389443d4016751cd019a193a4,p004,p004,finger_snap,89,2,accepted,,val,88,38,1.2484273000154644,38,1.0,0,0.16071159853328243,
finger_snap/p004_finger_snap_0090.npz,f887ec91a673a65dcf187e64985f1dffc026527a833b8846f40846178f47df46,ff472c84594aa58a17af8dac403c673bfc0d7b40bc2833bbcf82a0e203ee3176,6fa4bc1edaa61a205f1423cfa39dec7fdc992123ab886b3ebe5e11c043df8f23,p004,p004,finger_snap,90,2,accepted,,val,89,38,1.248239399981685,38,1.0,0,0.12448586633836066,
finger_snap/p004_finger_snap_0091.npz,14fa6290fa17342266cffeb36688588ce5cc2232b6c9d32660827d2ada5c8ea8,e52561f9297120df47cfab4b19a53181f9c27eaaef25897e6b68fcef05198782,e54e0c9c145c512bf69059d1cfd1ed29f4a82d7fe823f077f129342d7e63f896,p004,p004,finger_snap,91,2,accepted,,val,90,36,1.1840977999963798,36,1.0,0,0.13664925173027354,
finger_snap/p004_finger_snap_0092.npz,6acd5b6a68df2c30e8b64c1a8b8a01595740a99a5652f524e426c12c1d276e45,067ca23cec8e471e93bc598a6c4951f0e3add25c0f5b25168033f87869199c18,91b14100b56b89c52e6b8ccdcf818a92006aa125fc74fe260cee0241137cf2d9,p004,p004,finger_snap,92,2,accepted,,val,91,34,1.1195516000152566,34,1.0,0,0.13731703806437234,
finger_snap/p004_finger_snap_0093.npz,08806b09038a2a5a325ea9417cb32a5028244b5b087a7ff3be8137a689c0940a,651081e6689c07404231d0c852240792bec4afaeb25f4c0531d02e0ba875e916,3e258df4b9aec9e1e0b6baf06985115272931c7f302d87f41369c03b27ca593c,p004,p004,finger_snap,93,2,accepted,,val,92,33,1.0877951000002213,33,1.0,0,0.10458626765038288,
finger_snap/p004_finger_snap_0094.npz,7fd040e6fd4f8da7e55153053bcc52f9cead67b12ca462aeb879865b52d45c59,4c1dae888cf764342c9f32787120dae0c8f189262c0e0d7e673e83306e2f417e,786c055ee5dc2505414fd491103fb5f85a5f88086d5cc9647e6d76db1ff96a79,p004,p004,finger_snap,94,2,accepted,,val,93,33,1.08829769998556,33,1.0,0,0.12413829466272965,
finger_snap/p004_finger_snap_0095.npz,288bed3f98ca542990aecb664e8db562d1a36f7eb0c036e8f4267994068e222d,400bc9b591ff27875a7da902f87afc7e085f386ecab3e63412c610c68d2adf64,5918d89d60557992e1612e2c19938795a2bb6ae54571ba8ff9443498f9dac106,p004,p004,finger_snap,95,2,accepted,,val,94,35,1.1368379999767058,35,1.0,0,0.08769356372952657,
finger_snap/p004_finger_snap_0096.npz,842a68babbb559a1c18f6d3fb194a66d4bcf6faefd00280f463637de19bf5f12,b8f6108bd387c018bf486072a6afb379dc4208ea49324dc43a92dc878a1ef087,32a8d33f6712c98b9201ac9c0918ef45f477bf8d8abb69093417c2a0ce538845,p004,p004,finger_snap,96,2,accepted,,val,95,31,1.009959200018784,31,1.0,0,0.15442245622960724,
finger_snap/p004_finger_snap_0097.npz,f2c3a8e86a00779e482043950ad84ed02f8de58e666536403304b46965b60507,a3d08298c769951b1585ca1a479616386d50ce914ae3433990890dfdd8102511,860074ae8365a1fa884140edd94e1a9992d8c7744840ea52c3facca7c942ddb5,p004,p004,finger_snap,97,2,accepted,,val,96,34,1.1217700999986846,34,1.0,0,0.14511316669030888,
finger_snap/p004_finger_snap_0098.npz,8b724ed3636c43fbafe430d1d1ff2b3692210c6e52180c1a90ddec15dc97f956,4d5d101f34e043b742cec6755403374699634b9aed0faa47e5e72588873cdc1a,2c646cf7613efac5769a3af5aca1ad6ccd024c17928bac9a54b4aa70a9ff8a3d,p004,p004,finger_snap,98,2,accepted,,val,97,34,1.119934699992882,34,1.0,0,0.15430555968978538,
finger_snap/p004_finger_snap_0099.npz,39602465587508f6d7b8bf523cbd94f1180a6d99c938351133ea26c86306bf5e,e5238ae3d6f127f041fcba533ff7b5b92fc700cf342ef5ea70b1d716d6742263,159fb140ef09056dc8254fbad80a3f0f07582c2ae0ac10b0e152f8fafca2dcf8,p004,p004,finger_snap,99,2,accepted,,val,98,41,1.3448767999943811,41,1.0,0,0.17187305231720257,
finger_snap/p004_finger_snap_0100.npz,1773dc81b105c7bb22988269ef4f183b6d58105be0a0e8c91f11239873cdc0f0,d92f2a224c9a62cf97226c9fd4edb145b3175cafd33120f81113f36bcc97f1c7,09b3794956a5485eeed7e6a8cb9791c799d67e6c45b0465b2960dd043230ea8b,p004,p004,finger_snap,100,2,accepted,,val,99,35,1.1526530999981333,35,1.0,0,0.16823658697358973,
finger_snap/p005_finger_snap_0001.npz,1c7209bd3f30ed3f24c79568d4226747ce9936125228b2203cfeb5e31f30c630,d60eb6d7ad8daf353f4ae741a4cd1190d0279cc386687aef7ca22da7b71f9831,138d7320993eadbe0aab2db08223300efec00c3a9217eec363d3a97795c6038f,p005,p005,finger_snap,1,2,accepted,,train,250,25,0.8149798999947961,25,1.0,0,0.2232078441724377,
finger_snap/p005_finger_snap_0002.npz,bfcf5839afb8b79a2a75ad0fb4b68705d31aa3343e9dfaee77afbedb1c628bb8,077554e2765275a368cb50a83964f68249ddd72ae3305e6ca3f126851880013a,a36057a19a7e109e4b0a4ab433daf1c76d977d02ac30585aa14f312d4e65957e,p005,p005,finger_snap,2,2,accepted,,train,251,37,1.215498799982015,37,1.0,0,0.24649375848411959,
finger_snap/p005_finger_snap_0003.npz,56897e716b8f88fbf3cd0e3b400050dc9eca2e73fd27edb7772252af998a1631,2b0854f8777567ddfab259e6bab636102e675423c77c5cf00a3f0a83caf7d54d,313cd8d54c192f203170a092d6839a1c44ad7db6a15e0552e0f90ba1543106e9,p005,p005,finger_snap,3,2,accepted,,train,252,29,0.9443786999909207,29,1.0,0,0.19006167209946925,
finger_snap/p005_finger_snap_0004.npz,6f218f5811d77df212b5f1d9c86381e967712c0ac47187f1532235d80448af3b,3140288e4b6384bbc51d9bd4593c237f7857390f2eaf8ca0639af63d9ae12483,a8c266e1680e672e7f2ba7b2ca2be404ba95e14ce7eb35abbfa9f9395afbaf9e,p005,p005,finger_snap,4,2,accepted,,train,253,32,1.040471800020896,32,1.0,0,0.2121362874435167,
finger_snap/p005_finger_snap_0005.npz,3761d860abb511b2bd550ab0b13ffa7de26e73dc4dbc54152306a2ecd7b85eb1,bdc07ce59c56df4735b4c6b7c5c12ff0c1aa1a61b532d8d962e7aa08caf34697,c7c982702d8ead0522f6c6184a4f4fa1740abf2d4f5833c751f827a234772078,p005,p005,finger_snap,5,2,accepted,,train,254,27,0.8804397999774665,27,1.0,0,0.20721741989510253,
finger_snap/p005_finger_snap_0006.npz,41b98c292dc4f883ade7abde41cbe0e0ee5bf312bdf60b3adcbe30f07f080982,8c26b0aae9211bbf5ec40ae75d926bfa2ab8475fecad1056e6d2916969599627,9d85d9dd1e59c767c10a2851bd81f2e36e41a64c48fd804c1d55607aa0eba27c,p005,p005,finger_snap,6,2,accepted,,train,255,30,0.9762568000005558,30,1.0,0,0.21639424061267976,
finger_snap/p005_finger_snap_0007.npz,8e37c005ffdf4a58f10ec7926cf90adcfade96f32239fb1cf04b460122ba889d,c4c0bf0f79fe02db14982bea8dc7557449a48c9dfb83bdc3ac2a24cb7bbf3e4e,642f59ba4f255ded11acee8133f108923398e8fa73e8ff42fe4a6c2fe4299eb1,p005,p005,finger_snap,7,2,accepted,,train,256,33,1.0881064000132028,33,1.0,0,0.19781803688368496,
finger_snap/p005_finger_snap_0008.npz,a1fbcc89531b1e49bef4da52e2254520ce056f54347192ba09be9da879b0c637,6ba61741de93661f2e0e7b38b2b2244cd84e6d5fbebe09dcc035d986f93e1376,379f6e5c2025645ff28072b4e5d465798f44b6b7c871a460bed44d23451e39cd,p005,p005,finger_snap,8,2,accepted,,train,257,32,1.0391104999871459,32,1.0,0,0.20925617195304225,
finger_snap/p005_finger_snap_0009.npz,1052b51080992609a2948335713c92e2de664585db9fea45f3bed48dc3519f92,0838b2ddfde760cc3d259990ccd5119554843fcabe502900779f76522a826f8e,df94620184cfb1b8433a0f97b705c0677739c3ee59bfb8cb2b8e6ffcf42ca35c,p005,p005,finger_snap,9,2,accepted,,train,258,38,1.2485999000200536,38,1.0,0,0.20752582621378896,
finger_snap/p005_finger_snap_0010.npz,281ef80436363a25429657e6535cdedbbf9cce4c53281637a04dd0b277ede3d9,09ce05646dac4cac23aa7b203d21f782982a29e876b6bd0d4206a9823a5a79a9,33ce418294984a32391f8c060045c61e399e1754971f4e223f14cb85b790cc35,p005,p005,finger_snap,10,2,accepted,,train,259,32,1.054367100005038,32,1.0,0,0.18738914726655498,
finger_snap/p005_finger_snap_0011.npz,017363025f47ecceb78ce3add6f9ca8e72b9b0186f3ac1522a42d3bb9077c7e4,b4c7c7c5887d3448615b9e697083b6bb2b369465e8ecb7d091cbe78116ca501e,23b06f0aabb15227366486433d2b9d412da5d4a1d34e9249bf070afd70288614,p005,p005,finger_snap,11,2,accepted,,train,260,32,1.0397544000006747,32,1.0,0,0.19085371888940256,
finger_snap/p005_finger_snap_0012.npz,b0560a10682f84a8192830e8fa603c2a7d0f495a58e0c340f7e6a46bf4a4f000,4ca6f00d8022ae4ef1edfc3a9c82f27cd17cd58bd2464cc28c7b028b05b343b0,90933abd428ea3ef355cc30ac336c1e805a93ba7e92f4b4ddd2559c6f597e5d8,p005,p005,finger_snap,12,2,accepted,,train,261,33,1.088062800001353,33,1.0,0,0.20055538395679218,
finger_snap/p005_finger_snap_0013.npz,a7d28c58031f022a64424eea5c804fa95abef2738362f99aff984ae684550341,02e0d86e852284b795a57c945547343170687592eef244a193cc7594438c3071,ea74a0cf12ba17145921c632990cff4936ead1f153b0af332cf22f9fcb19c25d,p005,p005,finger_snap,13,2,accepted,,train,262,31,1.0233705999853555,31,1.0,0,0.1977711282603414,
finger_snap/p005_finger_snap_0014.npz,5f0a6637faa27a71bd0fd233fcd474d3fe0d94e3c99a798ccac3088b407ae149,93f1a27fca5af4bb7b9ffe1517fead13bcb302a4e3b9ba88c60839759268b21b,5e249ba6e754f45f25b14d3c43b1fab6146688dd4067687803a3193e7e826297,p005,p005,finger_snap,14,2,accepted,,train,263,32,1.0553978999960236,32,1.0,0,0.18394112685746206,
finger_snap/p005_finger_snap_0015.npz,d439a79139dc35ee65f20ceb7edabc4988a36c4db14a38f160ccf9e9c3aed426,b5c01e3e0faa76fadf040b9c790ffb4c5e5f2be5f2557454eb456b7a41e3300f,b020c10ffd3b858481a2a38182f4587f4d007d807e0affb0b161fd51f65a0f77,p005,p005,finger_snap,15,2,accepted,,train,264,32,1.0400493000051938,32,1.0,0,0.17095019470757655,
finger_snap/p005_finger_snap_0016.npz,1fb791815572aa66d070b63869d0078a0f1c75cd72a570eab9aca6a03550ae7f,8e7de315fc3204edc8d412bfe3823f1b6f2f7826f391763cb555864ae79ac07f,4ca44cec509d9db0cb5c684cd6645f18c595179124dbd5bc5f35ec6264514a7e,p005,p005,finger_snap,16,2,accepted,,train,265,29,0.9435955999942962,29,1.0,0,0.186279512504478,
finger_snap/p005_finger_snap_0017.npz,4e131778fbb0d3a3d2b3f12fb512afe02ee928be087cfc8534c4d3b0da55d524,659205849f48bfac018c2448f34ca50321c8db4d930f1a1ebaeb64f7695086da,ff22f7be65df0ab3da9f70b9c04761782bde80905b047b3ace3e007f469a6646,p005,p005,finger_snap,17,2,accepted,,train,266,29,0.9435204000037629,29,1.0,0,0.18842197438984135,
finger_snap/p005_finger_snap_0018.npz,c3732a5721393133e859ef7f3f00f76521368ca35ea1dd353087d8bb1ef3bd86,1fd296646ed1a47cf390c723e19f3b3071d41bf76d914da289dbaca148f18972,ce103d0018593ecfae35cdca2917a2c9108e3c1e77b0079eaa965c78490742a9,p005,p005,finger_snap,18,2,accepted,,train,267,30,0.9752258000080474,30,1.0,0,0.1779110451860224,
finger_snap/p005_finger_snap_0019.npz,3f05fd9ffb9bce2818917e3f688b0dd1afaff9f0963f2987414e8d5e0599582a,b39bbb6c1312b5f1eaaa24f1380132610844d06f7a48989449d4efacd313899f,fcaea7cd0fe11a24bf13a5e20ff715fe1b2fdf020df3befde53bb4f677de549c,p005,p005,finger_snap,19,2,accepted,,train,268,32,1.0555026000074577,32,1.0,0,0.13290732219934165,
finger_snap/p005_finger_snap_0020.npz,e6baf6a43d2c6a62f11cb551550eccb8562aff22fce4e2967575185815569df9,6124c9c3b00c14b68c32c132ecca6ddc17507c06e6db05d69e3cb9ccbb5df9b6,387eac7451b7afb7929d61acb3eeefe394c759cf6b9474a03ea287e0f8cf7268,p005,p005,finger_snap,20,2,accepted,,train,269,33,1.0717344000004232,33,1.0,0,0.1405706277072532,
finger_snap/p005_finger_snap_0021.npz,2d9d7a28dea21e99d84b43a5a48ea21cd3551f174972df6253cab3c434074cca,07c8c9f73d02343e3904a4c0ea40f71d45500470489e89f4507bd49cff956488,61673086f205c2102eff991a3c07986cfccbee67aff690bf8b52ded5daf38538,p005,p005,finger_snap,21,2,accepted,,train,270,32,1.039760399988154,32,1.0,0,0.23507810607690055,
finger_snap/p005_finger_snap_0022.npz,23bd1cbb8308aec64f29fc3479921d88ba6d0a90ddd366df5484cddbb4b0b7b1,0b2c58e25ac2093fa3fd757e8a8ee7096d4063566a95c4b7e959fdb39fde869e,9119447b0c976d042f9237e01f90fbd500b66f13a898dbbee7cf8856ac76f45b,p005,p005,finger_snap,22,2,accepted,,train,271,31,1.0079059000127017,31,1.0,0,0.19107614242401347,
finger_snap/p005_finger_snap_0023.npz,1608058306c8ef07e96a525fefb08a6c9bfb286c99cd317a2e1c6d6fcca22af2,ddc0ddeca930bc4c5555ad4288c356613bccf414ee49c1d5898a093e63dbe87a,35135fa50c26887b58f1ef35953b2992c93f02d83eeb41d4abb0396e09c5fc25,p005,p005,finger_snap,23,2,accepted,,train,272,28,0.9121322999999393,28,1.0,0,0.14564021328569823,
finger_snap/p005_finger_snap_0024.npz,3ec6359bbd25902ede48eeb14e209972eb2527b9716e555c8dbd100213410913,7c52a1bef6a9dc13d8526ee22971bb2e15a1c92992149e8408f430dec51d24a9,a058fa12ba9b4fd22e336612049b67ca900bdb5205c37a993d9bab93af6491d7,p005,p005,finger_snap,24,2,accepted,,train,273,29,0.943960300006438,29,1.0,0,0.1480877083642039,
finger_snap/p005_finger_snap_0025.npz,851e3e5c4718c010f709cbaf58c0251535278187a7a525c62ae7f28661ae7cbd,3fd4b63480cc5898461e597c6f051f3066d41994ebbcf527e058c3c35d33824a,d3333bf921f2c82d90c53336d3a7769028499cbc4897c96b71f5c27cc56629b9,p005,p005,finger_snap,25,2,accepted,,train,274,30,0.9758141000056639,30,1.0,0,0.18428654842000336,
finger_snap/p005_finger_snap_0026.npz,9e30d84c4f6615caea94991ff82da0ebe8f96cc15a8b0f7522137116940cdef4,0c799988b9c888159b2dc91750d053c9a63be41e679824fbe85e7d653c357f48,2a04fa182b0c6f623b82f5046c3e75558e288e2d8a822d864e59cf7342f7eeb4,p005,p005,finger_snap,26,2,accepted,,train,275,29,0.944182200008072,29,1.0,0,0.1672535828014276,
finger_snap/p005_finger_snap_0027.npz,1321d67ad03e9397d9105bbcf2468ef083e17bf867f0b9624f671719c55c3e01,a2e77f359eb38d2e287d4d072aefec3f1011fd47ca998f7119bd90ec1b927a45,f78c3e25e3f9837c1d0047904893e7e4704b6b1c020eef82d8bd480a916b1b04,p005,p005,finger_snap,27,2,accepted,,train,276,29,0.9441797000181396,29,1.0,0,0.17253436010272566,
finger_snap/p005_finger_snap_0028.npz,ca6340228330d51158fc1442bf4a5a8215b4838aa19c1a66c56d9eb709f8fce0,f535de2a1db733446eb455ec2dba6c514596ebeb87164e16d2479d74511a13e3,680b97d382320dae7ebf4014d2f5a141aa4b9353548d9140fe0e9773f150ed33,p005,p005,finger_snap,28,2,accepted,,train,277,32,1.0555133000016212,32,1.0,0,0.1437584631763144,
finger_snap/p005_finger_snap_0029.npz,881caa0e21a73f4f822ec0499e5b3f7849b884d78ecb3a8b4725581c6299845c,6cc7af7a3ceae718f2b43e495d8ee9fda230af845d7590d672a7db5ec3dbe226,d44048d17d844262e45be15a67c5a6ac769e5c15dc12301ee8756b052be27f8e,p005,p005,finger_snap,29,2,accepted,,train,278,29,0.9444652000092901,29,1.0,0,0.14953704208536267,
finger_snap/p005_finger_snap_0030.npz,be9d5659abb063e2a1173c7e17faf6d738bf9f388a0157b9b5866ae85f7c13b7,7c19d8d89894730b662610fb394fc9caa34508bb8a084738831fb21e42637b3b,443f5bd8457870d9be2c8ac72293b5ce06f62a30a24d0888599408d85239499b,p005,p005,finger_snap,30,2,accepted,,train,279,28,0.91242800001055,28,1.0,0,0.18845103534218166,
finger_snap/p005_finger_snap_0031.npz,c9f26d9343a6245ac57381c8cf1179764075a94113225d664f9394275b9b4725,2d359bf65c7d8cac62512b437891376faa4a4a2026f07a20bbe8d49f2f81fe05,0d251d36f21471a59e8996c4373c69f0294ad2dbbcaa130eaa5d2add18d9ffcf,p005,p005,finger_snap,31,2,accepted,,train,280,29,0.9439533000113443,29,1.0,0,0.20065410440003892,
finger_snap/p005_finger_snap_0032.npz,b7c4540997009c1366cb0c8739027bd6834a314f4b14395a6990f268a091e7f2,b8464ef0ad2b223c32372b6fb5aa2ee0a514a7026a79658c509f2aae9502432c,332aad6dba88d332919ab51b2e1c8f2d05db62815c3a17beeaaef4f1e663a4ee,p005,p005,finger_snap,32,2,accepted,,train,281,28,0.9114304999820888,28,1.0,0,0.19749713084445103,
finger_snap/p005_finger_snap_0033.npz,6d27b8201d62e0218b459334bc557da957c7d0dcbdcb5d47b0a33da3a4ed8a18,c5d5b614df905f76f906fd448162dd2e0f197eb512959d37b527aa8e25c126d1,cf70c4e1e083239f9482c691d4c9e618702bda118c945f203e75af6e6726101f,p005,p005,finger_snap,33,2,accepted,,train,282,32,1.0390501999936532,32,1.0,0,0.18726768214771916,
finger_snap/p005_finger_snap_0034.npz,cedef0b72b0199d7503997b12fcb5e90eade497e9d4089862a625f7d295b5629,66569b0e15a5cb03113c6fe0f87adf75616f51a03591eeab0735d332412c6b14,e9aaf92cce753155b641265f44f3881a12479b66c57a3d0511332ccac2351a24,p005,p005,finger_snap,34,2,accepted,,train,283,36,1.184174099995289,36,1.0,0,0.15736018465189638,
finger_snap/p005_finger_snap_0035.npz,94ab002a841822291a175f1d2175d88d699cef64da5c794194e8e655fa4704a8,dc09683bfd201215f7bed89cfbdd41af4b31cdfa28a410f2f51a2b333e5e8d50,53db8e73c78143a2092e33a9a6ee2d00ea9d6ebc774373b29d65fc297ea106b9,p005,p005,finger_snap,35,2,accepted,,train,284,32,1.0415915000194218,32,1.0,0,0.13862674092960392,
finger_snap/p005_finger_snap_0036.npz,511e59cd66a08ce594a064a796524e0f4b7c6ca9e72a20ec8ee51fb0b59fdd64,d350573ce0b2208ffb79e49318be19c31698137e979e8252f0859deba4ec0b86,199cc49394ab3401da11db91d0eff9e76d51d6df740ed6cf48e2c5940e09f78f,p005,p005,finger_snap,36,2,accepted,,train,285,34,1.1031748999957927,34,1.0,0,0.1501110021809259,
finger_snap/p005_finger_snap_0037.npz,8e8a80bde261d44bfc62f3bfa158f14e120f3aafb94e0eda2bac4a39139a8881,05b51faa3f844972fbdf7d3873843922ffbc8399710323b30d6d972ffb1c929a,02242416aa9fe5efe6d0a79b36d54a82cb887942048f4dd0ebb537d00b2c6b81,p005,p005,finger_snap,37,2,accepted,,train,286,33,1.0718274000100791,33,1.0,0,0.20541266352684265,
finger_snap/p005_finger_snap_0038.npz,e26dbc958dd84120d5dd33e189a8d162139f727dc5497effcdcfe9cae1b6ae64,af52dd9bc3c61629a170ad9b8f4e870f7172d4ed6cd5417816c57b884cd1cf5d,fa373808f6fd7466cfbf1d56312e4e857158d0c951cdfaf4691ca91623c083d5,p005,p005,finger_snap,38,2,accepted,,train,287,31,1.0071751000068616,31,1.0,0,0.17284568834240244,
finger_snap/p005_finger_snap_0039.npz,f03baf05b7627f76739ae8b2fb3664f2f9ebe49be830cd97a17b89d97b7c0848,75717a0705935ba279cc43ca70584ca40c76a93abeeeed2566f234af3b73dee3,0d3bfcba4e8ee3fb4f994ba3ed2acb1286a9dec97b930ded15c415a60617dc89,p005,p005,finger_snap,39,2,accepted,,train,288,33,1.071539099997608,33,1.0,0,0.15919058353943483,
finger_snap/p005_finger_snap_0040.npz,4309b7b595044594d20bd3f8ff90d1338beadccbda5c8a0d64645ae088eb1b29,6830781349163f10da8e6817760f4a9cee0755f4db1a11e76fd40a8480798ec1,3f1f7f21bcce3309b705f9b0a6e9c3cb26618a0ad09370bceb6041a14d702639,p005,p005,finger_snap,40,2,accepted,,train,289,31,1.0080469000095036,31,1.0,0,0.1446373596298872,
finger_snap/p005_finger_snap_0041.npz,8ceba1f4b69404fc95a9e7050827000ed4d54011a23252d5dbb9930ddd60fb8a,cd48a378465ae007af3883c2706e2d7a22fcce7b00912a7e88658f5ece61f1c3,f501afe6b501465e72a6fee19a49b484518ac6b76f35d4af737532e7efca95bd,p005,p005,finger_snap,41,2,accepted,,train,290,31,1.0081523999979254,31,1.0,0,0.1487831195600602,
finger_snap/p005_finger_snap_0042.npz,a584968ce977691f8b4c4ec7029e40664a6d911e5dd4dd8b581d29cc3f4e9682,1c5a62825e2597f5f594b8317880cb333d54919b0fbcfdaa157aead9f559de24,abf4352c946f998fb5a4745d1621c3f59a571e97762fd7bd8a172685f1ae57c0,p005,p005,finger_snap,42,2,accepted,,train,291,29,0.9442469000059646,29,1.0,0,0.14327790141729901,
finger_snap/p005_finger_snap_0043.npz,a63f37839a042a2a5e47fab2df5cecac49a0e138140ec2333d9de76af09227b9,e985d0c1e206f489e488f3f2340bd11621735d7cdb16a422ed34b2a471d06893,871cc7becb8650f6880e44ad4eb406a58ccd85e25bd1db983d23e620e36fe46c,p005,p005,finger_snap,43,2,accepted,,train,292,34,1.120406500005629,34,1.0,0,0.14797213572947257,
finger_snap/p005_finger_snap_0044.npz,d09aea466c63f1b434cf15a719cefb0c6d21c9469c0c422dc057d6b09c385c3f,f5bb6c7a31ead988fefb82a39d68fdc90553654e82c6860d09c0850d1a1b7177,9bc3d14caaa43fee06f21923e87bab106c75ff7c2d434f49ef81407ab9e90962,p005,p005,finger_snap,44,2,accepted,,train,293,34,1.120039999979781,34,1.0,0,0.20389249471802845,
finger_snap/p005_finger_snap_0045.npz,07dee9a68f5bb226e5347ffc9ddec9a49bf1eb0a7fde5972fd56a0f0166accae,132624ea1c2896e5dbf6453f01326ca8d2304b005e5cda3be1e68ff20a0f30be,cc3fc9f7870c2aef77ac60398d1a3142320051ccf3b2eac48688e7fbcfc2908a,p005,p005,finger_snap,45,2,accepted,,train,294,29,0.9433518000005279,29,1.0,0,0.1998187038482137,
finger_snap/p005_finger_snap_0046.npz,38b978a687969b153da2ce8f6f991f2118afbfdfeaf9432c36c026b7bbe1dfe7,cf0e57cb713e07376f8969673b8b6c309dec2e948a8f73686b4a539a7f398eed,b0dacbdb4cc60562f0440cae610b91119f91ec37ace86381ba6affe871f3700e,p005,p005,finger_snap,46,2,accepted,,train,295,35,1.152058700012276,35,1.0,0,0.2017431845202767,
finger_snap/p005_finger_snap_0047.npz,7e9aae85dc7b3fe7f6e361276a9bf93e546aafb2079225e3ca9e39f7169dcd1e,9c9e5e25b2909316e2a62860e187ff4307956a20688ddb5df24efe54d536f823,d13d4f3bf8581309efaf589f25aac813ef9d78f01b1e0a3d4f10a25c52788414,p005,p005,finger_snap,47,2,accepted,,train,296,34,1.1196781000180636,34,1.0,0,0.2203924838034732,
finger_snap/p005_finger_snap_0048.npz,7dd9d4a5140a936eba65b19003769a49f7bd26df2a3107185fc09aaee5450ad3,538e3ef2fa26d6d6b0b110aee6866a6c19d89e442fc57be71dcc72716518abab,550b1aa36d12c2f9ae1a0328c851fa4465aa14e714fce5b83cf982a70b6e936b,p005,p005,finger_snap,48,2,accepted,,train,297,35,1.1526404000178445,35,1.0,0,0.166819645526627,
finger_snap/p005_finger_snap_0049.npz,520023d432773e881a699bddf6d6e40bff373cab896842064777450a118ef193,3fb5583c8fb5238efd0c48bf82e6ccb213f67148bb36fd04c12ad9b6a429940c,70ca5d5adb7aa311e165350f667ad4e2f4f44a47f9b8f00d0b88ca44120f23e6,p005,p005,finger_snap,49,2,accepted,,train,298,30,0.9760278999747243,30,1.0,0,0.19067405272069748,
finger_snap/p005_finger_snap_0050.npz,0932572a3574b1f8c3076e45b9db42fbbc0cdf46b5496e73644f31c0d3db41fb,88b6056a0850d1d4270a183403d0fd945f3b474e7d293a63555313c3cd01e5e2,786412b98f5dcf7c217c533a074d89f174d4446292b56b1de644eeb9234ccb01,p005,p005,finger_snap,50,2,accepted,,train,299,33,1.0721075999899767,33,1.0,0,0.1896404272302681,
finger_snap/p006_finger_snap_0001.npz,9df7731442270e8444b3e08c25733b83741e6d2f912044785bb7d21bfb2bad31,ee1d95cbf66db2dda2b2759c8391ea3d2f621afd00f4b75d04572ef1b4afe58e,f6cedacad438d9965995e39a8d23601b74cb08c224e90415b9d0559de78b5fbb,p006,p006,finger_snap,1,2,accepted,,test,0,31,0.9919169000349939,31,1.0,0,0.20188675710534743,
finger_snap/p006_finger_snap_0002.npz,19756161fe9aac3a7e20544f47b73cf19dbb15db241399b2a576540f640ae8a6,1f5fbd2be1887485d9c211f93df59ec3b2276a095439740706ec073c294e5c8e,2effaf86f45eb09c3a79e78d2b35eaf5557ca3f0cf31529816a4e2ae685f3022,p006,p006,finger_snap,2,2,accepted,,test,1,33,1.0402822000905871,33,1.0,0,0.17717554713778016,
finger_snap/p006_finger_snap_0003.npz,4d78b8a9b79ea737454edaa05432f63c41fc2daf3be13309edd0803e1114ecfd,f5a3a85d8d6420c141620badf335314178ba257dfdc5b092afdaaf43bcca15fc,aaddb1479adf6b05962b247b253c98c60e3977ab79612a64bbbc101940b080a5,p006,p006,finger_snap,3,2,accepted,,test,2,40,1.2808516998775303,40,1.0,0,0.2515216261071712,
finger_snap/p006_finger_snap_0004.npz,92ea028db154d63cb3a139d67f067d02619f3f80554766fefdbc5a73a025e5b4,94adb022ca1975ceb926302d7d65bb5a4f060bb3def113cba908ffd4a14d7de9,4a92aea32e35740349b812df3072acff2d6b5b118849dcb3240b779b58027624,p006,p006,finger_snap,4,2,accepted,,test,3,43,1.3765478003770113,43,1.0,0,0.11729671711862463,
finger_snap/p006_finger_snap_0005.npz,9d0ab50a0bec0f283ac61cd295210540b85399d4d6b60292fb94b7c7fd2f400c,d0aa4cd24a075dfe4345dfeaebb944f0ec2f65417b21c21b340acb0c24f1a465,f82b6c60fbec3a0cd09a6e8d7d3f5659026c0b99a63f1b798169c84532f07d30,p006,p006,finger_snap,5,2,accepted,,test,4,43,1.3909706003032625,43,1.0,0,0.1836514668377312,
finger_snap/p006_finger_snap_0006.npz,7aa33646d029e1dff90c954d303788379c153598f011af24ef155d2c3d75476b,2c73d88e6953f2274ddf8e4f1aa0b3ea419801d23079d679ddd150f1ce9841cc,46ea7fa458c5178c5d6e63e7e760792392a57ba7a123058965e25b5cd95eb444,p006,p006,finger_snap,6,2,accepted,,test,5,41,1.3128066002391279,41,1.0,0,0.07269473904393046,
finger_snap/p006_finger_snap_0007.npz,cc301bfa939b1803d845b3c279588f32c9213653a266b9c5a89f8bddead09dcf,7f31836e9cd9b84485da7f7587240e1d07d240389a6e41cfde3f40acd1989196,eab3f0d973a4916dfb7d901d15554129acefc52cc287989da638a37400d0d5f4,p006,p006,finger_snap,7,2,accepted,,test,6,50,1.6164347999729216,50,1.0,0,0.08570988289254168,
finger_snap/p006_finger_snap_0008.npz,edc4c73cb424351784916d3ad04b28ba9c7d38a8e50d578b23d61a66c92edb0e,6ab4c520a81653bdbfe1c70ace1ab748cad5df29350036745c5b66aac37fad22,3c6354721985517bb4ed9661d12a82cd0e1e023713233d9853ce14646d1686f3,p006,p006,finger_snap,8,2,accepted,,test,7,39,1.2511873003095388,39,1.0,0,0.09768822059011985,
finger_snap/p006_finger_snap_0009.npz,fb87a06ffb9b60066806193ad6702634f9da256f615324b791f3ba444162d7fa,1ccdd53303622940c6268f3e2e82e5a1b021e43b2342ce058778b87e93b9c7f3,7c1908dadd39822f53b6ba605f8865edb6b03c49295088ff22d2891d959e5343,p006,p006,finger_snap,9,2,accepted,,test,8,45,1.4409913998097181,45,1.0,0,0.054256217868097055,
finger_snap/p006_finger_snap_0010.npz,9e88c58212a11d1e57369043c7c292ae3f0fdeb0042899e83f0d020b92567802,88c8c15cc90679a5cc254e70e53d146196fa972af660b6fb8cae1a0aafaa6adf,d8ebd93ab8605c7f7a4f41c81837be72e32f9587abed42cc80581cac3fb9f12d,p006,p006,finger_snap,10,2,accepted,,test,9,47,1.5033788001164794,47,1.0,0,0.08778116394498324,
finger_snap/p006_finger_snap_0011.npz,535ee47be736a4de8fcb82560f1fa49b048d553bab42f471b30d54efca405eb2,367269c4bd568ebc869ac1bb1d53d60f13210137b6516a0ff442dd4926213058,7dd79776f19f9c31d1533f5fd836b00f1efcfd0d1d324c0b1dfb445b0610524c,p006,p006,finger_snap,11,2,accepted,,test,10,36,1.1525952997617424,36,1.0,0,0.1581406675693907,
finger_snap/p006_finger_snap_0012.npz,c378bfa1a70a5c57fc7114d9cd27731b775281d509b8ead998766d7fcde6b1e4,8740fab7f592614f1c80d9dc270301db45039b8674db867bbf7e6519223a69cb,fdb0f5b6d8aeed38b505cb5c684f5d7b57b50d97d518ca38adaf7462fd31ac31,p006,p006,finger_snap,12,2,accepted,,test,11,31,0.9757527001202106,31,1.0,0,0.22542771799689257,
finger_snap/p006_finger_snap_0013.npz,c242287c2c59018d115b93a9adf632a574ef368f613fa763eb79ca7402bed01a,67e393ff9980560537d2f524b33db73728e1bd7cf3ecc10de0ff6819cf5173c4,86c43abc278963c8bad4c9486cc97681316eaaed692357dc80b01bcbddafa8f0,p006,p006,finger_snap,13,2,accepted,,test,12,31,0.9920401996932924,31,1.0,0,0.26347555948027646,
finger_snap/p006_finger_snap_0014.npz,39bb86cdf17752f0fe4f29e06592cd32f2f17dd1664078352311a36ebf3f0fe8,21ca301629572a8e2c6558b9ea752358084691a43be6314f7d1a6349bef8fcf7,f8d8341d382a10f8fa61facea0d0eb40009906d499ca51acd73c6fda140cace6,p006,p006,finger_snap,14,2,accepted,,test,13,30,0.9598592999391258,30,1.0,0,0.1655426174822524,
finger_snap/p006_finger_snap_0015.npz,3c878b86040e963ab2d3d6a2aed1f4c6625f367a7efd090b278487b89e1ddfec,bcde5b792d0b531e9ce79e2fbc144d792c967ece8ce676a844770fe3d1768cf1,86d4945f3a3b35b7506041966b9511208aed43f78e313e176f001fb30c92a31d,p006,p006,finger_snap,15,2,accepted,,test,14,26,0.8318576999008656,26,1.0,0,0.314972737235943,
finger_snap/p006_finger_snap_0016.npz,660c2cffa2e469729222a7b4f12157abe79dfd03c8a6bb495f0e22c1250ebeb5,4de8ebcef0984b0783a0dfc74453c68bff5bcdac22d170c8225252610c6049d8,4932e7c0f11c2f726cc6c2356d2f8ea460a96004a4db6dad96ae81d98e656bcb,p006,p006,finger_snap,16,2,accepted,,test,15,36,1.1516263000667095,36,1.0,0,0.12085694183236192,
finger_snap/p006_finger_snap_0017.npz,accccb5312889691f3ac7d4bda07a01dd0d108deff62b0e91618374360ef7bc3,5f164764ffe72b9696c5b7a2fdc6e7d11110ef488a48b61aa560d72f5adcea66,94b2936d89dcfdd23602c6cf249025ecaa90006bd04fb04afed1359101c42e2e,p006,p006,finger_snap,17,2,accepted,,test,16,33,1.0409953999333084,33,1.0,0,0.13743654593333415,
finger_snap/p006_finger_snap_0018.npz,87cf95dd69d92e7bdcc8fa6536ba25cea6c94cb8a10726fc69cd34568d5201ab,57bf92bbe2de66ad9f1c49c8d558113ce2d06cf6f3891ff3c94142abebfbe8d4,4fef20bf04624b83f9c88b8cdef353399db6ec0c509f82e6f86e8fb3b23342e1,p006,p006,finger_snap,18,2,accepted,,test,17,32,1.0228108996525407,32,1.0,0,0.1802525616514743,
finger_snap/p006_finger_snap_0019.npz,205c942c833a92ce350f54bc0e21149ae798105d29dadd532d1186bb789b5d36,f494f9c8aac7db6e3ee508252505ab41f966cd244f686e9d1518e598abe144ab,f3c816f5877786834dc6f8f2b46da36af6ea81c93f05bb89f88d467181a98b3e,p006,p006,finger_snap,19,2,accepted,,test,18,34,1.0882828002795577,34,1.0,0,0.12577090853162037,
finger_snap/p006_finger_snap_0020.npz,d4b398c90e57d280c292a9646b251da68d904aa8636965fdfc393eb3eb2ff6f2,b1328b1a92d5362e116c4825e8cea7020efb67ab2246eb8fcd0580a81fd00cf9,942f4b93a525e78fef3a54fb7be38744423a780b98758c53c09fedc918429563,p006,p006,finger_snap,20,2,accepted,,test,19,39,1.2478725002147257,39,1.0,0,0.12250700928072913,
finger_snap/p006_finger_snap_0021.npz,236e58148f386c1608639157940830f383b362efb07bad43f43dc3885648bc2e,4fa726f1787c298435f9b102df5aecc18822b8d2dd01fc1a619b44a89ba2bafd,102bdd94521b6be7d49d225b4683230ed7526533f23d0ca4e679fbe5ff90aed2,p006,p006,finger_snap,21,2,accepted,,test,20,31,0.9919040999375284,31,1.0,0,0.18527717393960458,
finger_snap/p006_finger_snap_0022.npz,7d33349091459e3a7c470edcd732add1d55615f900ad10ecc18c2c7b96bcd4d5,bee599b4713f82e721daa1f95fabc461a53207c9d4c44b4b88a5c9682667fc82,ee27fcdada58aaaab21c6531eed08d8b341ae441281430576b7ff583b91e4be4,p006,p006,finger_snap,22,2,accepted,,test,21,30,0.9609351004473865,30,1.0,0,0.23761748848623834,
finger_snap/p006_finger_snap_0023.npz,9291f7077807d5cbf2a0d4223d904bc95690e010b29f321a08088c96e8e3c9a7,eec70d612c57ba7964d3d3fe422f83a4ae781571b0657b4087afcb5682df061e,43bce0efdcc72148a8f7c1cd41bdc6b2021b17b177fa718507e97dfa33ec45df,p006,p006,finger_snap,23,2,accepted,,test,22,35,1.1011439999565482,35,1.0,0,0.17598771229576946,
finger_snap/p006_finger_snap_0024.npz,5aa5af1467bed590a7e0e39d2d48e9c36ba6515f156ac826c325a4d50bbdce1d,a325b031e7c805d767cc989f210bc9863487e876bb87305d5e7ae8e4c0658cf8,c80e686485427705a0b3b0be12faa3b2748f968904c16922eaf869c904fd6217,p006,p006,finger_snap,24,2,accepted,,test,23,39,1.2490530996583402,39,1.0,0,0.09670793907031906,
finger_snap/p006_finger_snap_0025.npz,c51c4de4b77b7cb18deee1a29d4b87b6d915c65578b7d93c098c98ea3050d005,899be6e0fb3f5f9580e0d53d7ee5bc162021e954b10904794d7e213915e54d84,0e162e2f912edd46634aaa429e8e31fbacf1349e408fb5cfc775a759ea15f73a,p006,p006,finger_snap,25,2,accepted,,test,24,33,1.0557129001244903,33,1.0,0,0.12328864011521751,
finger_snap/p006_finger_snap_0026.npz,4e79d6db0f928f4c722ab8e35f5e5c60d76bd9bd835d1e5583de2c076c9793fc,8f171b7be11dbce38afce04ba34b299f5be629164bdc33669d96f37b501bc0a4,57cf027a0d7351b9303ed9565af09b6e852dff7aaa743540bd269cbf01af3b6e,p006,p006,finger_snap,26,2,accepted,,test,25,45,1.4565954999998212,45,1.0,0,0.14370836632211026,
finger_snap/p006_finger_snap_0027.npz,32c0cd756de73e79eb815c06485d82e9576d64e2ee551eeaaeb4187ae9aada34,f07083b0d1958b8efbfa0052d5596989dc6e7544c5d8ad35e368c608f693a78e,9ff43843f361c676f1be8604bba3425672a274ec9ae2c656720f49e77b8a433b,p006,p006,finger_snap,27,2,accepted,,test,26,43,1.37691539991647,43,1.0,0,0.15477627831803648,
finger_snap/p006_finger_snap_0028.npz,78a93b13791310fa1856326a4a1d888bd6ba604a11238efd337bae9562138d8f,e10bb47f1517bd41623f7a9de2f385ff3765175571a72ef8e42e284a9706eda0,4c049e05024b9f23b6f8da122a2c5b42b39334c4a1813f74edf3c5cca5011233,p006,p006,finger_snap,28,2,accepted,,test,27,35,1.1192022999748588,35,1.0,0,0.1171545929835657,
finger_snap/p006_finger_snap_0029.npz,5ccae0274289a91df77bdbd657e185bf3327da8922e046f24c4208bcba999178,751d7c28cf144e4fdf4c6bb75c9d13fec9dd86f5358db2582b58baa4397cc6fb,286f2b2ffcfe6bb707323d723923abd1c46606448988674dbb746c0477fde3cb,p006,p006,finger_snap,29,2,accepted,,test,28,36,1.1516929999925196,36,1.0,0,0.14970498638091834,
finger_snap/p006_finger_snap_0030.npz,2b3e0fccb719fa95df01c7cc775ff899d47e42c0042fde0b18ec7f93037a73a8,a0f18371558feee810d30046426ab75e0109738d64bda385f301ae1c1d383d3c,6b07e9128db27131a1174e5ec4da853b962fba255cdfbd72fa2e7db1431b3f43,p006,p006,finger_snap,30,2,accepted,,test,29,36,1.1521541997790337,36,1.0,0,0.12964132551323176,
finger_snap/p006_finger_snap_0031.npz,715d8fd3066de3a91e560261b9d4b2a1846674d8750b0a431d9ebccb63951261,c2f11b4be08ddef7ff95cd5accc4e8d99f1a92704dc383a81c2ad0a709f7afd2,0bfae7affcc297ff5a7fdacbd9499379585250127aac929345cb5138a6be1ad0,p006,p006,finger_snap,31,2,accepted,,test,30,31,0.9911656002514064,31,1.0,0,0.1328995009484871,
finger_snap/p006_finger_snap_0032.npz,9b528db83eaf1cf4e748f87e2d0cbfe573c13123ff037c349f8ddb83f0b1e530,b22828548ea94aa61f9ebfee6ac4834b898c9c2c00483602e98281ba16df23bd,fb6d79db839cd225e2dc5b4869a9072049c9870b2ccfc4cab76f2b12dcef96f7,p006,p006,finger_snap,32,2,accepted,,test,31,34,1.087049700319767,33,0.9705882352941176,1,0.07753739300227742,
finger_snap/p006_finger_snap_0033.npz,1d9f236426f48165f6ddb5494dafecfdd12869a3061e08f9c838b34d29cae98a,1169737096942a6cee9a3a44a6dc58cb7e62cf60183309d9c6cd915047be15ff,a7f36baa65b293486b816780d10bf65b8ea7a4f681025a2d31bed79d2a03e0c5,p006,p006,finger_snap,33,2,accepted,,test,32,33,1.0399544001556933,33,1.0,0,0.1946402247950424,
finger_snap/p006_finger_snap_0034.npz,0a52d4510f3e2bd5f7012fed0d1dc3602b27d80b93b22cef22b5c2e8b8cd4a6e,ba9a988aa47884a273145c048d21a82becd6979047a6b38a66d3a90fe44b85e3,2dccd3b2e4c6bfbe5e4d8eb44b63850b604c09d52c21addf62659262a4a60108,p006,p006,finger_snap,34,2,accepted,,test,33,29,0.9271944998763502,29,1.0,0,0.12014376410489937,
finger_snap/p006_finger_snap_0035.npz,8460994d85e1282505f32cb392834c56c46f4fe4b247985fcdf8870d2cc812a5,53868d385a03328cf97e6a6d63806adc4b4c84411b9b00d7688f7c5a5a66d314,6bc90c93157416f598c263b307140f8ceef347a6d26e5aa56ec9e8284501eff4,p006,p006,finger_snap,35,2,accepted,,test,34,32,1.0074766003526747,32,1.0,0,0.13230848515017452,
finger_snap/p006_finger_snap_0036.npz,3508d8c528715e294423af76702629f9a5d58c841bcc975048a4b2c5e72b84e4,39129f9b45a3232f9c9ed856dcba293cf5ae0e90dde54cd23cc2553026dd5fae,29597b97b825da50bc8eea3f3ac7602c17ff2d73d786590999b29cb1b2fe047f,p006,p006,finger_snap,36,2,accepted,,test,35,35,1.120214399881661,35,1.0,0,0.05579783827975206,
finger_snap/p006_finger_snap_0037.npz,94c5b2436c08b68b9230ad3e63471715701c925364baf76474588ed0d2c46c28,dbfa766a8d9567a5857adfcfd38b7fc397e3200ba00a7aaa56fe1fe8d3f169e5,b327752e14d4186ba9dd6a0e2479c4d33d2788bd1210d01fcc303fc80bfe6acc,p006,p006,finger_snap,37,2,accepted,,test,36,37,1.183958400040865,37,1.0,0,0.15479001349783195,
finger_snap/p006_finger_snap_0038.npz,a587f258218a14817a3d48703a4714dfd0b67c36f9868aff15a89884ddea937c,d50eed8c27a3b61a5c723847d8982db08f4e650ac85564ac86075d3f7d0d8cee,94de4251a5db2d98ebafe77450a60a1d333e53137a1abd8d9265e0800fcdf95c,p006,p006,finger_snap,38,2,accepted,,test,37,34,1.0879783001728356,34,1.0,0,0.1465301582332505,
finger_snap/p006_finger_snap_0039.npz,88ed5e9f9321355431d540fbc17c337f5b98dcc234a438d267a5ca6392aecd1e,449e0b45732a3b976ce25b4cbce508c4fe341568caf6bea3e63a8ab552f4f7d6,9d7be7c5d6fdf5146e4aeb29dd83af3d53cc619c51e5c70076cfd112a01fb7a8,p006,p006,finger_snap,39,2,accepted,,test,38,29,0.9120303001254797,29,1.0,0,0.19705842504232363,
finger_snap/p006_finger_snap_0040.npz,7f1824b9c2f4b03dde1c7b0a1ae2a89c57f77fc4c3652689ec97ba1a5c5a78b9,b8341581e0ec2a9e15e09214bf0a301719460d0c19ae7bb77357a2837a87f5e8,f2abb668e5ce8ed9d94555a3620f2e1a76dfd4766a69e9961479df17aef54a6c,p006,p006,finger_snap,40,2,accepted,,test,39,39,1.2477966998703778,39,1.0,0,0.19411075145533174,
finger_snap/p006_finger_snap_0041.npz,d31f7f6a4ba3762a16856fb17e86f9667c0fea81c47c3b8ffc446bb3989913e2,2b606f9fda4148b0949bbdfcc6c4bde45c1bb9c172bd7a78e82b55e5b9e4d311,513ddb16d9b69f9929c98f7da64e57168439811e596187e446b5c03a1859e617,p006,p006,finger_snap,41,2,accepted,,test,40,36,1.152057200204581,36,1.0,0,0.21531722108962797,
finger_snap/p006_finger_snap_0042.npz,6f77bb141d9221c9d79c423933055ed6dc692b8548068143a341aca6ddea2b94,c5f10b4c5565801ee41fa7e8b8114fa8c7be93a614e962f45fade8e45512f87c,b95f6be89cf50df779f1564106798e3fa79b70b55703c795eea50cc2d9377cd6,p006,p006,finger_snap,42,2,accepted,,test,41,34,1.0880626998841763,34,1.0,0,0.18658624162512893,
finger_snap/p006_finger_snap_0043.npz,dd26189d828f4b1cab89ad2b53b2534511217f4708e40c9d8d5ccb2498b48b76,1011e6aa7654bb800d6b3d866732752abf9f8e8da242024f68c67f913d029dc5,47a8b77f1aaa4ee95ee88269caedcca68a19e028a6cfc3db8afec2a077e30f59,p006,p006,finger_snap,43,2,accepted,,test,42,30,0.9447319000028074,30,1.0,0,0.17963659359652367,
finger_snap/p006_finger_snap_0044.npz,cd2a3d83f55c2953ad762b6f9947bf64e1c8e69a85e18192d5afbcdfed414db0,c498ad53902935956641840c2232fff63918b69c173b6fcf8788ee0786312c12,5d9bcfffcdcb810e95f91dd99c6cf0fc106626324d9785f45ae42a2d91283b38,p006,p006,finger_snap,44,2,accepted,,test,43,36,1.1514969002455473,36,1.0,0,0.15704826051136955,
finger_snap/p006_finger_snap_0045.npz,af244744244cc57911f2f223419542df790d310c2234697ea9a668dcf17a6728,835d8c92007750d9958cb43fd101433dd5d687854ec8ae8b665ac396e96aafa2,0426e470cc926ed9a4ecfc6c9542418110f3c3f32b0a6ecbc2b878f056dd1d72,p006,p006,finger_snap,45,2,accepted,,test,44,37,1.1840588999912143,37,1.0,0,0.2030990690072141,
finger_snap/p006_finger_snap_0046.npz,8176184449e7cf0549ed00954b6cdf7f9a7143f883690e04b3ece0930327b538,19dcdfc4921727cd64462f43fddcb35dfe9901f4e79fda26fc4cd468c191eeed,1a287f966f40c74606324cae0e766a195f9d240178aed2200717ab09b1994af2,p006,p006,finger_snap,46,2,accepted,,test,45,37,1.1842317003756762,37,1.0,0,0.21958518857552936,
finger_snap/p006_finger_snap_0047.npz,17b377a3d52a4db73072553c5ca39e890e7441aaacf3a26dea973d7ea21d8c4e,3a96c801026b348061b2039ff3666609ba057a26f917b54458907c0717272ba9,bab5d323a3be5d6faa9779dc7f0e73d7da1c8b44fd6d8ae0c6098ebca10c45da,p006,p006,finger_snap,47,2,accepted,,test,46,36,1.1348652001470327,36,1.0,0,0.21747112369617322,
finger_snap/p006_finger_snap_0048.npz,653a33b65e95bc6c3676c28f99b2e8ba1c8da29905c9b38cab9ac017d3307408,f7f68b91a7e81678628ae54059ce00858194b2b883e3264d221fbfd426867f3d,d9d395a8a5be1ebaaac77f1a2dab9a2dcd251658fe54e5e718be584437a94da3,p006,p006,finger_snap,48,2,accepted,,test,47,39,1.2481928998604417,39,1.0,0,0.17816563589510495,
finger_snap/p006_finger_snap_0049.npz,7d64a5bf381b37950e93cb3a844c340023fde11c1d1fc3842905bbf8e7c8a61b,9dba1f476ecf3eb99839f98f4129cceb700cf30bf600bce821be486eeb429062,6ac7cf7e2681eb2837510c35df45596e0c8f0e7eaa37f77cdfc3dd2b83109b1c,p006,p006,finger_snap,49,2,accepted,,test,48,34,1.0882131000980735,34,1.0,0,0.0856624160710173,
finger_snap/p006_finger_snap_0050.npz,78961fc5baedde4c4d1807b0c36c567ac45663919b3e70d3435efc8dbf5b7de4,da46b8825722f05bc292b039acf94cdc726b5ead2bb1f4b27d6e4c99665073bf,176522a46f41cd45ee8610e5c08d9f448381bd3e13d54125dc7a7ba8c8cfe59a,p006,p006,finger_snap,50,2,accepted,,test,49,34,1.0715274000540376,34,1.0,0,0.1217829612269033,
make_fist/p001_make_fist_0001.npz,0b41882b8abe158a1ab755065dde952e16f70dce0db20ff60955df6c84391896,0fe61d7eb2e359ed160d2828b6b5c9a263cb41ae54b5014ccb8d1485b4603491,714f445d7efedc96a1a4cbfc046d45b5fd0cb907ee3e6d589bfbe6796fd768e7,p001,p001,make_fist,1,2,accepted,,train,300,33,1.0721073999993678,33,1.0,0,0.21868243448367297,
make_fist/p001_make_fist_0002.npz,d418d86010e1c418b9ba54f5a33778f785b7ab244f224b190aa26389e732315b,27bca1839feed392c572120e82df33d54ad46bbc1130a4c983589a823d2facbc,6353d130c70f093ae55d5711a5c133736fb8ff62719af566e141075f959980a5,p001,p001,make_fist,2,2,accepted,,train,301,31,1.0080574000003253,31,1.0,0,0.21668379978344315,
make_fist/p001_make_fist_0003.npz,f6d2ff16d6977ef12c8ee4b582c6325eb95f5a80c950aa4b9f89258705a55e2e,86cfb066bdba2c9e7d635c90c2a7596977e9389b94bc488683786cc605db492e,23e6be3f7a959334ecc618815a286e1b57db117a92d998864747cf6c0c3a3c7b,p001,p001,make_fist,3,2,accepted,,train,302,34,1.1044818999998824,34,1.0,0,0.21412784940747198,
make_fist/p001_make_fist_0004.npz,4df9da424d350992988180fb73e9e34e29e8f83fa1dbd2ecfe3b3f12525f800e,090f8943d25940eafff8c068a253893950305c0ab5730d0b66fe4de53c7e9305,43b439bb5ee0286928763234c72c7fe4c94cda9bfd203678506abed9321f1197,p001,p001,make_fist,4,2,accepted,,train,303,32,1.0401156999996601,32,1.0,0,0.23351558833812874,
make_fist/p001_make_fist_0005.npz,c617b1555280766e93379910d84e71c9397651b56dca4a0bc9caf967c1ea5a9b,699bc6961b43590dade6518bcb41b7110b9a0a69267ab3ba1d99057150711386,485f6288ddd38d761c8e4502be6e3c1eefe9201da801a57d8120d7b009bf32f5,p001,p001,make_fist,5,2,accepted,,train,304,28,0.9119451999995363,28,1.0,0,0.22045289983776162,
make_fist/p001_make_fist_0006.npz,1c8763419baae45d57418860c6d758188711de4e4045c82e3e4c47676a73442e,c9750b1bf2e761b800eeb8930f7cb35d4196fe694f512040245f80251fc01c07,cca8885c3da6f34a55ac8170ae42c65e1a8df5709e98786d3748a78be00acef3,p001,p001,make_fist,6,2,accepted,,train,305,38,1.2482098000000406,38,1.0,0,0.22807468169919143,
make_fist/p001_make_fist_0007.npz,ede1e090a010fb754b65f6a59823dd3ce063c9774fa146a20a8a91500f7c87d1,9a30c1542d242bc7d112a3790a817df6648d82872ad4faa555776a17d6eaa7dd,7c2807d6ba6b551e33a8331b9a3a4ed22eb745c5f118994bdf439e7d043f3e59,p001,p001,make_fist,7,2,accepted,,train,306,38,1.2637097000006179,38,1.0,0,0.23392206849175745,
make_fist/p001_make_fist_0008.npz,d6394f4900d603d18c1b665db5dd0c2ca1514cfd89fac58e026813728c3aeeed,6fec1caf489968274945a05498b182e6790ac61a561a53004cad548f66a8a117,1737e0b0641d1a1c85c700a1d3fd84588999786d586b7340492aca5504496bd9,p001,p001,make_fist,8,2,accepted,,train,307,25,0.8157678999996278,25,1.0,0,0.21522575733014757,
make_fist/p001_make_fist_0009.npz,3fa7d6e138cf39062e4e15bead521e54691b3b35a3d58cfde7387cae31a720d2,3cc6fb51dbd66f950e2a7514e605b8bb97e740a3ca37626bb09006121565048e,b55c2f45c325226c25a4d04924fc2b84ad20831e178f7ca850e5e4e533237bc0,p001,p001,make_fist,9,2,accepted,,train,308,33,1.0721776999998838,33,1.0,0,0.21395741059800236,
make_fist/p001_make_fist_0010.npz,090b9b9c8a74bffe5c1c01dec495673d74b47748db87a9af34471621a8ed6bcc,1dc8f93574642d78e4410b37139b112df447e65cd6e88139009da011e4739d7c,1fb4e70bd1faf3d448a09d657be255edc99e1b4d1ae2e9cac1656e32788455a4,p001,p001,make_fist,10,2,accepted,,train,309,28,0.9120087999999669,28,1.0,0,0.21512477746731412,
make_fist/p001_make_fist_0011.npz,c3fc6ac81072489b9ec2efd745dbd421bb156d10c0db05cda6410ba3ee3ffe93,ae9389e3e725739c01646bb55a5d7f4ee0e04ab7bcc081613ab498821cd9e150,2072742b49660b1b2534fd01ebdbdbd3bccd68d064708c994450af203dd3c4f1,p001,p001,make_fist,11,2,accepted,,train,310,33,1.0720376999997825,33,1.0,0,0.2122227222144499,
make_fist/p001_make_fist_0012.npz,5d9ee61208851a87d8ec8ddacb66cdb9c9374edc528ebaac7ef4e7daa0779a2c,ba4411b2b17b938c221a3db9a71d97626f69658f41be6b4c72695948328b28ff,700512ee717b931702fb95bc8be4fdba7cd1fcaf4ec231d72f0daf6dd1f3298a,p001,p001,make_fist,12,2,accepted,,train,311,36,1.184185099999013,36,1.0,0,0.20574038836222264,
make_fist/p001_make_fist_0013.npz,959afd63375cfc2d798025e5a268a836f9e54c9d4ce23d34e28038e42817c96b,d3d35a9fc2331623b1b1d8d7092257c43ba4dd1c5299278bf78eada78804d127,7bd79f79d798aa9f96370ffdc11a7b0d978e0da589a29b2491eb6faf9fdff9c1,p001,p001,make_fist,13,2,accepted,,train,312,32,1.0401448000011442,32,1.0,0,0.21143074261134714,
make_fist/p001_make_fist_0014.npz,c29ead4eb4a5b9450036d522cc0594a487dd24c84d922769bd34ca6e39ad2125,e78f08f0df0e48c809e89901863c5bc3d2688487f325525761612e5f5f27211e,8e3815739bea509bd627e473b8b77347e76cc413104d1c51b41cb09a7138e41d,p001,p001,make_fist,14,2,accepted,,train,313,31,1.0077808999994886,31,1.0,0,0.20365304503874554,
make_fist/p001_make_fist_0015.npz,4797fb71ee650930bb073e0cd1bcac8d998891cfb76959bb18bfbfca1aac06fc,fb4603743522e370d157ae19141c98320607513e3635a3d39dffbff989e3b679,9245d159896560517272a07ca66b991208cf89b0737601fc0f24cecccc373621,p001,p001,make_fist,15,2,accepted,,train,314,35,1.1520712999990792,35,1.0,0,0.21538984413406645,
make_fist/p001_make_fist_0016.npz,e4060d4a3ae2023cb760373cc99f33b23ae6241ada2c4a7a47a7e949d662b7ed,1d4ac9726d9eb84e1ba8025a25f29aa8a4d2b9234c645c9f1334b7f38c862f60,106858b13ec6e5363bd339fc326ddccf8d8b7e9af519bde2f662b9bb9a2baaef,p001,p001,make_fist,16,2,accepted,,train,315,29,0.9439521999993303,29,1.0,0,0.2176817435822428,
make_fist/p001_make_fist_0017.npz,a371fb33f1636f28ff00af3849af054f5d2fd2b50a150b3e377e1dc9ef4fc4f1,1f5b5b0d02e71f754c3fcaed60721b9855c43f0ea0fefbd9793fd51dd201a337,40d8232fbe8430ff007bde1d20462f99a159fbe00cb424a551eca47540fa34f9,p001,p001,make_fist,17,2,accepted,,train,316,30,0.9921773999994912,30,1.0,0,0.2120748395005041,
make_fist/p001_make_fist_0018.npz,e9e252e7b811c7d487cf5b9e771755365aa3f65e641b0b660788761b95ba2cca,3e002360d6557b365ec704ecfa7ae87ea7fd1dcfb96908d95f85e2fbb25abc11,c553ce35de116e8e26dd2f0265442d76f30b664a8b3bddbb562589e769115f1a,p001,p001,make_fist,18,2,accepted,,train,317,33,1.0880347000002075,33,1.0,0,0.21680077662473113,
make_fist/p001_make_fist_0019.npz,b8dd09d0b4880c2b9636bc9372d3a58a007a3b3f9a50de897edd8dd3a6ffa307,bd355498a747c1d6fe67a8982259c15ec03b72fabf3aade1c97579160a21e6fc,893fc464567618dd064ceaa674d913e9d44564d92d9dfaca52a84cefafa40ae1,p001,p001,make_fist,19,2,accepted,,train,318,35,1.1358774999989691,35,1.0,0,0.21719867599963452,
make_fist/p001_make_fist_0020.npz,3b4a3056993b7181a475c2cbb72e0e8545be3f6624a42c6bb0871ec140feb8ad,43951e4f241da6855fa7bf5326138afd2379feecaad4769ad1c9c11191b953da,327abf6ffd2ffbb47ff69fb34527948a5c9b28ab0f989b93915eb21a3eb5ae1d,p001,p001,make_fist,20,2,accepted,,train,319,33,1.0877966999996715,33,1.0,0,0.21724627331729818,
make_fist/p001_make_fist_0021.npz,5af9dbfc573184a160d75aabd64c706f8963aed171d8bd9b5aff7073fff38c33,5620eacba1dbc72b4f85600586315451be303f7577b59f23fa81b1359a76cd1e,6894f6c378e7bbd55b262ff263cdaaa96782f88bc9ba79e92a41814dbfb6c6be,p001,p001,make_fist,21,2,accepted,,train,320,31,1.007803899999999,31,1.0,0,0.2152653853926225,
make_fist/p001_make_fist_0022.npz,96fccf0d543ba82f14535819625ad5b979fcc4ab99039e9bbfbbea0a67de079d,e28a9c8f43451738a4b9401855d5e1c5015da6490146ec34e6aa720cd3851c74,12a356d6c620734c61521fd587814554a7bc72cad247ed2a64c9936c2d8f2dbd,p001,p001,make_fist,22,2,accepted,,train,321,32,1.0400212000004103,32,1.0,0,0.21793801852107864,
make_fist/p001_make_fist_0023.npz,173729358ea6743b36ca28f6ec3d07bdcb92e73d139bfede769eb76c081ac7c0,682734e4e7b6bf9d38166dbf2c692bb656c883b844a776db52f98bd474844e35,eeb38654a154dd441d006f3deb4dcc6546ef470014f6de5e5e772d52b68504f3,p001,p001,make_fist,23,2,accepted,,train,322,29,0.9441665000013018,29,1.0,0,0.21842625989112874,
make_fist/p001_make_fist_0024.npz,dce7b339d3de400049001ee46bf0db280319228503761f46792c733029be1bc3,e7ae39713f83616f049b67c817440ee7a140c22746154cc4e71f25b0fbdcbb49,89a60d29dcbe09198b9d27846f5ade647a148aa7dd8b6ffaea0599c187abc7d2,p001,p001,make_fist,24,2,accepted,,train,323,31,1.0080162000012933,31,1.0,0,0.21629419143549508,
make_fist/p001_make_fist_0025.npz,97a1d8bf9b5aa76344aa41d9d4a7695600daee28038675b01b33880c374e8d9b,56cac27f9653197851c6ca7504c87a20e9823ec049211c392154a5f330accd73,1114dfae83f864c706646bbf3974a37e08b80446cc5efd4bf7817b1b33c1187d,p001,p001,make_fist,25,2,accepted,,train,324,20,0.640329699999711,20,1.0,0,0.3654829221303798,
make_fist/p001_make_fist_0026.npz,557b25eb81fe3b3ac473dfb946b360e45277311a5d3bf20d3ce7c26696832285,33a1227d13c9f1409290e8889dac6dbd7984de2f1e66379ab67c3451ef3b88da,903ecddd44170f2207279659f5dccad7bf4275ef32e0ffe58ecd33079c0d97ec,p001,p001,make_fist,26,2,accepted,,train,325,26,0.8480359000004682,26,1.0,0,0.3579288498077988,
make_fist/p001_make_fist_0027.npz,ebd5129a36b3dea7e4d8e416a48171c982c65d6032a086ec87e7ac342b520994,73daff485aecbfe3c1253ea37a1403757ff130e9e5a5b0917d4152c2bc0163c6,cdc1ddbfccd249edd9a43de9c527140a8b9e345102a408c70a7b004efcdecdf4,p001,p001,make_fist,27,2,accepted,,train,326,29,0.9441688000006252,29,1.0,0,0.3537700806039849,
make_fist/p001_make_fist_0028.npz,60785e3e58cfe4c8bc30223c28a07ab0fbe8cdb6b63fdb977456cf152b665511,6b4253433c2490a1091d72172548124a2162bee92d51b1085d399dcb12917f82,742b0cdb80bd1018e92cfc42f64755638938b9163c87a47e79d2ab5710db1147,p001,p001,make_fist,28,2,accepted,,train,327,32,1.0560531000010087,32,1.0,0,0.35164364107209006,
make_fist/p001_make_fist_0029.npz,2a09351ef4071f496158b8af3cb9076f80e8c6c91d904fca51a562ed160632d0,b4066ee1d1291f9795fd42e3e0676b1c751a8d0297cd9e9a59901d53f421faba,445b1a952f6d775f63c9951efdec765d156e75e7344721fe528878565a5c8f04,p001,p001,make_fist,29,2,accepted,,train,328,33,1.0722382000003563,33,1.0,0,0.3555353325406289,
make_fist/p001_make_fist_0030.npz,5890393053835f32645b9146c9fdbc0c2577ebdfe9d841a2a195615a8a8a70bd,f6f394eec7eda540682eb52661d028aee5276e70dba9a33a8e0498a07c65f0be,2f5e8fdc872f82161bfa31695978bac1d24f0f8f642a2465c52bca1f6a8a913b,p001,p001,make_fist,30,2,accepted,,train,329,30,0.9759465999995882,30,1.0,0,0.35655907640875617,
make_fist/p001_make_fist_0031.npz,c8206933bee8490333a374c781397718e43f126fee22a35c78c8c6cdbe6ed279,045d7540b165d9771d50b0bc01fc8452259ef974b14023656966babcacfadeca,818b2fc162831dc0ad7431c5468864d9259b97fe6debc5f4548110b76aea8bc0,p001,p001,make_fist,31,2,accepted,,train,330,32,1.040495799999917,32,1.0,0,0.3598565476640492,
make_fist/p001_make_fist_0032.npz,8e9043f41babbc1d794c864a5b5a20ddce649f91fbe64d2f2ad7c1127f7be67a,d5fa732c217634caf46cbdfda8bc7c9ae0b7b62e5d05f89b09d30ecb07663db5,575802c626fdfa79244f9b76f4d6c753367370929c2f2a9439e0669e449e83b2,p001,p001,make_fist,32,2,accepted,,train,331,32,1.040187500000684,32,1.0,0,0.35304509425165775,
make_fist/p001_make_fist_0033.npz,0a8c05018bc6fa313f92b02adc8c57ac219ccde232faef5459ce92ea98c5d753,1c2ea732479f6b5dae119b0a031a9211333e9baeb671d61fd7adb781551fa2a2,1bfd16ba56ea2f793942d7f5beb94b26d234522d1aaf21bde29ad669eb561654,p001,p001,make_fist,33,2,accepted,,train,332,33,1.0718406999985746,33,1.0,0,0.3518252572051195,
make_fist/p001_make_fist_0034.npz,c49cc2f5ee4e74a526f8a03a2065e3a454cdd2f74ddcb34b1e25e451a0adb22f,b0966349fdbba406157f8406d2b1029dcbe4c4f54870a0b5771d82688142cd1f,2c8016155c0e5fdc62ad2f6408c1a85ae63a6147033519f94730737c0e803b75,p001,p001,make_fist,34,2,accepted,,train,333,30,0.9760643999998138,30,1.0,0,0.35104811121146207,
make_fist/p001_make_fist_0035.npz,2e9d56736478858853af1f08bd2a032599e8b64065a15602de7d413b66c8f54d,03bc994053cbbffaaca3f88f2e68933fd29021e716d605e52c8dcedf83468258,d9101f43a10b2d50aae33bddbb378693e2640902a07011104721cb70f868ec7a,p001,p001,make_fist,35,2,accepted,,train,334,32,1.040017400000579,32,1.0,0,0.32893703585657585,
make_fist/p001_make_fist_0036.npz,0db361e149a3bd83747c61cdba1b5a4932a8cf989fbaed1fcf896a3f6ab05531,7757c995ab4115048986d1f098a9437206e988b2efe94afd85c54d2f39a06a6d,7b58e3fd02009c43b9356b29946798e74d90b430a66550de2441afbd6965b3e7,p001,p001,make_fist,36,2,accepted,,train,335,32,1.0560683999992762,32,1.0,0,0.3305297535094314,
make_fist/p001_make_fist_0037.npz,911a56fd395053e570518db036ee9e9277356e6cb7e5a831051ef4f6d2d3bb7a,351f92c0455ad4cbd8ed19c8a8c1bda988d6b6cfe28c79f1c8a200fb69362ef9,cbef6832d394b6ad887c42d94e0c0393a0de5e7a0362b3704e0282c8d57b0c8b,p001,p001,make_fist,37,2,accepted,,train,336,33,1.088154700000814,33,1.0,0,0.32024676214713477,
make_fist/p001_make_fist_0038.npz,5be8f4a64cb63a42fe795d9de5dbfce369f0e4d9f143c93857147fd2df808686,28d1e14130c46e422b91edeec59562b599f599ecd2a2513a51b44fff204ea9a2,cd55516b4205a477386b37fecd424700b4d6cbc20307dae7c2538c0267c70e9b,p001,p001,make_fist,38,2,accepted,,train,337,33,1.0879776000001584,33,1.0,0,0.3292417491048146,
make_fist/p001_make_fist_0039.npz,9cd8eb5cf6e874ca1fd06b20201c139abd9c932cd9103d31b2d640f9546679b4,56145de325420b6892e5cb564ff7ad1a6465dea628a77d9422f929a649a26403,3a16fbd2f90bd2c7dd554c75e0daeb8445d9f74e8e9cec8563a5404c8c126331,p001,p001,make_fist,39,2,accepted,,train,338,31,1.0080318000000261,31,1.0,0,0.33432795770687834,
make_fist/p001_make_fist_0040.npz,bb5b3a62128ebce036abf57bf022f39bbf65878a8af7d5808ac4936a2de12c0d,037114e6ab8ad39c69e5186d7a3948140b1a952cc4c9cea75d90c8cab88b9f09,62530d02b0e6bcc3aa6f052dd7accf17cfa1f36f3fd15592927525a62566e4c9,p001,p001,make_fist,40,2,accepted,,train,339,34,1.1198284000001877,34,1.0,0,0.3230698118767056,
make_fist/p001_make_fist_0041.npz,5f640ac6ad0844422c94c3857561bd1592fb18b5bc4248ca3862f705b72491ca,29c5d9d5682199c9eed04e4fe2a82c59a873483847af3bab918b81d5e96ade1c,f30258e69e70493e48ee92ef2f219c15fe4362aee72ca21a64a30efabbb1b5af,p001,p001,make_fist,41,2,accepted,,train,340,34,1.1039655000004132,34,1.0,0,0.3255995608579144,
make_fist/p001_make_fist_0042.npz,4a7fe12c8bcf964b6526ac1a0246001f27a1c3e972f534353dd15bc5bdd94e2a,fbc9e941a8d977a0ad35a12922703a4b4c2cfde1db10504c2d338fbb07b1abb1,445a509dba40ab79d0ade320eee64aa86ee841ab80b1cf4a44dfaacf0beb51b4,p001,p001,make_fist,42,2,accepted,,train,341,33,1.0719587999992655,33,1.0,0,0.3222190362894381,
make_fist/p001_make_fist_0043.npz,f19e12cba4c9642c00392c8b760c84c4fcc35bbcc6b7143755b8e00669d41698,8cebbe3269c87c83e4811f06deca0f043a3a14f13037344dd2822fbc900f030f,6a4b24dfdeba64cdf7e7700d2b95f2e400f42eb7a059c1759a717152b61364de,p001,p001,make_fist,43,2,accepted,,train,342,37,1.2159136000009312,37,1.0,0,0.32718614812853336,
make_fist/p001_make_fist_0044.npz,219a893b49aaf5fe13d340ad57dd2fff5d653437d2089bc931508effdf121017,6498aafd0c076367bfd69d855ee25e832034e65a20d7b0993014c98f8435c5ec,d7fcdcec45027a93035aa3e174fe97e58eb4cd5cd21e8770899f2ac6ab1dc1a3,p001,p001,make_fist,44,2,accepted,,train,343,36,1.167831799999476,36,1.0,0,0.3298545201711719,
make_fist/p001_make_fist_0045.npz,92bffb86cbf099db86eae391f23139850ebfd23e68d9a890751cac6783b59cb6,fb11b3672e3b69e3effd003afd930c83a27cf03bc5cbf71139bf59272eeb2e37,3286fdd3bdbfbd827733158a60ccc7ca55a96d400641dc58e96b30c96bd122b0,p001,p001,make_fist,45,2,accepted,,train,344,33,1.0717157999988558,33,1.0,0,0.3250326543319491,
make_fist/p001_make_fist_0046.npz,5738b6ea1a4df5b53af3dece4fd4f8fee0411d166eaa3dcf7187f5d8d0dbb431,7c3a583f7f9c6f20e58600c8a2c2d7e432a6e17f01b580bcdd0ac42b250ac5bb,e4950fca954e89db9ba013e0f6b344b5c233710951869a8c71144b3c2e11bdc2,p001,p001,make_fist,46,2,accepted,,train,345,35,1.1520115000002988,35,1.0,0,0.3242320226917057,
make_fist/p001_make_fist_0047.npz,d0f3e50765c90dce94b90fae66b72140ce8ee68885de02eec188222c6bac0035,5b49fbca822ffbb144af1224d0c2135ca57e8a77feac7e60d221452a35985781,161425fc3a27bcf39564d657501419e8bb5371c28327165b03bac2596e2c835d,p001,p001,make_fist,47,2,accepted,,train,346,29,0.9603165999997145,29,1.0,0,0.2010448200356554,
make_fist/p001_make_fist_0048.npz,ba9aae2b25e3284592b8d1fbc08179fac01fc5fb1a314c97db32f8d962ab7f47,4861511b5b0d3ce75e0d1aab68ca83792572333c0f92b762cb3aecf0e98ffc3e,e66da3d422b2bb67094f058fcdae4247b5d4b21adb08e49516104902986d4577,p001,p001,make_fist,48,2,accepted,,train,347,29,0.9442698000002565,29,1.0,0,0.2071062913793994,
make_fist/p001_make_fist_0049.npz,85caf69abc9577e0294fcee7f899f20609f6244908af869008e90479710baeb8,9e8b88c413f515b55b6ded83c4c36a3868821d720457538b2897b33db3d60112,d7f8c21668172e4240c365d2291569bd8476edeb9780f6b0dba9d9872afe11ba,p001,p001,make_fist,49,2,accepted,,train,348,31,1.0239510999999766,31,1.0,0,0.21718178409243397,
make_fist/p001_make_fist_0050.npz,6b3219cc26e97be0f74a3f59aa35c67d88ae8217cdccdaf420f97a38e6eee70c,8233087fa1af4e8acb1be7143c538086e14f2c06056a5a12f374588d0ce4b9e5,5ebf6b7621e01a7d6bd8f99fc4b4c1d0809312508119e66405a966c6bf039ac8,p001,p001,make_fist,50,2,accepted,,train,349,36,1.1842348999998649,36,1.0,0,0.21598906539286034,
make_fist/p001_make_fist_0051.npz,12252b82492fe7adc0084b5556b464fb744d17726c38e8830401a49c99472ffe,204b66e37df51a71c0cc09cc1e4dd0e3e867cd407cc38622eed380892e0bd996,b9d2a73a9d28abe5ff3ad005246c90683336513adcbc0b9e596353c4f31b54e7,p001,p001,make_fist,51,2,accepted,,train,350,36,1.1840131999997539,36,1.0,0,0.21508509039536847,
make_fist/p001_make_fist_0052.npz,09169a783f8bf215e7a6afd94b4447c69cd23a4fe2bb7fdce3834a6a05c17db9,4bef8c5a0b6474c1a6f7999d3222924218adaabe819c51bf93393ab9b339610d,22de8bba0d326441d2a8298c06c8fd83820cec185c1340976ddcf91905047402,p001,p001,make_fist,52,2,accepted,,train,351,32,1.0402343999994628,32,1.0,0,0.20229092814364374,
make_fist/p001_make_fist_0053.npz,670165872089af2d13bdc34dd827d42ae7398afd185ac7c34b8c90a3be65b685,dd081ff069bcf8f69628eb7ee3eecfaa32bbdf9af1c4bb23a4c0035626e41ed7,ae84339ec13527db8a4892b23f10a8a8007d81b754e53824400360432d61ea9c,p001,p001,make_fist,53,2,accepted,,train,352,35,1.151998299999832,35,1.0,0,0.21278731566603057,
make_fist/p001_make_fist_0054.npz,db3250a69224b19ddf070d918f8a2242d8fa8dfada9920168a353853b59544b9,92299b5182304971576da925384b09a4379fd529c0b122a772586bbf711a6d56,4ba00b8f3d367f8aa73c5948461b8f78d6e5afebdf82e2724bd76265c4fe62a3,p001,p001,make_fist,54,2,accepted,,train,353,37,1.2162681000008888,37,1.0,0,0.22245707151701433,
make_fist/p001_make_fist_0055.npz,d02d83700fe874bde7a4f8e81a976867dd02e08c57c6153f8ac77589d366fc29,c92099baa56073b3f23bf4cab119c062673694aa339eeae42c03aea2c0a28ff0,70cc038f436b47c2126d142161f3361b672641b14c25fd88e678651d43d9d5bd,p001,p001,make_fist,55,2,accepted,,train,354,32,1.0401406999990286,32,1.0,0,0.21387334722479023,
make_fist/p001_make_fist_0056.npz,3ef03d74884447edc8f2357d9ed4749bb94fa389f24c74783638b1e05aad3744,78d4c69fe15092ed0dd31338a10ddebc2b4eb57b3d2f14e23e8538c21833a63c,e7bd4679399515abd99e1c3b266228e10478b474029201af43eb9e8394c524a1,p001,p001,make_fist,56,2,accepted,,train,355,33,1.0719423000009556,33,1.0,0,0.20557741845357924,
make_fist/p001_make_fist_0057.npz,b4c111d5453db6e9eb03a65007376ea603bc1067afdfca3d0041dd0ace74f8c7,3054c13e42619d4b1fcb24ef6649f28c2ef763fb7a9c8afdc16b8551ea1e1ebd,772064d43b56e2b4150177d7deccc5ff24206a589074c262520462f1bf565eda,p001,p001,make_fist,57,2,accepted,,train,356,32,1.0397458000006736,32,1.0,0,0.22552083977377235,
make_fist/p001_make_fist_0058.npz,2a37bdb8f8cafa350e838c87979e45c0673217feffe44cb41ab9ace9fea32af5,e91d6b3bbd35a85abc6f2b8d5c29f0ef000bbe892baea2322391ddc419b8a3d0,4b9a200e788487a7614f9501b04669fc2ce24361e029d69f69aaf22b66cd03b0,p001,p001,make_fist,58,2,accepted,,train,357,47,1.5518562000015663,47,1.0,0,0.22942667277454906,
make_fist/p001_make_fist_0059.npz,5cf54f12bca72bacfc3f30d112717cdd522475ef79159fa44101dca8e9832943,e606b487da9672879a6eb16d1d8c083cf827fb08094766278615e1cd7032f3ac,bc6b54f0b41063aac1ab8abdf2bdbdab7ac387fa35e406af96059174376b8e9e,p001,p001,make_fist,59,2,accepted,,train,358,31,1.0082564999993338,31,1.0,0,0.2078768000586017,
make_fist/p001_make_fist_0060.npz,ad0cce36223d5839b8324d56c6350eb0d440a0ad7fb38c75bff5bda2f35164af,e2b99dd969e955a1d954a216082c5cd77fb25028140a148f7937bed963789356,5e20f8c91fee97a99d2e8bc912dbfa30abd3bef48c5b2406d522fef1a6b3c6f0,p001,p001,make_fist,60,2,accepted,,train,359,35,1.1520939000001817,35,1.0,0,0.2077196117065962,
make_fist/p001_make_fist_0061.npz,4943fe1f39c80d7ef86e442749a166cb7f48718536b9e8bfb214974baa177f87,0287bc799265d1a7ebbac447f5265ba0fef772edd933cdc2170041ba68a0c33f,7e5826642358ce511f513430f5f34bee3b785ffac7da29014fa0e9d936aec30e,p001,p001,make_fist,61,2,accepted,,train,360,33,1.0880366999990656,33,1.0,0,0.20774373677753075,
make_fist/p001_make_fist_0062.npz,72ba3df51916fd9fdfa9afb15df7ee37708da6b104f69576e87b9885eb3482b8,921e2ac5a93585eb595422f39f884b13c6f8923d4df8210d720a6f2fbdb58b71,fc24c694938dcf1b369d36b833d09a0260ca2fa7ac6d97884d50281be9bd23ba,p001,p001,make_fist,62,2,accepted,,train,361,32,1.0560057000002416,32,1.0,0,0.22150634180055856,
make_fist/p001_make_fist_0063.npz,a8e9da8a35051f4555f9656ccf302db8c1f239209b70892e4be368c885c9ae56,0f08411a9e339d94accbcaddd446ea36d70cc21bfb095758ed6602d39d9ec629,ad910a2eb7bd3d38f6b086d1359954d6c9ad6b8cbd8c138f101797561399cb2b,p001,p001,make_fist,63,2,accepted,,train,362,30,0.97579560000122,30,1.0,0,0.197626417886139,
make_fist/p001_make_fist_0064.npz,5bda462c689dc791950069f38800032f6d216c76b77b8fd38a38d49f9da4cf6a,4fbb17e71898df734c827c453e21a29875caf19bd6e722fb85da3e9feab287b2,f7c489308ef86d7ab33aa9e5c13a7dfe5140d715ba306a19159bceb097abdf8a,p001,p001,make_fist,64,2,accepted,,train,363,35,1.1521104000003106,35,1.0,0,0.2033671642010437,
make_fist/p001_make_fist_0065.npz,32050b777a3e5ec0a2b46aef8257fafe452a9d122310dc9637794b329b3ca383,5dc1c1d646049057d54648db16e4f75a3f13ef2b585f5e91fc10d52e79399820,3dd5f219e2f416f8a7ce5cd97ec9b768eaa7ad987116a3a6d19b823b245f2346,p001,p001,make_fist,65,2,accepted,,train,364,39,1.2799959000003582,39,1.0,0,0.20156767274634835,
make_fist/p001_make_fist_0066.npz,ab11f461dee2583eebce993e908255ab0fbbcf5917aa7e08e2b9d8073581ed6e,202ee2fed5658f570383b61b9f3f75e70ee4f71a8a5dd498d18d438553f35494,4ada0a16dda5411cd1b7aff9eb5390cd779122c4f2948b17c5457d3cb5839272,p001,p001,make_fist,66,2,accepted,,train,365,37,1.216206900000543,37,1.0,0,0.20417517532228646,
make_fist/p001_make_fist_0067.npz,15a973b7d1e96232a3c80e0217e1a0ac160b9d324c376a7d186c0b4926049d9c,30669b205b0004227f456dc08c36280535586b2dad396f2108f3220dfdf4eb42,0b501890b1df3225708cd6d68b84d8f0a9a705d1def307cba222323d26171fdc,p001,p001,make_fist,67,2,accepted,,train,366,38,1.2636798000003182,38,1.0,0,0.20339200641642974,
make_fist/p001_make_fist_0068.npz,9befbe12e1ac51d12a4ac6328cdfddfabac5a4b56b9ee1a2982e3ea0b56d5de7,c1d701a084f3933a6cb624eb92fe2c94a619e581ac2383f8930d8a197af69460,9f2bc38662a148a724f7985dca1d6fef30251427e0fad0c20ba4a36ccb353ba2,p001,p001,make_fist,68,2,accepted,,train,367,38,1.247989299999972,38,1.0,0,0.20443003405386403,
make_fist/p001_make_fist_0069.npz,624a5012680da0c05f714197a812fda213926d65e348324d7bc9522185308dbd,addadd8be11918850060b26e187adde9dc798d50c9552699bafe29ee506c165f,ff7bd2d86241d7ece0f2359f5500b0e95a1439f1f8c22799b31993485d734c26,p001,p001,make_fist,69,2,accepted,,train,368,35,1.151932199998555,35,1.0,0,0.20275374870707236,
make_fist/p001_make_fist_0070.npz,45681288fd4238afb1cc1e85f6ac1fc87cc3256b0cc9ecb957a1909e8c094e19,05f78aa4e7907496a71bcb61d84ee47ab82f928ba33d78c29c9cce444910556d,a5b08e5552cc14c480c7586c92cf54e425c6f65492d63ddd6ef302d3a5aa8335,p001,p001,make_fist,70,2,accepted,,train,369,31,1.0238047000002553,31,1.0,0,0.19423734455909542,
make_fist/p001_make_fist_0071.npz,7d4416b9e2eaab0931ad7aa4134995241ae931e741ab3144075f2abb34782111,b08b5c9923ab675e128a6ffd325d72deab991ca19e99e4b6f543ebda0d070005,9a28042028acbe954e74e3d1ea9b020d0db93a2e4fff3c43f616dd1058776c9f,p001,p001,make_fist,71,2,accepted,,train,370,33,1.0879563999988022,33,1.0,0,0.20334648639912556,
make_fist/p001_make_fist_0072.npz,7695ad7b7cd66731d4bde09dd809a693679be0d0e19d44f632684e47cbd5d77f,9a49b9d2554bfc8438a3e425e9dcbcfa6536e0b65b8cd46810e1ef80bf7dceed,cd15283b76a1102d99ea03412dcad1df27f3850b5e93962bce16fa1aae257f0e,p001,p001,make_fist,72,2,accepted,,train,371,34,1.1038427999992564,34,1.0,0,0.19724536999286826,
make_fist/p001_make_fist_0073.npz,35b8c7e196fc82269db8afeb8817037f3a817c1b766d1f088fdb92b7ecb6de84,409da2d49b9f1454dc59a22ff12116109dce5b09b1d7176a7a39099b4e7deb90,0e2b8e0f521822d0138309f08502e3579d4ef52562b89e16aee6140bc909d61c,p001,p001,make_fist,73,2,accepted,,train,372,35,1.1522008000010828,35,1.0,0,0.20264949491987355,
make_fist/p001_make_fist_0074.npz,74a4a6a9dc94015f00cb1d3dfc6983272b8aa3ec391cfb1ec0ef435cba1d3011,efd6691e975c8a261d2c773f408c8a075269aaee6056eb73c9869a52f294c937,468b1929217a0975f24bff85655c6d79b286e0e958f2e335b9d02922d4d8482d,p001,p001,make_fist,74,2,accepted,,train,373,33,1.0879549000001134,33,1.0,0,0.2035661129073977,
make_fist/p001_make_fist_0075.npz,5142279031652bbc9912401b6235c8e2fc0d50aed724dbbb158272de7d3868ad,3b32f49e9d70a31e589bf98e74355dab82ea339d140e00e4f701ddf3395cc406,ad6f1ad911c5f939af674f9f4728cacd2e047879f9cc43ab1f38516adf0f95ff,p001,p001,make_fist,75,2,accepted,,train,374,35,1.151693100000557,35,1.0,0,0.3503084913367313,
make_fist/p001_make_fist_0076.npz,5491e422f03ee729466e2c97cf5218bf2392304952ab714e63e78dc7be54c892,8584d937cafcfb2cd737806cb26b93329faab43616d1093b7e19e279bba8ba2f,a4f79964077686b478dbd5376b8a6b42a6d05eb0832bbe2254afa69946cf8711,p001,p001,make_fist,76,2,accepted,,train,375,31,1.024118700001054,31,1.0,0,0.356658014339644,
make_fist/p001_make_fist_0077.npz,8df082de02591766d2b04cfc596109b558fa0327cad7bebe9f742bbe03a90102,dee3bab50b7a3101b7bfb0be3f74756a05ca3766402930ac0e96720a00a2c5d3,d4a229e3e369efea84cb274e5b8457450138022aad77075cc58cffd5755c5008,p001,p001,make_fist,77,2,accepted,,train,376,33,1.071966400000747,33,1.0,0,0.349496287070791,
make_fist/p001_make_fist_0078.npz,5516c0ea183b4ba4e8be0f980ecc5a9020c6907049d4cbaf522a6d99f08d6245,f810f6722608ac5adb849acbe9ad0b1ac1aedc8c3892b0b42e64d511b03fd298,b60a1254e6f80311be12055ce048e679f6b96afb41b5ca7aa1ecf9cfb3d84e22,p001,p001,make_fist,78,2,accepted,,train,377,34,1.1039674000003288,34,1.0,0,0.34850931866987206,
make_fist/p001_make_fist_0079.npz,a31a9691be3ac203e64844a79444f3b01f81b05fefa2be9e25716d9d9e329324,513fe84112ce1af0bea17f74211a3a03799242d1b2ea0fb3079cc72462a0ced0,a62fd1c1d7b4b17bc9805b60f7c1851badf4b7b86d12284d112c3e821dfa0cd0,p001,p001,make_fist,79,2,accepted,,train,378,35,1.1360252999984368,35,1.0,0,0.3535708221385147,
make_fist/p001_make_fist_0080.npz,12234c74c0dfa81d78e4d9bc242bb03d9c634ce9544a8e1dd0e2110e36576102,1bf0ec30079dcb1d6be8d1c0bd70e10d2b2b755e1fbe84993270daff02a9c969,6cd04fc01c4f2c85cb31dfe160d4d30fe247039e1b901ff1464b9700ede66bad,p001,p001,make_fist,80,2,accepted,,train,379,38,1.2479224999988219,38,1.0,0,0.3506370775381703,
make_fist/p001_make_fist_0081.npz,68c5ae8a26375dc0cb13ed8d85acafb191911f0eb6b48767907bd17704fc2ebe,7412f80099f816b69cde81a404c8cf477aa89f76f2887d7de69b8de3de29a22a,c248a287b3a0ac5b23382abd0dc2c4b2d7d3194e17a34481c1100b979379f6bc,p001,p001,make_fist,81,2,accepted,,train,380,35,1.1363063999997394,35,1.0,0,0.3496333717447087,
make_fist/p001_make_fist_0082.npz,be2fc3c8f948bc802253fc3a3a8b35e6dcce7a037c294d7873ba75ed5917811a,7252eb5b52ffd22a4152a11caec002d508e946fbcb66a2c1a4f8cf3efa2063ec,1b163b1180cfbe111841aed8da6234b80505f7ce56418d1e508becedd38e3a65,p001,p001,make_fist,82,2,accepted,,train,381,37,1.2158505999996123,37,1.0,0,0.34712728905582346,
make_fist/p001_make_fist_0083.npz,a1d7fb6b2d680445ac3320392ae19c464e1ee7b0c51be5bd8174d3ba43f7028f,da45574b613970fa98583cd36b9b410e798ea5d329475ff274d8ea9b39649f81,14a4d900d87aceb5d7aa05134bae35b5e5ad45536497755b9210e0d3bc325938,p001,p001,make_fist,83,2,accepted,,train,382,41,1.3601827999991656,41,1.0,0,0.34724924840325866,
make_fist/p001_make_fist_0084.npz,9b4ff4a5287b74eb14be6839bd10f624a37bbc3d907e4b8493854870c67a3fd4,3fe2779c8e967ef2da4eb24c9cc4a5dec964197ed58b33d0efae4d9b40831709,84ad2918b7bf4e99e0d5e8d0aafe6c5700c5d0896a8ed5a0dec6990ba3ebc1d3,p001,p001,make_fist,84,2,accepted,,train,383,32,1.0398420000001352,32,1.0,0,0.3424966549833269,
make_fist/p001_make_fist_0085.npz,86cc366a15ac453463ae23d4f3958379c93fa6cd79ed7c99b3c4a809a6867fd0,cadcff3ef4af0a15d632ec6590be8c58efbdc3683ad46f4692b800b1c8039be5,12add5a5b43ee4faa3f5ee5ea88610d894355c616b766757f93556e492ee8957,p001,p001,make_fist,85,2,accepted,,train,384,27,0.8802768000005017,27,1.0,0,0.3591949470008766,
make_fist/p001_make_fist_0086.npz,5d423e436f8920143e161349aa11c0679e916ea90dbdd081283f618e763b485e,67417e77b67fab882bfb09331c19a79cace6febab3ad7f4c156cb76ba1207e72,4ae855d8ab04636cfdd8e231bc76e21c3459bdc8ab8f56610a6ccfd1ef9e3d3f,p001,p001,make_fist,86,2,accepted,,train,385,31,1.0079235000011977,31,1.0,0,0.355071586128742,
make_fist/p001_make_fist_0087.npz,71d89727726f547baf050e4e83b4b7c9260f414f1bcf6adea44d9e07d968fc24,995e822b975b88ff1ecbe7c4457dc6518f1569248b8780b54bc9c8df13e40888,1471b5a0cf5102a4f03d2856c2e1967754a67aca6e1d65cd4954fdbfb8d70d9a,p001,p001,make_fist,87,2,accepted,,train,386,32,1.055536399999255,32,1.0,0,0.345159709738703,
make_fist/p001_make_fist_0088.npz,abc6401773b868288ca4ff0a63d1864c8d2d495536e8362669777bc7831cafa2,fd13613ee4a08fc32e0d00faf807ad4b97453095037c73248f8ecece6b24b113,9dc67c89632ed27c42ba2fea799d4b08b17c74022b137cc50a28dfc579aee4bc,p001,p001,make_fist,88,2,accepted,,train,387,35,1.1520096999993257,35,1.0,0,0.35613577936448865,
make_fist/p001_make_fist_0089.npz,570c7b25cf438bea0bf1da426e0bb89a13ed63faefc1ba08344771522c57f081,17dce185135cf8703928312d9020e8b2ad2deb77e3c787c2e46aee1e32a44dff,5168681d0a5cdc86a60fb4057fe250bedbe4972227f8ed0d6d12d7023f07c902,p001,p001,make_fist,89,2,accepted,,train,388,36,1.1839648000004672,36,1.0,0,0.3515056195054238,
make_fist/p001_make_fist_0090.npz,9d167b991bbe902ecf344ebfcb939ce46de42738bf5a4ca3ef55f61d4e1c8477,43b08dc46afd889a7f411157bb5bbbc84593378856b293f1a64181edd3f727ae,f37be8445f4e50382f7aae09af5f079810283ae279a14eb244eee242b6c74acf,p001,p001,make_fist,90,2,accepted,,train,389,38,1.2479691000007733,38,1.0,0,0.3526647903235386,
make_fist/p001_make_fist_0091.npz,5ef9c031dcb48526728898b9dba1bda4fbf2ff8be4cf6a8b1347812a8362c8d8,8f17a92977495afcb9fbf1615f835c6254d33dbff7c319dd91a03bbffa443315,c73ad00e7a290877bf17386ad8921cea0e417f9e8573e5a921521bc5a225b474,p001,p001,make_fist,91,2,accepted,,train,390,36,1.1840578999999707,36,1.0,0,0.35047729860305166,
make_fist/p001_make_fist_0092.npz,a5b46370b107ef064ca97fa8873d8bc82cfc2c9f367ff4e3006bb45653cfb20f,464114de0069fc6fe59440a56938a426ba9bfd66071cae7ac1ba6d15496adb8a,a8641346940261fb3be321e9fe54cf7fd3f5ceca242861bcfd1650a255521bca,p001,p001,make_fist,92,2,accepted,,train,391,37,1.2163324000011926,37,1.0,0,0.3496455246717512,
make_fist/p001_make_fist_0093.npz,f632157b403085b865547af894b59bf508503ecc231af539d41e5aeeb27f353a,00456719e118b33c2b673b4354de955587a598f11ecfc2e53cb22f6cdb86498d,15221cff60838d9ceb16346add191f79c91c203464b3699ebba2882e2bcd6a78,p001,p001,make_fist,93,2,accepted,,train,392,38,1.2482421000004251,38,1.0,0,0.34400163912834425,
make_fist/p001_make_fist_0094.npz,8576d31ef1f69fc20bd93504c28735ba8f3b8b3306cd207715c0403f918bf118,1b3956be4097c8495bf2f639b473709c6f76a0a2467e7f531f9684aaf18598d7,5a89d7a93b69c6944b4f3c5397a5f3d1550fe49f1b118341f546dd818e7dbb97,p001,p001,make_fist,94,2,accepted,,train,393,37,1.2157915999996476,37,1.0,0,0.33960416466357496,
make_fist/p001_make_fist_0095.npz,1a4c6609ca183e8d97d2457e2e7a6c671ef7a8d2d3cb971ce64b1702e82eb0e0,b16c541b9f44e36ddd56a2993284a3225db575deea399a2a87687409a6d1e37b,51bd14b29c5f208f7e16e3a93967793ddd67501c82645af7d111c17c8ebced85,p001,p001,make_fist,95,2,accepted,,train,394,32,1.0403158999997686,32,1.0,0,0.3348589162105141,
make_fist/p001_make_fist_0096.npz,c690ef685066fa26b898182b90e0f39c4d6878bdf8692d6a2644f9555c1f3590,f73263a092063eb9e98b76f48645f35b8ef8629c0460914da7a8b1d27c04fecc,26d174548d19897dd42faa47660f882be760bc687319e95e255bb5cc6653f366,p001,p001,make_fist,96,2,accepted,,train,395,37,1.2160665999999765,37,1.0,0,0.33372718171122057,
make_fist/p001_make_fist_0097.npz,5db4de0d9595b43c73113713dc0eb4638febbc8379ab183aac15ca9409e90b19,968b9036068bd6bc5bf5e8af39f7da1f3ae8d246e88edb06500008ba69c2a84c,a161b8bd70278b5a5f0fb8f22a9ca64645ef8d7b3a8cf407964253d0dd6f343c,p001,p001,make_fist,97,2,accepted,,train,396,37,1.2162268000010954,37,1.0,0,0.32809993834441764,
make_fist/p001_make_fist_0098.npz,e92855280e6e8e76e7646c02c5c1d5455a66b327caa1674ef8245cd84a75c983,9743ca492662086c6ef02435d79471156f89ae46343bf806006be085dc20f6f6,c01617171e3fce82dcb6492f6bbe91acf3e4bc03cbe3f0d70e07156f9a00eff5,p001,p001,make_fist,98,2,accepted,,train,397,35,1.1358399000000645,35,1.0,0,0.3151901995970938,
make_fist/p001_make_fist_0099.npz,abeea2097491cfd8fbfd4843c5a9e2a0ed3eb1fe615bb7aae6a2ec713896dd79,9b3d8d8d92dfcde475e60e35218252143b6647721a212998432b9a45c82301e5,44584bdd23f1ac9bdd456c2b9cfec990c622f003d868c2d93d5ade1e89ef6621,p001,p001,make_fist,99,2,accepted,,train,398,35,1.1517875000008644,35,1.0,0,0.32025882141011547,
make_fist/p001_make_fist_0100.npz,4f307f10ed9b025f8dc5b30bd5c870caec55cd5c4391156bdc02c00cf4b4f94f,367fb0856db5f7a6d7c312d7a015eb975e12e6afe15617beb4dedd288218773b,d4bcf8d784dcccedada42a4fae46b6aaa6923ba3fd94dcccaecb7ac856c04c05,p001,p001,make_fist,100,2,accepted,,train,399,40,1.312149400000635,40,1.0,0,0.32208349350949417,
make_fist/p001_make_fist_0101.npz,5d376d3269e6d8020da8d74613b33355729c60d7f79310e50c8f81872538291b,800cf3a62d163559c00f2eaadccb47c7f23069a0da4b48155230ee1e00dac24b,0c41affdbe4e24579c783c5f668e66f912fcfcc67750bef472759dc970b6f719,p001,p001,make_fist,101,2,accepted,,train,400,39,1.2801558999999543,39,1.0,0,0.311777165709931,
make_fist/p001_make_fist_0102.npz,eaa283c31a89d82e070710c76e8d384dd97795fae622cb0fea6d1f2f4e11e2d1,9e5ebe51bb3d5eb16ca3c3b3cc84023ba88b980b7353f993b51c39ef0fca31f3,ec2adfca0cc0af281b61d54146fa4508b3a9a7e90c9cedac6f80a89647387479,p001,p001,make_fist,102,2,accepted,,train,401,37,1.2159254999987752,37,1.0,0,0.317260335104041,
make_fist/p001_make_fist_0103.npz,494c25d15d1eab2a96a6a325d2086c1460d22e58f789a1c072d3843eaa567865,103c0996853b1eee3dffb2c65c5ebb4ff43a4e3f37f45ce14e49107104c92b7b,14cec039956fd9446b8488fbacfdd560cc8a97d8428bee86cf08ecc48f30635d,p001,p001,make_fist,103,2,accepted,,train,402,32,1.0399175000002288,32,1.0,0,0.3059102115158122,
make_fist/p001_make_fist_0104.npz,e94d2d00461d9969c801e18ca5a01fb6a0dbaf55ccbec301cc57e532251141f0,4be431899aac8981b057bc05eee894cb4dcf536b2a6eeefc701089dfcb8a96d3,ba5f8e552cdbe8571a30df7366d8b73ac78eb270651109a68080ac5a299311ec,p001,p001,make_fist,104,2,accepted,,train,403,33,1.0879217000001518,33,1.0,0,0.18409477901549753,
make_fist/p001_make_fist_0105.npz,41d4b2e8c346b24cb0e9e377572bff85c66516de917fe6a5e6551f11d842cb93,1b3e940749b0036f9b401768d607cbffd7d376b9459e7974a18d4e28755c78a8,37427399daa22e6e9f8b4715acf4cad5ee73ce70832eb628d70a979facbaaecc,p001,p001,make_fist,105,2,accepted,,train,404,39,1.2799211000001378,39,1.0,0,0.1967041211956498,
make_fist/p001_make_fist_0106.npz,5db50d4f9eea8a270a7b2f48faff637fa7dc062a29993384510a017a76cf01cf,40ac6d40ca17f409b33eb39bedd246a758d75e7d9b855a7a72b1cfc4204fe6aa,1ec2319d2a01b081228346921a5a229a019a4a335ddb41f62975427bb418eefa,p001,p001,make_fist,106,2,accepted,,train,405,38,1.247886400000425,38,1.0,0,0.19466845103959612,
make_fist/p001_make_fist_0107.npz,e5469c5acdf2db6f0349df2eb6fe3efe30d7520e6ebc74eb5a49b964f8b317ed,9b804fe30b61dc50ece22ced47c1f99b98ac87d379ce0680e559cee41d74f710,2c50aa7866d6371a56a07769bc2320d8c952f8fc86231423f8d80861260655d1,p001,p001,make_fist,107,2,accepted,,train,406,34,1.1203237000008812,34,1.0,0,0.19838976103354966,
make_fist/p001_make_fist_0108.npz,fbd2e135b6710d1d5623406441d48663dbcdf41664a8650b75c0086547c799da,0ea75578ce68331a09af27cc80912f8af9a83414b19b1e11a54766b2e0d93ad7,6ed113f6b1b16c8ad5aca3b60a6e673fc72657663772a8a0b44f757d2b19ad15,p001,p001,make_fist,108,2,accepted,,train,407,35,1.1521523000010347,35,1.0,0,0.1885225586458659,
make_fist/p001_make_fist_0109.npz,7dab65d59c59b39e7cdc2034f95f42f1a34eff48f8daee4d369e76f3e808119f,9b5fc83ef2cf247594cd7cf8d59ea2dd39eb780888e39da1962d7991cbf888b6,87a22f58a72788a1a78a51cef5688bdd5c52099777babdd438608946d05abe41,p001,p001,make_fist,109,2,accepted,,train,408,34,1.1199558000007528,34,1.0,0,0.20537231896665117,
make_fist/p001_make_fist_0110.npz,00b0f4f68a907c25273a3c2f200168bb373c8ff4653ef8f1d1e4b86184e21d89,b366466ec464eca0b552a49968bc27c5da3befe615f45e53db785f06855edc92,815c55bbe5f0d94dcd2f305b7799d0bd8ce1738d5b87fc87bd4adf27c96cd862,p001,p001,make_fist,110,2,accepted,,train,409,39,1.2799491000005219,39,1.0,0,0.20054291792295584,
make_fist/p001_make_fist_0111.npz,b14a31f29534bb25950d65f388240addbb9779d99fab3515d963f9ebdee83ac5,cd428a1b5f5551137e76d1944be209ea5e5d3bc6739c180d08a6312171b0c209,4166a116c52bd4dd252d8f10e5010635ec165f6abfb9f2957e75cc8bea2ed1dd,p001,p001,make_fist,111,2,accepted,,train,410,39,1.2962026999994123,39,1.0,0,0.20054030873806636,
make_fist/p001_make_fist_0112.npz,64e9b19a8ee8b900be22c6795295905a13ac59bd365353811ca45c7b781278ee,6d4aec9bf572a7b44decf0a07dc594db475834456354d21cfeb02c37184da309,1a080a96d4990b023dcedc9f07a289e3c14dce211d9e02943150d04e8a37fe34,p001,p001,make_fist,112,2,accepted,,train,411,37,1.216053500000271,37,1.0,0,0.19160382130389414,
make_fist/p001_make_fist_0113.npz,63bed63e48b3687fdef73cdfcae0f718fa5d7f1c917ec13fb53b82b2c39c7c5a,b3f3a4c6ebecf887244e538506504d8303b961e3fdbc4b28cfb9fe5db0ef8945,5b831fc4a8cfd90b469ad2f2280fab8fec7ea1e31d0dc1ea770e265b4defd587,p001,p001,make_fist,113,2,accepted,,train,412,36,1.1839978999996674,36,1.0,0,0.18527567940386558,
make_fist/p001_make_fist_0114.npz,59ce9f5471da3db1dd20872f815a8155f3f31411e113a15666f4f244e011224f,77af1199b131ef372ff5c228f48c6df6c12e05a728d3b105c20bcaf856daed81,b2e7c5fe6c8e0e3c0a6ae2a32050a3e4fba8657a1b0d606145e9e07e00f43043,p001,p001,make_fist,114,2,accepted,,train,413,38,1.2480881999999838,38,1.0,0,0.1837258675877186,
make_fist/p001_make_fist_0115.npz,5b53e94b4bc9c045c55a35447eec8e88c3f66b01d10742cf62a2a946a546a207,1a923d5c4240985b32a8ba86fde3135737144bcf68845d208b9e596de8e876ec,e7642cbaeef0455677479fe0ae8b3a1c02af6b6bf1f1b4ff121d332644b7b14a,p001,p001,make_fist,115,2,accepted,,train,414,36,1.1840926000004401,36,1.0,0,0.18509972850912432,
make_fist/p001_make_fist_0116.npz,560418731efea61a24239ff8c7bcba7606d6e3467ab1c89c2dbef226e0577790,14e9cadb03e717a1e6872d9546bb7ae30e2d421ab835bd71ee11f5c3dc1af31d,dba70b5a24e71eae49a6b68a0b2c8ae8d2f5f562315a2488dec857ff859865c6,p001,p001,make_fist,116,2,accepted,,train,415,40,1.3121443,40,1.0,0,0.19656633576424493,
make_fist/p001_make_fist_0117.npz,a6ea8c628aab411391e18e63fbe3b807f900e4483d72f6d16d3598ace2b7e026,8cafef9c6f7e2dc0264ca44ace7aca165d4e4acf08facf3279b292d78a7db14d,04b23b1fc9043ddf554031456813fdaf1b1a115935285f0a8355eb6aba60675e,p001,p001,make_fist,117,2,accepted,,train,416,39,1.2799296999983198,39,1.0,0,0.20226849861403742,
make_fist/p001_make_fist_0118.npz,e1eae8417e6effcdf279f3446e34905b95a6f5248106912ecafb382aa4f8a1fe,bad734c7de1d0f89b026bc69f70397ff15a16b7b7b9ebdb55dd18d3e6c4a7e49,194244e76bb7e151e53b7f55030d385fdd135be329fc98f6a068d13d2656fc7c,p001,p001,make_fist,118,2,accepted,,train,417,36,1.184042099999715,36,1.0,0,0.26571041502129344,
make_fist/p001_make_fist_0119.npz,67975e5f20fdeedcc0fe2d91af2e1bdab53adc32eb9d2e54fd3f0eb1d497e77e,81043c71ed42d76a3b6f534029cb0ead0dbb1c4287c27204e0ba858acdb30fb8,9c5b3d57676ba6e10b16c0631c76c6bf43669b9b7bdd4d848b4e3c6f8464229d,p001,p001,make_fist,119,2,accepted,,train,418,40,1.3279593999995996,40,1.0,0,0.2475655396627086,
make_fist/p001_make_fist_0120.npz,2f295c0158f82c59eb927c75fd5a7580404308e361687f7c4ba20d5ccbfdf26f,8d7a258e1d375dda2aa69178fb604c661ebe4e4a006c5525a4a804e0f2eb2203,a52a62f18ab4465096281775c5d701dab2be9922efd4faec4e0aab3892502fe2,p001,p001,make_fist,120,2,accepted,,train,419,38,1.2479808000007324,38,1.0,0,0.25232223930741127,
make_fist/p001_make_fist_0121.npz,b09203694509bd8e150aa9cb988557f167118aa1f78e6625a30ede6e803d9101,e6f6776755d1dafcb7a227cff359480d7391c43559e3842d279f4ceb2e3f4f7b,82ccb98688ba18194de6d90d0766a16527962efc58301f3828e79800381731c3,p001,p001,make_fist,121,2,accepted,,train,420,35,1.151897600000666,35,1.0,0,0.23965106815578008,
make_fist/p001_make_fist_0122.npz,8c9cf1436df46f483bbc76e28591182f7d000000e0d5d2823cb79678d612391a,e0d927c741e973fe1bc559c846191fecb874d4c7b048fa7cfe66b361f47e6df7,80a16584e7759ad4439e5310244e086219ec293df61dd411a4b24861a6ee5701,p001,p001,make_fist,122,2,accepted,,train,421,46,1.5198967999986053,46,1.0,0,0.2469579681074739,
make_fist/p001_make_fist_0123.npz,386fd86d9d430c2716f4051e1a6ed4d3b419d36e5ed3cf06a45008ac2f036c0f,937dce16db2a669b207fa946dc09a4404217ba867f4a1dc90489dfaa8650a753,ed18a42c10fd8b33b1d6c4a739ee0205312b8a005d091959134effad988690d2,p001,p001,make_fist,123,2,accepted,,train,422,34,1.120040900001186,34,1.0,0,0.2537011331818655,
make_fist/p001_make_fist_0124.npz,3f964ba8f6dd28e36605f25516176f72ab081b6058e67cab1ad4687a9bd1f349,bc95c6e88e525216b82218a54c98192107232705b30c8583f6066d3ad29bfded,67203178b31929dbe781635cafbec2e862c83fee572ccd9c3ad1c0251817d5ed,p001,p001,make_fist,124,2,accepted,,train,423,35,1.1360637999987375,35,1.0,0,0.2350325413301576,
make_fist/p001_make_fist_0125.npz,3877f573033c3c4ce6873bcd99394b6d7b7de9d7fd3a4312be75527db9488866,a98b4c1a5bea08b042fa515470867f86491c3371dbae1b29a820dd6ab753885d,2a1794a1a688226189462215e59cbabdb8b580a2a7d10c05acf87903c6244ab0,p001,p001,make_fist,125,2,accepted,,train,424,37,1.2160826999988785,37,1.0,0,0.2578723505672951,
make_fist/p001_make_fist_0126.npz,78ba294026b806264775ea72719b65840b81e3e2dddf0edd572f764ecf8773af,6f77d904806eb5eacbaef7adbe3a97f07518f947586988e2ba12a2382fee36c5,8444e6b40e3239c295bf5a5b04bda0972f0291c218400b37116c5aa6ac776986,p001,p001,make_fist,126,2,accepted,,train,425,43,1.4240905999995448,43,1.0,0,0.2586917606204091,
make_fist/p001_make_fist_0127.npz,8f11e2cac6572f7bbf8dd3cb59f40bc0c29eb5a6a919bddc7ca7acd9b0605a56,743cf99e21e6fbadf37542ebe17a81e267045726a31aac150bd0552fb2108cb1,99f2e539a1bb86128c9806a2dd31a9ece4b4c645b1988c58af38fd08f9eaedb0,p001,p001,make_fist,127,2,accepted,,train,426,26,0.8480103000001691,26,1.0,0,0.2140113899006173,
make_fist/p001_make_fist_0128.npz,cdf6cdd4ca4f65da7b4aca894e380f35e288c181808dbdec148db201ce52e1c8,89f8da2db434e4bbcda199e1c50b6f853bafe08ae6677de148a46a8d49f5a4a0,e986ea2068a5535f80129931b7b021143f3b1941cd73b8e2d5c8b7120d4e54c1,p001,p001,make_fist,128,2,accepted,,train,427,30,0.9759781000011571,30,1.0,0,0.21374005631758247,
make_fist/p001_make_fist_0129.npz,850237ccd969385e1b97847dd7339bec573e0c3a04adbe0e08dcd966021a720c,0d71066f30cb809a0c69079462f81d4b18e2c71504a778958c9ddd1ea7a55432,36c5befc9842e2f14afe1ce597c82bf44dc7918b486f57f61f62b626a4ac97b8,p001,p001,make_fist,129,2,accepted,,train,428,34,1.1199972999984311,34,1.0,0,0.21163246054311274,
make_fist/p001_make_fist_0130.npz,c3fc5a4518476c9b53b20025d15d3038112084e4db8fdd48819374f0b101f7aa,85b8ed4eb11c4b675f693fcb3792d1c190f0f85717be8dea3c5cb77b8acfab17,5823191a3732343088317a3cc7111226459f81a9b884a92fe0e013e2d45edce1,p001,p001,make_fist,130,2,accepted,,train,429,35,1.1520813000006456,35,1.0,0,0.21549254739893717,
make_fist/p002_make_fist_0001.npz,1c92c02fd9b6028861265e702d14d559fa022b362cddb54d1def30d0f5f668a4,d193a73b7a20b8aa1317bb6b80e08d5b2f841ef1f39d9cf33036196d681f74b5,7cd396abdaca222e0bf6dee7064770296b9fc8fcb70cdab7201e5f86fae24b8e,p002,p002,make_fist,1,2,accepted,,train,430,70,2.309009699994931,70,1.0,0,0.2637753894409701,
make_fist/p002_make_fist_0002.npz,e7ec40c064dceab9718e3358286b766c1cdb0e2fe7d5c61a48bcabad76a36bb9,e0156c3767254e2c56885cc2da52c8701ebf32857720af899230aaa3996e08bd,f6312f37f0ee793ac617f27c88dbd37509ca959c57b9fa4edae4ed6e10f33775,p002,p002,make_fist,2,2,accepted,,train,431,27,0.8713220999925397,27,1.0,0,0.26088824520319326,
make_fist/p002_make_fist_0003.npz,a232d845cd4aedf8320a88e8da86d0cf890af6d95601a7295f62c270fac9819b,76e1f55d2f12b5dab2d309b1fd65b4826fd54f8ba737b4099636616f84eba3e3,6f494c2cb32c4639f9a7f8bb9afbe4d2a0ae5701d74858d81deb56fe33aafec8,p002,p002,make_fist,3,2,accepted,,train,432,40,1.3001131000055466,40,1.0,0,0.2585488230300902,
make_fist/p002_make_fist_0004.npz,8eae55d668e619f3aa905a0c6fd60aa3652a1f79a0916d354a4f4a77d1d11c69,e8b5990fc7f25a9ac8ccee350c6a92232a0fecd6e21d31ad14c926a47257d1e4,f53986323fc47f890cb1e79ef632e4d53b3751cad71e075b87f4efb3b341a4c2,p002,p002,make_fist,4,2,accepted,,train,433,39,1.2588724000088405,39,1.0,0,0.1756278212648314,
make_fist/p002_make_fist_0005.npz,08c83930e75d5b16d30f32d7e6ee902afd482bff64499e0241a34fd1ed3a7a6a,ff63b1c2e71d5dacf2d980995f0dad750344398245e49043df42df11962a7992,76608c3185a5cb3c3c4da856f167ebcd631704e1871e6a28e0f1e28934762261,p002,p002,make_fist,5,2,accepted,,train,434,42,1.3767305000219494,42,1.0,0,0.18508152182585302,
make_fist/p002_make_fist_0006.npz,9f08c74753a94fb39b8038f9c429c86e8d27543a649b6be54d257b8f6166e717,e43f8df2f9bbe87e0585f7385516d8991d245f8bda03ea817459bc557f7fd587,ca0f4e0f237a4f45eca608d9e61f5db0e29cc47e0031be38bc3b4b2c891e05c2,p002,p002,make_fist,6,2,accepted,,train,435,33,1.0722334000165574,33,1.0,0,0.18236598028353432,
make_fist/p002_make_fist_0007.npz,8bb7c1dff6766b13572dbb89cc3af1d164a0fb81515ef65111150c798d68dfbc,e9d10a16137022498dbc55780722f0087206458117110e6981701e654c752659,bed7085af29a4961814189e1681c8dbd1a07c77ff2eab31ee42b53e49de424e8,p002,p002,make_fist,7,2,accepted,,train,436,42,1.3719170000113081,42,1.0,0,0.21892246475174817,
make_fist/p002_make_fist_0008.npz,5bad1e1113105e0defc77eb42013319ff11cefd90205430a86632a138891342d,498b10e235dc90c7f4f11fd5742c67dc468cb3ab766a2bb15ceb12c064636744,d56607abfae661e470de87b5a617cf757643ba51c65154c02675dd73738383cc,p002,p002,make_fist,8,2,accepted,,train,437,42,1.3682380999962334,42,1.0,0,0.18959685250677838,
make_fist/p002_make_fist_0009.npz,01f40150d336eb90d13815ea6b97e4e5c128ab5d9cfeba3b327fc524bb3100f0,002729604b684ea2378292dd22fe449590de3eefd6502c47943c7aa8d5d66342,ce261f0e3e8ad067e172b3ebeb6503bc71a9fc7684a7265392943bc949c22acd,p002,p002,make_fist,9,2,accepted,,train,438,44,1.441298599995207,44,1.0,0,0.16008157221551927,
make_fist/p002_make_fist_0010.npz,83a870e863bd50414ab247fd39b6128d9f5cab098a0c2d9609235411c2034b10,166599b5b32f33d7d649c5f6a84ab7c6583292ed7dab8a913d11ea9287cd06ff,e36964ca1a16ee1ebf6a4b68dcc6534e9c7d4ee07c33cce7a60f14488c954825,p002,p002,make_fist,10,2,accepted,,train,439,47,1.548974300007103,47,1.0,0,0.22390204878985898,
make_fist/p002_make_fist_0011.npz,b0c1bce7d2dfc7f4dc44f700457ec7c96ac9f33297b45748acc57219aaf6771a,dd6a45dabd3e7f42db8592dc66fd3e75a204ad932204805a45e554db046917c1,838ed34fa3b067e2a32e72715fe5f6a41c1fd2bd28bd71e5a57aa68f1efebfa3,p002,p002,make_fist,11,2,accepted,,train,440,38,1.2305294999969192,38,1.0,0,0.20124238662888363,
make_fist/p002_make_fist_0012.npz,ec7da3077f523313ff38edc04da9f93b95ae3ad200a98d72cb5c4ab8c90b6b85,1b246839c7089237f34abec3d966805b764825850daf28e75cc07c31f1f9e2ba,623b49c80123a614c6ba3c1b747829fe763311495942b40e38adee4b02c3bad6,p002,p002,make_fist,12,2,accepted,,train,441,43,1.4052080000110436,43,1.0,0,0.1089787591961953,
make_fist/p002_make_fist_0013.npz,44f961131ffe9c96e82e9ccce13ff3888dd8939de29fb68edb26aa656ee2990f,e79d8426e153accf2f0cc9aeae80d62d04799a693324494d4937dd379f3c80fe,78dc5b4dc198621a6c77419e7b0ba0f3d49fc3b6089670968d668e41dc7c9787,p002,p002,make_fist,13,2,accepted,,train,442,41,1.3360225999786053,41,1.0,0,0.22797952448767989,
make_fist/p002_make_fist_0014.npz,739ad19369fce859066805beda6b7a4ec0cbf96a64f9abc7cc95ca90355d3541,241d0909d3f6a54ee535dae91f61d3bfedfde6607a0f22b97a758a2515345eb3,64bff79652f1fb77ac4b794cc18ff544439262802da82d6852c512d6ac551a0f,p002,p002,make_fist,14,2,accepted,,train,443,50,1.641939299996011,50,1.0,0,0.21645108129239077,
make_fist/p002_make_fist_0015.npz,a1283f67054a61ff4544b0d4abee34ec8165a016185b77c21dfbb5be9e34a85c,f754f27292ef447a28e4707ef29aeb37466506b725d066c6b486d7ac47bda61b,73dc2d0dd67f14e2263ce856bddd275cdde145d5694e5584e9bf318e8a4d0a48,p002,p002,make_fist,15,2,accepted,,train,444,41,1.3227588000008836,41,1.0,0,0.2055100068574931,
make_fist/p002_make_fist_0016.npz,dd511c123e68cd4d17d31cd1a6b4c373ab0d75c7b64c2eeea77672e417b0b832,b579f11f979b66a5e54abc5c2e972012a2f9f6326f56bea292c2967a54384519,261abf958bb42297476d02dfe9da4886fe54420e04282148e6bc80fcc5a66d02,p002,p002,make_fist,16,2,accepted,,train,445,41,1.3378918999806046,41,1.0,0,0.21712955666000872,
make_fist/p002_make_fist_0017.npz,f7fa9ffec2c6b99349a19b370221289c10db76cc7b87c6a9efbe94b6d2be189c,3a5d3b804245e1674cf2c18c45a0a2348c015cd51dd8f7d3d6e3d7bc6490199f,2872cc339698d545cc20b4831ac56dc29011055fe6f46b7d58fc2265d1646664,p002,p002,make_fist,17,2,accepted,,train,446,49,1.6077567999891471,49,1.0,0,0.24745251129595644,
make_fist/p002_make_fist_0018.npz,09bfef1776b2fca6edcc96689280584f0246cfbb9a86941c5f6947e2640a0f26,238b7a61d16dd5eadfb1b44926920d4c42b24a4c90484126759100ef3679705a,8797d8f9f9aeecdb04efd88d0cb140d4e43d9f12d15a0be3f7edcb5e258e9b81,p002,p002,make_fist,18,2,accepted,,train,447,38,1.2291954000247642,38,1.0,0,0.28724272365035763,
make_fist/p002_make_fist_0019.npz,93b7ed5dd87105fdd9fca4855c6b9269f552764cbca19d2209fe1bd63a2b60ee,8178a86d28bdc7aa2abbe48096a46301a95b5a87d6306a76e6386060df49e711,4ce3610e0144e3e7f8f0dd163f8da1f29e8f67ade3fe962b2535d0c4d1100010,p002,p002,make_fist,19,2,accepted,,train,448,42,1.3635983999993186,42,1.0,0,0.23566228267268213,
make_fist/p002_make_fist_0020.npz,170306796e0f38efe64ba8793f9b07309c4298fc757a25db397e32cfa4816e9c,2358d9fa54b2983fbfdcba99d178183fe7de7fb3cad1bb607e71290337c49f35,fccedeb72f343f5313dc9059a937c92ef9c060bb2678d5ffc15c467d7f110723,p002,p002,make_fist,20,2,accepted,,train,449,37,1.1978599000140093,37,1.0,0,0.1558665677508758,
make_fist/p002_make_fist_0021.npz,b687992babb35bfb44609378b720411d3456761facda2cb2548ff4bea354a09e,70f5b75ee57d70abf2dc6ce5a6b72de8f0d415812ce02fcf2b4aa0b722d269db,2b418bc124487601579e68c7fe36e983fb1305650f4173d67e2eccc80574c348,p002,p002,make_fist,21,2,accepted,,train,450,47,1.5267495000152849,47,1.0,0,0.14422255949277868,
make_fist/p002_make_fist_0022.npz,f62007737a2f5e8edec9ccd470d40d629490683b7a41a6303950f2a4fc8262d1,cb21b4784acf5e6ba6f6b1e8703e3fad6b3986537e63a694b447842c8d9bec91,52339cb02fb24df865ccba8cbf8cc3f897938450278b827bc44994ae050a9d02,p002,p002,make_fist,22,2,accepted,,train,451,46,1.4820155999914277,46,1.0,0,0.16479066274719661,
make_fist/p002_make_fist_0023.npz,c638ea7363e65aab14ea67670515c2af3f760959a39902ac515b50f46b835288,9c93ef7e7da086fe36c702452677b5a77e9a28c495b48fbd8b4fcd40f0f52781,97ec3b1311ea6ec227675f4abd08e3f4e394db757ec7e10b8875bdfd4cd809db,p002,p002,make_fist,23,2,accepted,,train,452,47,1.5441519000160042,47,1.0,0,0.18062818022953137,
make_fist/p002_make_fist_0024.npz,d15fa2e94b1dc377e89d0a24b773e8a977aaea5d24f546c17668baa9f96eff84,fe15d1ed89c43e18a37cd07052e8e8d98ef077ea3dc31375fb2fa0e68391d28d,306e9c264c3a927f129f711df2466f666d92134fc7bfc4cb021ca12e1f6c6f3d,p002,p002,make_fist,24,2,accepted,,train,453,46,1.5021958999859635,46,1.0,0,0.2674014327685923,
make_fist/p002_make_fist_0025.npz,cc0f39e032d610db12d409e3c6fc06e1a7146f7fd4b14a4fa1d63c603b02e2d9,463c1277e8ed1525874c9190cbb35ad7159df5803239b3fb6083db52e1dcd733,c7c9dda3ddf77b13e04fdf30eaaf5a60fe1ca62ba06bdfd2f48e342d27dee548,p002,p002,make_fist,25,2,accepted,,train,454,40,1.2969475999998394,40,1.0,0,0.2719936756274938,
make_fist/p002_make_fist_0026.npz,e8e2d50864dafe10212c564fcd78cd373de53b90c678d61e5f5ef2b4eb4ecf83,e3a25e63dfb04c6a0d129be0c658732eb138f04e440ca20bb49b70cefa505025,2377b2a162c5b6b6e3a44077f3d2ffe405a62317a0dd32c33f50fb176052138e,p002,p002,make_fist,26,2,accepted,,train,455,46,1.494494599988684,46,1.0,0,0.1956411609336154,
make_fist/p002_make_fist_0027.npz,5725bbcf598378c7a53e528d57a0225093ef146a1134bc694aa7594e244be2b9,af5ce64971d35079e1a7734f80a3101316688960b4b96ae8c7d3e4a08788fe22,b6f04eed8a31648a886f7704894d0743ebd711b401fb364fd2d026b2779edab4,p002,p002,make_fist,27,2,accepted,,train,456,40,1.300515099981567,40,1.0,0,0.22398113753022159,
make_fist/p002_make_fist_0028.npz,ace9084840d5843ff06dad46f3e95d80a0f09d3f677708a34c05a80b0130a496,5fe637df051528b86392ac69f4adcfd7ed648e90f4b1002a2b67e87b350e6dc7,db2c0ee9371a26e74ee55d66ddb459f45c8ab5bfe82742ca90f27d0fe79d9c22,p002,p002,make_fist,28,2,accepted,,train,457,41,1.333862700004829,41,1.0,0,0.23672132619757966,
make_fist/p002_make_fist_0029.npz,ce048450507f2656a103f0e4847c3a8d41cf5193afdd18a9d8c6c775f6c0255e,4a0ed990bc31b715e6fe42246de89bbd572c4fe02e73a6c55ddcde6e2d18629f,d9aa15624ea1039393709151cbafd404d4df653e4c187ee4b3ce3a5b82a2566e,p002,p002,make_fist,29,2,accepted,,train,458,37,1.1858095999923535,37,1.0,0,0.20647487352568542,
make_fist/p002_make_fist_0030.npz,c8d280ea39d24f327b0cd23031f56fbe45f2b3ba7ffa23fa41c2bb737ec5077c,c985e41949d21988d58de56973289d05b5b1286516d542eaaf362a8ba7f2dad5,67b2d612e76baf9993949f3e26edd6fc450786d028a767b711253cb1a9007edf,p002,p002,make_fist,30,2,accepted,,train,459,43,1.4122212000074796,43,1.0,0,0.20219308974014427,
make_fist/p002_make_fist_0031.npz,6b806cac849d4d0cecd0a6b8a4cfb6a0d935765df39226f282f5158a17ca31bf,197200f9895070a2ab7dace3d9196dbde5163285f748f0652a65f707275ef7b2,6343291eb4512d7d47ec80f6d03db8ac1abdc7da67227bdaaeef4db36df16884,p002,p002,make_fist,31,2,accepted,,train,460,40,1.3079945000063162,40,1.0,0,0.22157618128747658,
make_fist/p002_make_fist_0032.npz,30f186eb4a8a80ceb45d7f9d6bc611906269975e2fea75b78af6c9cb7d3c7c4b,1c40efcef131798e5de94c17658d8c67f616aefb50c1157c5111c39ef24f062e,34ed8af12173fd01e51f3f701ce269e7074d25e7863033a1d8c31458f310b231,p002,p002,make_fist,32,2,accepted,,train,461,35,1.1415001999994274,35,1.0,0,0.2653877911656032,
make_fist/p002_make_fist_0033.npz,ded0440b9c955136835ce3dc3763171ead305e5b003c4e917c650665bd252414,6efc7035a08037a57c125fb7094ab97f838aafa974282fbfe11a56446f8f8f8e,1b94d49691518bc2e01790b31dc06b6ab23cb558413f8a67ad6aa8b83fe4f5ef,p002,p002,make_fist,33,2,accepted,,train,462,63,2.063952900003642,63,1.0,0,0.2110651782214844,
make_fist/p002_make_fist_0034.npz,0ffd02c1bafcd4613fdce4641aa8cdd07c0eb6139829e6dc52ce94aec389de1c,b256c9467544acb58f7960aefaca6406b4b5f4327dd716e8d7be4d8eff9daaa1,5b2d177669b3697b4f42b7f64b74a6e665735106991c32287c4892dff3cd80e3,p002,p002,make_fist,34,2,accepted,,train,463,22,0.7048394000157714,22,1.0,0,0.24485070003837262,
make_fist/p002_make_fist_0035.npz,10eb49c8153075db9f46093fd80bac029db35eb3d2370575cbae2b046f7c44c1,f635be8bdd593c5f66ee378e99b6c2b51162c75bc57cf8770e9ffcab5b293591,fbea8257eb3a4878b83273d00927c72697bab304a4f5dd4436abf280da2c6af2,p002,p002,make_fist,35,2,accepted,,train,464,35,1.1454801999789197,35,1.0,0,0.2477358742492218,
make_fist/p002_make_fist_0036.npz,7cb1eee4d9b74c932f6f6ac1f271efa42ff11a2a8f4befc77ec297b76f8f1ae0,27cad23e8f2ba350a5ec93efc44d6b3e7c2c66002fbc6c178734e9fa9f0ef185,cb5b45c084c708e7ea89cdd9a6cc7104a56ce6affe030dc48d5ad50294b7573a,p002,p002,make_fist,36,2,accepted,,train,465,55,1.7897286000079475,55,1.0,0,0.20794109189993562,
make_fist/p002_make_fist_0037.npz,5238269ddb66ff960b829c260add1e6a140ae5c706db63deb4303398e71d761d,bef11e5cad96e950761b133939aed6ff1a4c82cafa117fa97b589070853df869,198b179247427befd3c7d15f12d638097c42245e48e1b2aa4fc95626c3215766,p002,p002,make_fist,37,2,accepted,,train,466,23,0.7285863000142854,23,1.0,0,0.20235530902887874,
make_fist/p002_make_fist_0038.npz,53a17dab44240c2a199dd9054e92f080cc86b910c623c79a10907ec466c8d5f5,fd4dd9b6fd4040a6a53e5c5a2d86cb643c0b2fd71a9fd55505287b3569af43e6,d034771e8026cafbf0a998ed3fe8671e5eabb984808b3408feb0797e1952f553,p002,p002,make_fist,38,2,accepted,,train,467,35,1.1530750999809243,35,1.0,0,0.24772166345854083,
make_fist/p002_make_fist_0039.npz,1d0f5a1692bfe1fb42ce7a45b9b3d8abd832c7f77ec4d7af23a7a005f4b2ba47,4024cd47ccddc6bdf5528ac2bf0626c4c2e9fffcb38c1a2c50c1e36809aac8d7,96cef1a7a2c70a27aec8415c8f768b92bc22f97e8ceea3486e75e29129cb51e1,p002,p002,make_fist,39,2,accepted,,train,468,37,1.176941900019301,37,1.0,0,0.2787326524089187,
make_fist/p002_make_fist_0040.npz,4d9a2fc22525a5b0b61b3d9e72939d7afbe0998381aab547f6e960f29b450f9b,4f3f70c5554e66f715e8710f9f0f12c609edf71c4fd5750873c21cbbac78ca31,217480a778c47f3d2956956402104390503c677a777c6891af55b00639b4a782,p002,p002,make_fist,40,2,accepted,,train,469,37,1.1999958000087645,37,1.0,0,0.2528319131512128,
make_fist/p002_make_fist_0041.npz,f058636e12f29645603120315709bce48b26649a65b453b62982330894a27781,01b7b05e0c48001b885fe11e8aecec09ee92b0a7feea00db609fbb4df9f83b71,83b0666600b6f2d952db47f7eaccb10370e7bf0a87012658cdfb611eb7e849b2,p002,p002,make_fist,41,2,accepted,,train,470,41,1.3111638999835122,41,1.0,0,0.2024032587617413,
make_fist/p002_make_fist_0042.npz,f6d19efc539067354d3118b124174fdb7869a51fc2ce75e947e74dd354d864f7,6ca2275e10b5106f59198f4e3227f2be0297cb156b1ae81e1cc04503bc516004,248b683d8e8d23b20ff345e92c2f39e863f0d651fcf6eb8e04792bb50ac3e370,p002,p002,make_fist,42,2,accepted,,train,471,34,1.0918130000063684,34,1.0,0,0.3223920280079773,
make_fist/p002_make_fist_0043.npz,0a13b3d7c2501f2ef3affa777c8f692e5eae14a1c2666af5c6daf224a8cd6db2,11b46d1c9028e69f5c52c8651e960e8d8645bbacfc952795249f420388ad931e,13055ae7eb9c050913284e834d1beea7f5287401574603c576ee74ded9fd931c,p002,p002,make_fist,43,2,accepted,,train,472,45,1.4658888000121806,45,1.0,0,0.274825534643893,
make_fist/p002_make_fist_0044.npz,acfb942350641e640d791ee75e96247494098963813c98ef9c6209588f11408c,9eec2c061e0be2841bc1d4ab7bc075a63751fcf7dee59601aa27debe0710da68,fbf267a214e88bbd5f535aef43e4e79cfeeb0b2cbc599d4de1e01139dd70a4e4,p002,p002,make_fist,44,2,accepted,,train,473,45,1.448605999990832,45,1.0,0,0.2681228726172861,
make_fist/p002_make_fist_0045.npz,1c1f8e5e09b8b1b8d9cc8553feb3434b32650bf5f320eb7c7da1470ab76da56f,cdafc3bbd1d65dbe32e88ca5dc6b17e4381e07dc738a2b948384bf200b20e1fe,b1d728dbdc1776fa83250318e569be427007ad26a89c693595d1e8110ef6b5c4,p002,p002,make_fist,45,2,accepted,,train,474,35,1.1235223999829032,35,1.0,0,0.11265745716681343,
make_fist/p002_make_fist_0046.npz,e75d3409441714cd0cbf0701da521ddae1859ef5489a717291ffba8ee9d3238a,234c522d21d6924095d2f132351222a73dfa14fced1e2fb169291c38faa89d35,8bf6dfac9faf68a12b2cac4402999f251758319b18665c947e613d99b7971510,p002,p002,make_fist,46,2,accepted,,train,475,38,1.2139169999863952,38,1.0,0,0.31314044485098613,
make_fist/p002_make_fist_0047.npz,553eaa887e01b4f65b916518de480b4b1f46cafe0c8af62711e6326a88339024,5d58e58fa93b6b60bc94ef2ff6ef68b4f82e1200f4638eefe4f3287a213f3e0b,5242fb559818c38062be8fd0eeb6dbb21c641ee28ee8e75bb4f1b27595e84a59,p002,p002,make_fist,47,2,accepted,,train,476,29,0.9341166999947745,29,1.0,0,0.2667340539814625,
make_fist/p002_make_fist_0048.npz,ffcb50bf70a6b29dd601071bd8c30bc44aea47f3e77df2898f4492b898465f31,34aba413466b5341f5e22a66620af137765890d3fb42f6d2cb2efaa3e7628184,2310242fea97fe7fb7a63ccfdd456bfcd639d865a940b972415bc97b3e952dbd,p002,p002,make_fist,48,2,accepted,,train,477,41,1.3349470999964979,41,1.0,0,0.2962771717731581,
make_fist/p002_make_fist_0049.npz,955ab1cc07de1d17e965105c5fed52fa464e7c7eb0fefbc3ddfb7a42a1e717e1,a149701682aff42cef973f7f70799deb9c715bb22feb6ea7487d4fe1931a62fb,7ec6c1e92cf7e53025b4d77e14febdddae43a2667f1dfca82e0c620ec303781d,p002,p002,make_fist,49,2,accepted,,train,478,28,0.9012058000080287,28,1.0,0,0.1344549537698716,
make_fist/p002_make_fist_0050.npz,aa2540fa47608b4f66f389ffb057248c35265e51dc563d96cb44d2d188e6bc1b,d7beb2d3fef0c51aafa8298d3521292481d4c04aac632b92cf7afb971377c972,26381d87a08a1064900ef53e0c67904558cd52a10284a8e66a9df3ba3800ce89,p002,p002,make_fist,50,2,accepted,,train,479,35,1.1444485999818426,35,1.0,0,0.23575020135255842,
make_fist/p003_make_fist_0001.npz,f45597c5ef86539611564724eef11aecfc57e27b33740e88b01d27ae25c5e00c,12139ffbdc4570a85d49e79b4fa875e9827414600f626d1b8f6ac6b95f91b0ee,41bc7c89f977ee0bf1db6be2a9592421d50385d75e1814ca09d2ba452f0e4a38,p003,p003,make_fist,1,2,accepted,,train,480,35,1.1363830999980564,35,1.0,0,0.12831747241920724,
make_fist/p003_make_fist_0002.npz,bd0e4b7cac6e1536cf54b0249351083ec02c70a6cb573f6496bebf385fc8bddf,5a5f802d4dea7da9c6f0ed47827b5d9e427886233bf6d8ef87b2950a2e714a7c,2831fb94586936a9af37768225e799dbb0a4e93eeb3be9d0427ed4333dcd2bd4,p003,p003,make_fist,2,2,accepted,,train,481,32,1.0558110999991186,32,1.0,0,0.1291409283914109,
make_fist/p003_make_fist_0003.npz,e1b564575c9df78ff420c7529c7c6034512d953f09456b8a090e8753296f1c21,7823f2aa767090e0681253e86166e7593dc390dba474340456a321ee0f6d052d,3e8129e06ebeb3881ff3000d7e0b67346ad4950e700b5db016a811c28cb415e4,p003,p003,make_fist,3,2,accepted,,train,482,46,1.5197846000010031,46,1.0,0,0.12612161540813077,
make_fist/p003_make_fist_0004.npz,033d334d5be215be1e4790a497c94c34d91c75e65a54921be50825c81114a03e,b71fda828fc7bdea834c53ec528df4fd992a40948d1e23c7d7291763f73ce0bb,53e96e0cf8149c8535faf81dbab197512a77f62069d8aeb1d31c6e5eb329d104,p003,p003,make_fist,4,2,accepted,,train,483,46,1.519689799999469,46,1.0,0,0.13396547649309487,
make_fist/p003_make_fist_0005.npz,6d647d258dd1922156e21a55aa3e12ae56dfa96b4c05e979f3a86a64d8f98dfc,a4d30bc9d39d324285a00f9f546da19ee95f84c3993387d9b82a6f92fff46b24,e06402ef3b564a1e4df415640ff0d80fa4a4ad7847e58f3b0cc88dbfc43c7b6d,p003,p003,make_fist,5,2,accepted,,train,484,44,1.4545665000005101,44,1.0,0,0.13076091058183906,
make_fist/p003_make_fist_0006.npz,c442aa2340b33bca27cc5d7cff7a537e81861e8ed0612757bf964b8aa35e2a49,5a68937b175dab1b82714de9d54103944022770f726c0d1e52bd9d3f5d785c01,6ffd785d651f6361119b6fdf36a9037b0c54069ebbb1f9f087f18307a1d2197d,p003,p003,make_fist,6,2,accepted,,train,485,33,1.0887640000000829,33,1.0,0,0.13105080147244674,
make_fist/p003_make_fist_0007.npz,fc14442eef903eb130c5285b136c5aa22b10229b8fd428383a506adca1952c50,5cf35009f30b430c33757ed179f80082345f0244cca449c4bba19c7ce3291f53,7616f3d8b7d898a5d926f7cd944bfa37a5d64d603d0a51df4baf4053e198ed49,p003,p003,make_fist,7,2,accepted,,train,486,43,1.425922200000059,43,1.0,0,0.13636674773051732,
make_fist/p003_make_fist_0008.npz,1fbf0aac0f7eadf5571cac04d221fdd4d96bebd5c8be19d79464a0cf5429326d,d86fef28b6d0ca81356086d4466298b9bc5cf1703a263f2ff16efb2f1e554979,5546d0b3486d56960a1a58c871a9bc6f6e38469b46b8d305f350693d3b6c99d5,p003,p003,make_fist,8,2,accepted,,train,487,40,1.3283211000016308,40,1.0,0,0.11828104242589321,
make_fist/p003_make_fist_0009.npz,c37ed17a8da030e8b023625081ca543fcf0369db42c5cf6ad2ddd18467e5f2ac,c459532de6a157e92d867a2fd9a2399f099e7c2c2ae3f219ba3fd31d12309cc0,601b1cdbca485efc467675e7fe768ad611224f7c2876b55cb489bbb001b7e10f,p003,p003,make_fist,9,2,accepted,,train,488,45,1.4722452999994857,45,1.0,0,0.12744754126496527,
make_fist/p003_make_fist_0010.npz,1d3f59e560e95c70e6e73971eca3ce78538a1978d20ceb353486119df2f1783e,1561a4c7a73378783eec6ba925705e02c14cf8b6c31843453b370c3d6db67e80,b0f5700d8990b352f83bdf56bb46fb2aa629d79834eb5d72d4c46b92abb8b17e,p003,p003,make_fist,10,2,accepted,,train,489,41,1.3436132999995607,41,1.0,0,0.13062886431367124,
make_fist/p003_make_fist_0011.npz,bb6dc46be80db026590cc666cce5c6b51d6dfe8ec8a590c9e6bdc302acf72550,d4f1508110b8fa0c50cf9381387ca4720533028db3b44c861663650805c225a3,839d6610e28dfa456337068f11c4b8155097b7729dfe5bcdbd6b7bc25cc8bc90,p003,p003,make_fist,11,2,accepted,,train,490,24,0.7661600999999791,24,1.0,0,0.1265507782273676,
make_fist/p003_make_fist_0012.npz,854dae29723363f747b8287c7c4f472eb3d410a64c00c79a31342271fab36e5a,f3f7cc8ed5cada473a27cf6b210a285150876a5266388987cc0fc6a76079b502,958971ee46fc98ac597d7e715da5d5b61ef918b0f57ad7c7e65d08e60824778b,p003,p003,make_fist,12,2,accepted,,train,491,31,1.0068460000002233,31,1.0,0,0.1432476647494925,
make_fist/p003_make_fist_0013.npz,2d2d08a7b06c4d9e0261d3fe9e2261592ad86fff277b653f524f231dcb5b3e6e,a1244eb8068aa323588aaccffe420068d3160bf0f6f857410dde1eaee28ae053,697b3372426014eb851827595e986b94e8dceafb63f5b33ccd0bc371cdfcc5da,p003,p003,make_fist,13,2,accepted,,train,492,26,0.8490626999991946,26,1.0,0,0.14289777757757674,
make_fist/p003_make_fist_0014.npz,ccdbdd15e5e6926faec1ca286a669890269aaf9d3216008233513a9d1f209221,f137789c5efe485f49cc7d5d2695b3b58f8e2d014bf0be0e0d1f5e900bda9736,5ca718264ebc2896f30bc7431b3570077e2ad0e0ab00038e57b3a60118b1fc2a,p003,p003,make_fist,14,2,accepted,,train,493,29,0.9436195000016596,29,1.0,0,0.1279354296321019,
make_fist/p003_make_fist_0015.npz,5b30deb60b8fac1cb5245518d7db4da609a9efeb83c1eba2c932be84326bcad9,4e3fba1202ebf41b7d3ba86aaa5e351ebe0ca719a91900d4cc95c713c47b9be0,96ad8d6cf0458f27316ad2e1c7c35190f1b088dc0a624536927972dd32707ab1,p003,p003,make_fist,15,2,accepted,,train,494,22,0.7196851999979117,22,1.0,0,0.16281517376841867,
make_fist/p003_make_fist_0016.npz,4b2e35990ef1f0fa220d88e6cf5b52b9f8520e02174e4641970639d48b683da1,22f77ce2396546ac9d40b82e3c15ea12fa02fa5992d907445015d840cbda2998,382baedd246ef67754297622165b9a57f5d79da95f71bf7e99381aedbd99dd87,p003,p003,make_fist,16,2,accepted,,train,495,33,1.0881078000020352,33,1.0,0,0.1662909877025619,
make_fist/p003_make_fist_0017.npz,aa9f6c5a455c60af7af93b69bec803c9d9fbed567331458f1caaf0ef878d6600,02001bef063025f2855da20600b456f62d63515948b618f9e0fc789219aead8c,b02e8a3248c17ba1e98e8bbe74a2da07cfcff5e574cf098eb439191aca7815a4,p003,p003,make_fist,17,2,accepted,,train,496,31,1.0079928999984986,31,1.0,0,0.1665424106739824,
make_fist/p003_make_fist_0018.npz,8d9b2664f35331d8b9038393a43b56fc3b60032717fe389aa4c7c8291501520f,11045aaa30a4fdfa71204a483014df8baab4c8e7a59b6093dc9c13809279eeae,bf09d5254a116a4acbf52a7cbb294b83a07f41a43ff898d48368b50f8a60380e,p003,p003,make_fist,18,2,accepted,,train,497,29,0.9436682999985351,29,1.0,0,0.15403766243225714,
make_fist/p003_make_fist_0019.npz,a197017eb48807a2ee6ad2536eb966734d117b89065e98325dac825e62e0f750,2430c305089e49b1d1c56c85901a552c2ba7214b46a6c87156efd2e3e05e9cb5,31e59cf69b4c1af315ad46688df28f26f2dabf2021bb0f914a5244bf50c7dd63,p003,p003,make_fist,19,2,accepted,,train,498,22,0.7054750999996031,22,1.0,0,0.162801530247406,
make_fist/p003_make_fist_0020.npz,7ec5bd2eacfa47d3db0c73b9aca7266aea9baeadcae66d6c8d6255af1b9f9d99,1c4d40a46d4c76e18076e976c490a793dc3d4f39032b68430963be267e56d62a,6d739d30433714df23c28f0d5707e68ceea3ef049b00beb2f7930fe250e829b0,p003,p003,make_fist,20,2,accepted,,train,499,20,0.6407126000012795,20,1.0,0,0.17938757933299704,
make_fist/p003_make_fist_0021.npz,5a9def3c580e12645080431c557035d22ba504c0d8b8d424a3ebd4a885a64ad3,b142b574438f9700887530e36e5ee842fc05a5b0c9ae918196a931a6ec760c0d,536e64de4527d6e173cf70b862de00c1338e2be26df0cf1f868dfdf4eb2cbcaa,p003,p003,make_fist,21,2,accepted,,train,500,26,0.8472499000017706,26,1.0,0,0.18526222401726866,
make_fist/p003_make_fist_0022.npz,ded56e6c78606c1b5211039557d41692e4834aa9c5b6b94ce78275a6d89d5d61,afc0ea9bf8c77660265c8d0d88be56176393821e2d015348689ee3839ca3728a,a87b12fffba7ae056b53cf628334357c9d5ba0165fc6b0693a4adfb2a547bf39,p003,p003,make_fist,22,2,accepted,,train,501,25,0.8162241999998514,25,1.0,0,0.18289348774232048,
make_fist/p003_make_fist_0023.npz,4b7d816e617c5b5ed0c848bdf58703c9a1dfa1f65c8dece7f2abd621bfd158e5,40f79738b65628920c674403d8c9dc6a4c50a7b25c910de0faab09d5a459be61,e2443b093819130c092a0920d59dc8b1970556ed8e4d08eac459b2750c187195,p003,p003,make_fist,23,2,accepted,,train,502,28,0.8924504999995406,28,1.0,0,0.1746142804532268,
make_fist/p003_make_fist_0024.npz,c7af95926e3b1943bcac90cde6ae3849fd534e820062e464e7a200c9df5cdb7b,84ff6fbc8d29bbbedaebf6d848f0a92f7f014ea6e71f275b1ac52f6defdc4577,a276fef0cda92e85d04e32b73f424a15a46c12b6666300bfa4de89bb6a4ce7f7,p003,p003,make_fist,24,2,accepted,,train,503,24,0.7707011999991664,24,1.0,0,0.15644449440459368,
make_fist/p003_make_fist_0025.npz,e4ebcf6c67a38b0fbeaee94c6f26e1d8b84f02c6d67907c2ca934033204afb4a,b7e5a63281495809170382cd46fbfe09e00e2469dc4ffbc72b1b6721bd3bc02e,ab5a9f55a4853fe72b07776f2abee61c972ffda6504cad163a46cac744a62edc,p003,p003,make_fist,25,2,accepted,,train,504,27,0.8821877000009408,27,1.0,0,0.16277149772074076,
make_fist/p003_make_fist_0026.npz,f9f1076325af215d79e6d04dbc5910f43069e115358ea6b88ec7dbd6217eccc0,f48ba7a87aa691928613bfe163a726f788484676b3f70f0b26a886402e2d55b9,f3b0c7a06ae320eee15995791879fd25e68791bd0661172297ad4b9bdbe32cb6,p003,p003,make_fist,26,2,accepted,,train,505,27,0.8802405999995244,27,1.0,0,0.1698346127191081,
make_fist/p003_make_fist_0027.npz,49d8476ec767361f5c138d191280337e6ba11015c637ccba61528d7765478661,7dee693973930c84acc1c6c7aa8bce92f9c4c83e5c58cfab30bd6155c13b5fac,ad70c8eedc0f16323595c0bfea76edfbdcd1d580f25bf39c633034673dd5f297,p003,p003,make_fist,27,2,accepted,,train,506,34,1.1020022999982757,34,1.0,0,0.17649331390639658,
make_fist/p003_make_fist_0028.npz,e2887ef3706b68dc251c9b8aa55929209b6355de3e89ef0031ec7bc8895ebc85,c0cf29c6a9d0de9d584cfca388a0a6cc3b0a1928c93ca7bb09ce475a8c750389,dd38a17cfaaff3e1061c22b74b727b354b21df50924a520b6f05df36535b2450,p003,p003,make_fist,28,2,accepted,,train,507,26,0.8312965000004624,26,1.0,0,0.185399304877539,
make_fist/p003_make_fist_0029.npz,2633050fa184887070ec0b85af5857648daf921df982ff5b2906cc4f022a64c7,64f73e10bd97bcdcb5b944f4acad87ece4ad6c61c779bd481d40b7c2a2bb7afb,505643aaead1cbdfb7156fa7153634496cbb6030dd579c6a1a00f095f2f5c785,p003,p003,make_fist,29,2,accepted,,train,508,24,0.7668076000009023,24,1.0,0,0.17403311647344918,
make_fist/p003_make_fist_0030.npz,a3e7a5b439305b23298dba3a31b4a2e3a6d0956a947695d3e7141662ea7220a1,cca6a838798376cac2550d64adcec981e15fefde3b0538a790c335b453a9da7e,4e85d5d961c657455e482d028c7d764c0c068cdf8b7b8f73ed6cfaed768447f3,p003,p003,make_fist,30,2,accepted,,train,509,30,0.9767447000012908,30,1.0,0,0.17254439982511194,
make_fist/p003_make_fist_0031.npz,085645253407eb31601c9cac7f54e7c21eccdb368c1c7f53077caedd1d0f0887,97bfa473d6eb26672bb76361c5e1e84aa0520a0596cf76a28bfed532041ce084,b81083d0f6361de456c5b3ea8fb06efacbe0dccf3d85a33703bfa09c31752ddd,p003,p003,make_fist,31,2,accepted,,train,510,32,1.0401359999996203,32,1.0,0,0.16793882358294582,
make_fist/p003_make_fist_0032.npz,8ef09b90ea5747819e278edfb8f45267fd98d8d85260c9fbba2ccedddb268799,944373308232678b4918e7ad9c73b5eb9f4ccc26c684c218090c1e839ca91261,ca406077d48cd4701fda19c6f472ffe0f1061a9d857664634438c55089ca99ed,p003,p003,make_fist,32,2,accepted,,train,511,20,0.6402376000005461,20,1.0,0,0.22602907993940594,
make_fist/p003_make_fist_0033.npz,f65f9a48e16f1de13215afd2ebddfcb2992db66f0709f785be2acbfc948af766,5decfe14367d04058dfe0c940eb56086774fb8483ec8341b9eac3786cef1ea22,575b40f1a8fed8830c230577a251573fba79ccfae077ef6c512991385d2f78ac,p003,p003,make_fist,33,2,accepted,,train,512,29,0.9598296000003756,29,1.0,0,0.22533991327116978,
make_fist/p003_make_fist_0034.npz,f3bef965fba521f7e102b220ea007b02d02e8d1eed60af84de6537059c809897,5f51fd2caa501d934cf9f97be233cdd7f04215e3cf969ef1adf040c3a9bed631,a733f53d2d15c00b38dee2268c3c1afaf4bf6f1815fd22278408584d93841158,p003,p003,make_fist,34,2,accepted,,train,513,31,1.0069053000006534,31,1.0,0,0.22022226042680537,
make_fist/p003_make_fist_0035.npz,799790ed1661f771d117e61b71b0a2be886e095c9250be4d13d084fd1a6852a9,948191ba891cb4f6c0a0cfa77c154780ce4899385e88c49fc505935f418709d6,3f23b393ffc8c194c2595aedabdf3f891f365ebc63148cee9d2c11897b1dd28e,p003,p003,make_fist,35,2,accepted,,train,514,33,1.0722321000030206,33,1.0,0,0.21616198477452434,
make_fist/p003_make_fist_0036.npz,5420e0216807dbb96504ca73f19696c0e13bd31ae887b1700a6bc0b0b4ebf18c,29aef3c628269a212e2eb1452f8dd96c76186ffb0483e59f78cdb11d28befe41,afc8bee12857d333a69ea7165567e3410a092be0c33550f5a7bdc7944c3e7f5f,p003,p003,make_fist,36,2,accepted,,train,515,25,0.7996506999988924,25,1.0,0,0.21877583415103555,
make_fist/p003_make_fist_0037.npz,5df1a8d426815e91215bfa61fa5eda2027b5a0bca7b421b5f25c0e33d530b340,74fef5ec880f127270e105cde763479eb229240984f32de329ad980cf6939248,274db3c1a9fcd1bd1f307f1aa52b79f4296d3ac0bfb660ffd4739b61695e0400,p003,p003,make_fist,37,2,accepted,,train,516,27,0.87770509999973,27,1.0,0,0.22342503390725948,
make_fist/p003_make_fist_0038.npz,6f0d1cae37d2ee2b7da7e31f32e91012604240883275780da40bd7a146920874,1d6c5c9dcb2751dd0c00858a93ead54de4f778edcfa81b166dfeadc58aa2cf6a,e7444e641de72bfe78864a80521d51e8345fc093a37f6a83db4bc80bd90c5060,p003,p003,make_fist,38,2,accepted,,train,517,26,0.8468912999996974,26,1.0,0,0.22112632199908472,
make_fist/p003_make_fist_0039.npz,60dc41444d29df4c1d86960808badca13e795cd1d35591a8af497c1ed2163e46,7817e5e57f9fec4fd140de215ea58be4e6dd88363c83790f07df27fecfcf2b87,3a0a8c608be6524d528fcaf96d1b6a7f41816f947b5eb7e11bf34f44f55389ab,p003,p003,make_fist,39,2,accepted,,train,518,30,0.9731820999986667,30,1.0,0,0.2143532536797464,
make_fist/p003_make_fist_0040.npz,1c8b23982f374959636b18057b18b58462f8a59afa8071114f9d1096e2d5b922,74209b23c8e924fc70c175c6181fa65ac748e4fa262a16861d6e93c9e7b73273,d7f92e0252509c31c1a9f0d4abf4fd829946472201bc31e0d566c5a926d165f6,p003,p003,make_fist,40,2,accepted,,train,519,28,0.9114262000002782,28,1.0,0,0.21002079351919767,
make_fist/p003_make_fist_0041.npz,053eb7a4b6920d41a6499b2853d62e191e9feb5a4c0df690132b887aca8259b5,eaab5e048222e1050c4216e43706f18b4ead543eef8a222b4a672a516c6c415a,640f75cbc3e51f5840168258a2b5238c90121fa82887a5adb96dfdcedf15f558,p003,p003,make_fist,41,2,accepted,,train,520,24,0.8806035999987216,24,1.0,0,0.22405446281620944,
make_fist/p003_make_fist_0042.npz,6e7a6888f7890a6cb6abb5597a3ff73b629130b539f7c8f68caed813056fd08b,bf40f492b3d9b2145beb85eb730b34956b029791d23e3cc34fc6f3b8a66929da,a7862542ff323c758fa21adc2a5468dec1925749a6f273cc824f07b74c756942,p003,p003,make_fist,42,2,accepted,,train,521,31,1.0246786000025168,31,1.0,0,0.23244558691786157,
make_fist/p003_make_fist_0043.npz,505d2421ad91ee09173f0c18520028ce308d28812dbcf47b95a53e402b1cc826,77b9937ff99e359ef4a39c89000bd6489ff130963463b711c5df9da423e45001,b23999046b08606fca8ac0fd39f5e957a3a76d4fb063e7fb2636f5bd9a71583a,p003,p003,make_fist,43,2,accepted,,train,522,28,0.9117301000005682,28,1.0,0,0.2260883936827072,
make_fist/p003_make_fist_0044.npz,87285555c2f00a73a0b3782ea6c74a222fcbbede1dc8c321c47725b8c63e7e0a,41d437baa8e71c519df30f8ce0034bc97758a604046ec5f7b19aae3d786e84a2,25e9cbb85ea4bd0af5af75d53e7760256acc0c70d6e893f86e45f3ff3f65cbdf,p003,p003,make_fist,44,2,accepted,,train,523,30,0.9779086000016832,30,1.0,0,0.2218001389436257,
make_fist/p003_make_fist_0045.npz,0aff33a4d8b06202ff62fdf533f4f63bc16602596297f00b3dcce658a3f02f6d,96fb9508f97b11a8744acd02f67a45a42e8963f328058584921cf2e60f0b5d82,1b9835036b58c86ae1b6616d9ff8ec6fb0acbb3ac8b572d26b5faf8053bbdca0,p003,p003,make_fist,45,2,accepted,,train,524,28,0.9117265999993833,28,1.0,0,0.11556349874974359,
make_fist/p003_make_fist_0046.npz,3337afb0fd93ce9c7c96152d977a9b26a81d1c43e434c98540056aff11dbfcb7,63404434426790c86defc8cd95746954252a37c177bbe3681a995db99a0e047a,6867bb7f14f97c2b8bb5ac58ac13b1a85b39ff889766cf9c0c89736faddd159d,p003,p003,make_fist,46,2,accepted,,train,525,28,0.912070099999255,28,1.0,0,0.11919177628622166,
make_fist/p003_make_fist_0047.npz,73bcddee7931d71ff8eda260284553499933c1a3ccc35f3fdd9aa702b9ae8009,4771b2335bbc131dde3579dbd6dbe341213bcf428686d4423e89d4dfe41a6a56,9044707bf6cb7a8642db77219e087399acea4edec8df75aec02648cadde677c7,p003,p003,make_fist,47,2,accepted,,train,526,24,0.7659026000001177,24,1.0,0,0.1234910099543289,
make_fist/p003_make_fist_0048.npz,f488068c2a5f3085a6770f41069420f948bc4538807b4c7723753995f93ba963,a89a0b6cbda734b3a9280c49d8ecb7c085de568512b77962f4c022d007f222da,cd71676cdd8d7304667cdd6c5eadf2853c71fe440fbb319039436fc00c0afb6b,p003,p003,make_fist,48,2,accepted,,train,527,29,0.9443218000014895,29,1.0,0,0.12667388491753181,
make_fist/p003_make_fist_0049.npz,e70c5804c078306f8d065d5ada2bd861bd32c89209b7f7b0c74976d2d2e1f68d,34e8df42718441a52f9a56afd7291cc5703c82fceea911045eb09669a11171b9,c23ebf2b167ba29fe33d19aa261649ea7007eadf1aee27159902c0973ffe3c41,p003,p003,make_fist,49,2,accepted,,train,528,27,0.8807572000005166,27,1.0,0,0.1282107171176173,
make_fist/p003_make_fist_0050.npz,390f1a99eb6a83e12b2de5bc284bd422a24fb0a0547ab350efab24b52b883019,dc6635f308c32e84f6f876753db47b2974cf95fc169e958dc44a9c6f50347ab9,8bf02b817671483648672c7387706b2c4d43d8b4bc6ee5ddb9940748a31a682d,p003,p003,make_fist,50,2,accepted,,train,529,26,0.8475107999984175,26,1.0,0,0.12815747091576485,
make_fist/p003_make_fist_0051.npz,427fdd7d366bb3a507026ae0160dd3e3e9f47435d1468394f073c8f107a1617c,08fea82f26314bd007cd6d9e97d85604c58fb1cdacbad84d2a59efcbcb1672f4,e59eaa7d5e062ef96554427c0d68ac02d5c286d8b77f1a50e5fffa2ce887fe48,p003,p003,make_fist,51,2,accepted,,train,530,25,0.8175568000006024,25,1.0,0,0.12122709598339476,
make_fist/p003_make_fist_0052.npz,d4a447666db5560dd97d5e0e40530d7eea277c075af5c8468d5d25f127e37955,21aee89cdc7e4097e41fc3dc0540c7e17028f93a0de5e429c7496c44cf3cdb23,d8149f633c69ee5af48df62d1fe07fb66cb12a9bc994cd5e34426d08d4a13bc7,p003,p003,make_fist,52,2,accepted,,train,531,29,0.9438434999974561,29,1.0,0,0.12200979300148203,
make_fist/p003_make_fist_0053.npz,38545b32fd6c2d589ed396f86fa7e8e2bf4609bc653d761bcf46cd6ce8fcfe14,8e3f3f41a909851a6e43c6ccbb4b82ecea2814f453916cfe661e967f41e54957,b2a34e30d5cc5e80e9eb8b9a35f5fe286588a5852c7bc4359240aaefeb3a1151,p003,p003,make_fist,53,2,accepted,,train,532,31,1.0092821999969601,31,1.0,0,0.12124540975416204,
make_fist/p003_make_fist_0054.npz,f21758b38d9faae87bc6b375423e50e6d534caeb780ff5482e28c6d476160466,75079a75fe61aa9a2051bdbfab0f56df8d723c61244a1724040f067e44ccf8b6,172f7fa0f4fa88748c727bfaefb4e407f5174900d83d95df70261d578e21d1cf,p003,p003,make_fist,54,2,accepted,,train,533,28,0.9103682999993907,28,1.0,0,0.1261557354341727,
make_fist/p003_make_fist_0055.npz,55720432b72ab9f16c526f45e0f24d0edd93ab6b4bf7cda5f68002c72407766b,3d10a22ed6b260e268684316981a28e33fe172b66a7b64fceb784a82177e8a7d,1027f8f05f1346cbee65f5fc2bebe0f90811d3c10a754ee0b98ccb92cf1d3f84,p003,p003,make_fist,55,2,accepted,,train,534,31,1.008401800001593,31,1.0,0,0.12864631282081085,
make_fist/p003_make_fist_0056.npz,d0b7d4cb3a9ee66631cf46038f685e3a65c032797e93d6fe903fd52e732de452,3aa2c3e15654673e3aadd0658d79b957c673f27ca773c56a2c7b912ab4d58d55,447eec03e5793591bc01489c511051197ccb9028a989f28ffce7f041a502c94f,p003,p003,make_fist,56,2,accepted,,train,535,26,0.8515675999988161,26,1.0,0,0.12837098123689686,
make_fist/p003_make_fist_0057.npz,1379ee1c49d964d441fd29fd8f2388195b21bc36add7a018804218c3c8f4b5fc,bb91e18d0d247a4e58558a5f67ddf29caebe4757ac8a5a67bc03dc03a78c97f6,9f8fff45d41e2367145f94d82f992584e3c728a821b209a80bb57c582f1fba1f,p003,p003,make_fist,57,2,accepted,,train,536,32,1.0563701999999466,32,1.0,0,0.1251524803703703,
make_fist/p003_make_fist_0058.npz,30b38cc426c08fe57662f9f3558e532ebdd957a53489f05d53eab2002c3f3364,cb4170ccab9ba881be2e5e7e487248a0f4238cb882aba34436d932b5ee17c787,ef95fc67589f109d53e730f3205f1142d39d8f5f7fa850e2b2f7585feda02f56,p003,p003,make_fist,58,2,accepted,,train,537,40,1.3085939000011422,40,1.0,0,0.12811596346763285,
make_fist/p003_make_fist_0059.npz,e1e379d7b7a13cd5a5f691bf417d6daca14663d17604c084152933655698fb44,417452b1e2bb80f3113ff3b2acd7b06eed4a583739b3248b75a207c2519b952c,537ec96cf5ae39e7c7b107c1d02d9dd98cdefed19672f0499b9b658c5a2aa7ac,p003,p003,make_fist,59,2,accepted,,train,538,42,1.392142699998658,42,1.0,0,0.12363738025000401,
make_fist/p003_make_fist_0060.npz,078a6f52c785f228f884f0755f3b388a662a1642e971804d9f482ff5671086fc,33be4ce6671342fb6cfd0dd29a506a48bfcb0db7403fca3185f3c82e79b42c96,531958dc62dc8597ad5cd85967613817421823f5e3f5f99361079c16c25a7192,p003,p003,make_fist,60,2,accepted,,train,539,48,1.586399399999209,48,1.0,0,0.12152982504919302,
make_fist/p003_make_fist_0061.npz,ea23fc9ae67b4241fd35960d4da7b1b94ecfc3d53e50f2d325009e38b2ae716c,3e8e919086efa02a6564182b1ceb61bbbcfb3237177842dfc7d7484f083b16a1,78d66141ec51fd0486486da5a840b69816527d20094c873d5f34e8c01129d74f,p003,p003,make_fist,61,2,accepted,,train,540,34,1.1034687000028498,34,1.0,0,0.12504086019785982,
make_fist/p003_make_fist_0062.npz,cafc2fb2ec8af409babc5ae8fd9bfcd04f07c23d576308c3f897bcf4e4916b01,825ced69e5b02c09da3a58f7c22495391bd4d4c8a02c5f41eeb44049fa80c789,302d3cee7b6d3b9aecd1266c7c2da77b14bcfd9cc57b8caadfb5e6483814df48,p003,p003,make_fist,62,2,accepted,,train,541,41,1.3444586000005074,41,1.0,0,0.127585812300767,
make_fist/p003_make_fist_0063.npz,0077429a676ae1a71e00e5794fc004088de815b76d4c3ff579cb96dd4c49b34f,41a69fba53d76d4f585ed46284adb1c1c1620ce14f8bd32eb7f17b9ddda9cbb5,abebd3ff7733e69e4ec9b79f25606e0ccd150051ea624af8ab615948a92b24c7,p003,p003,make_fist,63,2,accepted,,train,542,39,1.2801374000009673,39,1.0,0,0.12533068844897333,
make_fist/p003_make_fist_0064.npz,0e0cd3444a6676d3d6dc29d8d8ce1b0b0ae4481cc4649afee0928ecefeb1f9dc,35cf8cd6c40192b181a2211710f24c01b29e48067800dfaeee732b1286bc08f7,6e280df91ab29cd5afe5a8ad4a0c967b2f166537d2c0e150a750da9e5ccd4c08,p003,p003,make_fist,64,2,accepted,,train,543,42,1.375584000001254,42,1.0,0,0.12550996074034004,
make_fist/p003_make_fist_0065.npz,2852f91eef9d8ff2f9c2b8abb293fc8f3c48683cce24feac0705fdfa92910dbb,a1af420278fbe6ecd5b4312d5daa1fef1af346d77a6ba143c97932b79daefec0,477484a2d33f29c96b29df81acbeb60807130b8eff2423de9fdd2b60ab33c639,p003,p003,make_fist,65,2,accepted,,train,544,38,1.2497808000007353,38,1.0,0,0.12937062019926807,
make_fist/p003_make_fist_0066.npz,703ddd21222d1f18d2782cb6f7201d8d2ff9915977acd5f57b8ee704cde7aa6f,bdbb02a3b314048041f7e576fc354beb6eff8ca40f0bb6eb7d79619351c1b351,f939048e953e025d4569da0b48f8563650847f7098a2ec1806c9a47e25bb2188,p003,p003,make_fist,66,2,accepted,,train,545,39,1.2791580999983125,39,1.0,0,0.11817563850303713,
make_fist/p003_make_fist_0067.npz,693b91baf18bef4da208bd6a86483f46d98650a6cf3a876e16a66ced8b6a8b81,624bfe26572958597ce3e34633f84f649be034fe3ab0e12ada81d879d367e45b,c460e470cf30fa716449c58eb7818acd0720e6ffc58608d069fb4901a274df26,p003,p003,make_fist,67,2,accepted,,train,546,44,1.4567690000003495,44,1.0,0,0.11338120080425673,
make_fist/p003_make_fist_0068.npz,a229d8af03f7f9e419c11c5380abcaa0b8478764cd6a86f2c5907341f2e40bfe,fe996adff4cce1f3d61d0bcba9b9ba427ef4c0a8cc2de65c29793ce8bb50d059,ae57506d4e335adf7b24add50fd85e49d0f48535cf0ae9ed2ee3c8e57a871a22,p003,p003,make_fist,68,2,accepted,,train,547,37,1.2154303999996046,37,1.0,0,0.1283636435669617,
make_fist/p003_make_fist_0069.npz,8d85d9154791fc3297597cfcc6590148b1f80be192a978d663a109318f98771c,30e75149afeeff5f7d961d37e9f2ca0066453917b5dc6897917c31470b3ed3c2,f943bc1111c0c4e6c67c9972c9fbe3f77f11d10a3a9b0a78b77d325608ff4d8d,p003,p003,make_fist,69,2,accepted,,train,548,42,1.3772078000001784,42,1.0,0,0.124956426943711,
make_fist/p003_make_fist_0070.npz,2ebee5b8c35f3f14bd3d981947669992b1f5070b27a50b4749f61df325d12f6d,146c196fbb4d25c970bc6c408a2ad0d114292a4576c916ce24cb621e36c7f1a4,d6ddd13127c3df314ca2dceda3da21c373147a2024df6578018bd3d259f9c2f8,p003,p003,make_fist,70,2,accepted,,train,549,27,0.8653603999991901,27,1.0,0,0.22352294136376064,
make_fist/p003_make_fist_0071.npz,e046c005ede7c4117e3ba495addf5ecec2c53cab0c3992e50a2d98f80c919d1d,2633415f1c9f3765b8794cdd34a173fb21a6a367cac6eea76c6b534f6ad201a6,a7c9a2030385640db1fbd2d0f94fc321330894fd2648bbb192b56a72815031fa,p003,p003,make_fist,71,2,accepted,,train,550,39,1.2794104999993579,39,1.0,0,0.2188478723461968,
make_fist/p003_make_fist_0072.npz,373d4e67a52259401b046644a7d61cd20e7637b2f4364f2484e7eed0147bef60,ea4f6728ba19b3cfff1985f3bb60773dd0b83f66e56fba426c4e39ea4b6b1b56,cd08b768d4c0cda721f6458d0e663d50e1080de7b8009c4602b15bd81007ae61,p003,p003,make_fist,72,2,accepted,,train,551,31,1.010048399999505,31,1.0,0,0.21019775107446917,
make_fist/p003_make_fist_0073.npz,8db911488bf2ee9d67e025799fe6029cc393cc9fb942ba045acec9b195b34651,0d7dd22930acb4f4c5ac88ab98674a692f9f48538aed974e80d2c792678a6f31,134a0f6ef18701c3ab0fd1c1dca6c41a472a4aa22f1ff2128ea762ad4380cd25,p003,p003,make_fist,73,2,accepted,,train,552,35,1.1539410000004864,35,1.0,0,0.22106318373409348,
make_fist/p003_make_fist_0074.npz,81b906d9b4c5ed24a190ec71053a98a1d951bc8d2f65da889d3c1a6d37f3a6d4,e5b52dd3dabe7dcbf99cc85a63fda6a74f09201a7d66de0b72b1d840c7876eef,134ffa7fa254171fb4f08e044d17ab466f5b3bd25a83f585c5335314a41621a6,p003,p003,make_fist,74,2,accepted,,train,553,39,1.2794821999996202,39,1.0,0,0.2126934433995085,
make_fist/p003_make_fist_0075.npz,ec9b6e128a7284d04b2ddbd159947cf22f953865736321aeb3fdd6aac53f6df5,0522457081217d54b15f11cc3a9fbb92546e907bb798dbbd3f5ef87bd4db826c,d1c516d06d11107a2373f0729ba2c689fbc76e105dc50f7b7562ae0a915c718e,p003,p003,make_fist,75,2,accepted,,train,554,39,1.280392300002859,39,1.0,0,0.21893790626585044,
make_fist/p003_make_fist_0076.npz,5984835152311148a6dabec286d4ffcd3e3b7d988be3e7916df0612c051b37b7,19a87173585f870f10539537a81d9eeb6ec7e63b84e5defd10cbe936ebec4c6a,d3c7c0602542363e15410064283ff8dd5a929b3d6dc075e30e7797e4e95e0f45,p003,p003,make_fist,76,2,accepted,,train,555,35,1.1354517999970994,35,1.0,0,0.21124757555784082,
make_fist/p003_make_fist_0077.npz,b5c7e65b18876ae8b9b6d332977e68fe261adfadeed2c6d780db7946f5abd46d,cb63de891976fbc4166e27ce3bb2eb3e625e6124ab4d377e15eb62c4d08c999a,128bcb6060905c7e640fff11dab93fe7b657223007d5aad78c519d4b8c3d8d93,p003,p003,make_fist,77,2,accepted,,train,556,37,1.2169747000007192,37,1.0,0,0.20107070144291705,
make_fist/p003_make_fist_0078.npz,99145526436d9145329d9fdc16bd759f1622d24de6ec60553e424c2f683af549,42b7b20ce43abf76195acc39bb7ddc4df9a86af5e06dd24f7d92a3f4299624ca,0ca426e8d333d320431d077bc1cd812517fde51eec0d00bc8c5c7828e3ef979c,p003,p003,make_fist,78,2,accepted,,train,557,45,1.4880757000028098,45,1.0,0,0.20911256807141568,
make_fist/p003_make_fist_0079.npz,64ebfe554edecee900eafffd41a763df1f97bd2f8c4db181262e4e73353eaf34,7a448b1f42e69dd4516e7715c7ed6f1f1381115713eda65372de14275f5e9809,221c85c4d25e2101ee1fe3803d180370371939d42307df1eac0a90da8fbd38fa,p003,p003,make_fist,79,2,accepted,,train,558,40,1.3284782000009727,40,1.0,0,0.20938777291235058,
make_fist/p003_make_fist_0080.npz,7ed8120b62ae8cff2e547e92a5782cf40286ed474c3dd3cdad6cd0b6e75ef45b,b8e1378b509100ce85af19a45cb2c571fc51d890b3dec4fed5dc762017321cee,e7cbab517908ec8bc69d7a146ff13e4fa6e2788d1c81d5b6e5136439aceaf7a2,p003,p003,make_fist,80,2,accepted,,train,559,36,1.183462299999519,36,1.0,0,0.209180267404605,
make_fist/p003_make_fist_0081.npz,fb4ee00324d6c5baa3b9911295a5a7f545cb777e9efc6694f3a1d44dee3bdf2b,20fd1c8199d566de8e8f1ada356ebbb7d90ae8c7273d354dcc506931f9252d26,29964a1b16bad3c2970fba0e0a0b58b8f5166c3cf3aa79e263ab9135fd8005f9,p003,p003,make_fist,81,2,accepted,,train,560,28,0.9119997000016156,28,1.0,0,0.20661640160029704,
make_fist/p003_make_fist_0082.npz,3913b5e0f36ae7b35e213740b979e67013c30638cca5d71530b3e407a225beab,73d282e0b89aa935dfce97cfb6834660c9374fcb12eba434e21edd17474b0754,5c013157ef9bfbedca6ee687bf198144e6cbaafb2ccae51c79c2fe0d8164bc7d,p003,p003,make_fist,82,2,accepted,,train,561,26,0.8464481000009982,26,1.0,0,0.1974504236551352,
make_fist/p003_make_fist_0083.npz,dab6916c99d673f67cb1c60517248a4b038154f726a1b65cdbf815acc61e677e,a31412f21cfb5b19c080a8e59b57aa6b95db4117b418693e8e2870dabfe4b59e,c610da7a67a93b9be35f2183a24bb7c9981abb9af7670bd06c8ea616bdc5a959,p003,p003,make_fist,83,2,accepted,,train,562,28,0.9130206000008911,28,1.0,0,0.19849845168239194,
make_fist/p003_make_fist_0084.npz,fb0698098e8e68b404d8b9959c3316e3d426c932ebcc2ff2ddbfbf417e419254,4b50b9ccfdd0d59d8c1bbb7e32ebf49c7be2815ca43716d27a98770d87b569e6,e5fbdc289decababe831e89708eb68b21a8ded0352e9e437a2ac48c18796c63f,p003,p003,make_fist,84,2,accepted,,train,563,22,0.7048280999988492,22,1.0,0,0.15742657978560687,
make_fist/p003_make_fist_0085.npz,929ce7e3c4f9446b57b5e6b199bdcc72d5d6f4736c3964809c78bbfccbfc3c7b,f2c51fa7e3e92df2d1deaa39b61acde38ed181c2099287e2ca85e6fa58c4a64f,a2c29b25fcea22c2a098cab8f93d054aad9cde19c97790edb76927aee390a458,p003,p003,make_fist,85,2,accepted,,train,564,32,1.0564293999996153,32,1.0,0,0.16000442564395356,
make_fist/p003_make_fist_0086.npz,a0e6bdcab784536920740d7b1aaca4fdbc679ac9db2361824f6909d1ea11dd46,d93ef0d6d21c47beb410e3beede6b2757dfc8bdc9ab444ef28f858d0a3fe1264,6b85f2612d3e92fef42378918afce13e2d6d985f3f8aab93a2539cc550a667e5,p003,p003,make_fist,86,2,accepted,,train,565,32,1.0401553000010608,32,1.0,0,0.16128799958899143,
make_fist/p003_make_fist_0087.npz,f7ea753e4c8b388ae17f76aa8c8664b6b3d25e90333a2a586b31df57867e9cae,f976c32a6ca46ea45449a0d353b3249a52e931e80f8f6a61baeb342133099573,f79a263b0b711321a9d3748bdd76c7744f78672b9cf015178883ac48543923ee,p003,p003,make_fist,87,2,accepted,,train,566,26,0.8310966999997618,26,1.0,0,0.1640561668021264,
make_fist/p003_make_fist_0088.npz,6adba7d81cd812eeb9cbfb655f8e19cc27937b79227b9e7f13293eb8d25ddbab,c469989eb5f33086bcc410f0eaae77a465c8f0e4a65e75fc3f7d38ea36b24c65,4e8a34ae782acdced9a631c4a785097b1c23e097ee612ae94ca5a59a456bbce2,p003,p003,make_fist,88,2,accepted,,train,567,33,1.0726308000012068,33,1.0,0,0.1676019186250593,
make_fist/p003_make_fist_0089.npz,41c37061ca2031880cef2b13df4303a5070e1c9a6573d7f30e3af62bfcb95d0d,abe5968755e36e7f1ad9bd36320bef3ae429073b0ece0d8e2ea304d854a176bb,d2f08ea26ba1cd4f022085c72164b29e6af30c7a2d5d4a6a79c10ca9bf30b5b5,p003,p003,make_fist,89,2,accepted,,train,568,27,0.8812364000004891,27,1.0,0,0.1451210300930125,
make_fist/p003_make_fist_0090.npz,11f28dfd7923971150efb68d6aeb1ae32908c12017366a9ae309df5b996db776,a9f55b9e77b6d34dc3ad5155cad43c787d0cae7fb506222eee615ba49ef63c8b,147366bbd6d3a11b9dd7aeaa7fbbb660d4edf897f8bf0657c7fb48563c9618b4,p003,p003,make_fist,90,2,accepted,,train,569,28,0.9140147999969486,28,1.0,0,0.14949420245072031,
make_fist/p003_make_fist_0091.npz,9ccc8af361ba578aca8457e697afa5333bea9195bc91103b6f3047e89482b949,b39a7732f4d06141d99e1ccba9dd9fc2d9fbf297580bd3c9187020f63dfcfd80,d77e6a764e59a591ef9b9a9b61ec1c59d5e6cebb18cc5462819c90e49852a308,p003,p003,make_fist,91,2,accepted,,train,570,33,1.0693387999999686,33,1.0,0,0.1609750555154039,
make_fist/p004_make_fist_0001.npz,58ecf2d5c4361f043770f330835e4de129e1de36e3c6f5eedc32a03adecae8ed,3e47aa8d59971e40213c59d8bfb571941a7be044f6e473328256b23327ddb907,3d7c4df705ee7365b168b52f86d34a3e2ba71ef88bdec997dccb8aef3c50d93d,p004,p004,make_fist,1,2,accepted,,val,100,70,2.3,70,1.0,0,0.2717861550225804,
make_fist/p004_make_fist_0002.npz,86be129fcc9cf9a8f8fa1ea5fcce8dedb49519ef48d185d1f3295e6aa1df972c,a83436ffa15db9aeeefa225fefa0ac3682018738e8c2fa52f94d9ca18313f99e,a75f87343bc9f44b0d7ba39da608e2475d6d4ce25254d9735937ef2d75c21a31,p004,p004,make_fist,2,2,excluded,duration_too_long,,,77,2.599134199134199,77,1.0,0,,
make_fist/p004_make_fist_0003.npz,17077b24dd5f37fc8e1ad24be474fbfe64611496c05683da50c77e31ebe4d3c5,e636fda9eb434a7e6086533e54e969dabe6a9a8ea90b421c9efbe9556f05d306,e79cbd5fcd1509ad021d764141543501388685fefd1ae9b58b0c7cce470232e4,p004,p004,make_fist,3,2,accepted,,val,101,69,2.2666666666666666,69,1.0,0,0.2968880850431328,
make_fist/p004_make_fist_0004.npz,ffb72da512b76d60c10773c354092e058706c952cb86e0849bb526a278a93cd4,12f75b542da74c3b30ebc60b5b3cd38f2087f6e63d75c96d1724bd14e1b77dc5,e45258c2409d0cfeb4146a587fd671b74e6fa3a73283f3c628cd9f859139ed24,p004,p004,make_fist,4,2,accepted,,val,102,71,2.3333333333333335,71,1.0,0,0.3059426461396308,
make_fist/p004_make_fist_0005.npz,44fe9b63f9ea96b3b737563ee1b8eefa0c72edba32bd8a2fac88584cd1de725e,53bb20154d1fb1df46053e61cff79139a4adf978c1ac13fa457b36dac74549ea,9db8b8a601c108118952aa19c6279ad6603198fa2759d0d8787299d399bf9f98,p004,p004,make_fist,5,2,excluded,duration_too_long,,,80,2.6333333333333333,80,1.0,0,,
make_fist/p004_make_fist_0006.npz,d7c64b8d3238a2b4878d0159185df4c0d819b489b083c45abeffa25457162a61,a4e1f7682cb008eeb5819c55453b466495e881d80fadc273dde56beb8bba8017,9a5472331cb674c6857f523d30fc2d09053db970172e4e16d5d0c5628c842056,p004,p004,make_fist,6,2,accepted,,val,103,57,1.8666666666666667,57,1.0,0,0.40988122419382267,
make_fist/p004_make_fist_0007.npz,128f3852389c2565ebc00970ab91adbfe6066dccb48bab1f6971c82c75200881,34955c52f1fa96d5aaad06f6505b8765e787b0b428c4806d1374b651860efe57,1d1b65a052e13a9c1696c117ce5db64cf34de39dc5f8c2d01faaa432166c8284,p004,p004,make_fist,7,2,accepted,,val,104,69,2.332367149758454,69,1.0,0,0.3610264310304667,
make_fist/p004_make_fist_0008.npz,f9498c0dde091bdf1152b09d37548a11a68f89647659136d9637c9377d6e3fa4,be6192622ecc69389f80d02fe0ff215570d35c38d414f5f008a450a1a501a7a0,b3b3e0e057f7be0c1d0493367a1a9e1e5ec5997f68c0451612c9ef3ffc2f37d5,p004,p004,make_fist,8,2,excluded,duration_too_long,,,80,2.6991666666666667,80,1.0,0,,
make_fist/p004_make_fist_0009.npz,c01bcb0af8523e77436f6c3ab99e41eb89de746dc944b62f69d80e6be694fc0b,bdea5960a1336911fe8fbd6c9a3c98761a5e4b840dc4c6cba430ac877bc27528,b90505391bde355757c9ec9be66d112d439c29c529d9dbc145e672e29d3f5410,p004,p004,make_fist,9,2,accepted,,val,105,64,2.1,64,1.0,0,0.28040799209098144,
make_fist/p004_make_fist_0010.npz,b9f98eba1ccd59e731d4e979a2635c9fc931bf9b18a249a4391db42bfd660e19,bbbcfb0eebf611fdb7879facc9e99c5b9d4b956b1436aeb7b1b5feda1f682a30,e109362cdfd65313948e3455436c29b51a4aef1c5afe27c2652e8ca1f518a958,p004,p004,make_fist,10,2,excluded,duration_too_long,,,90,2.966666666666667,90,1.0,0,,
make_fist/p004_make_fist_0011.npz,913a75ae4dff15aba21597f6a1483406634c0114e3c80588f2fd86f8d25e7779,e26905a082ac7b6b5bc662e4efdeaee18bc37b6cdc75f043bba1e43b741d7c58,9ce7c71005781db006c04ddb684d8baf3b6b0c28700d026f7892a48983db3753,p004,p004,make_fist,11,2,accepted,,val,106,76,2.5,76,1.0,0,0.28376588417609827,
make_fist/p004_make_fist_0012.npz,2c78229135d2abf9a371a7ff1982fb5749206688d657fbb69f2116a5b21aaa98,a3727518f7da8c92e35eb02d066a11788e65c1a966920be3f419eb61956ab78c,d10a6f1e7d73f425d3f0801ecea048c0c34b290f1297d00aad073f11580a3a19,p004,p004,make_fist,12,2,excluded,duration_too_long,,,77,2.533333333333333,77,1.0,0,,
make_fist/p004_make_fist_0013.npz,d8e6d33412f29b71c5ea57aab20e7b08f2e60b380189be054ae35f269f44146a,11fa3b72d1ca18bd137ee69a44b489164e8ffd1e640dbb46cba906ff76626113,1ef68468f1b0999061412bc0eb8a0ed5909c27453ba1a58eb9475a5935f432d6,p004,p004,make_fist,13,2,excluded,duration_too_long,,,79,2.6,79,1.0,0,,
make_fist/p004_make_fist_0014.npz,b6abc33aa8a5b7c4ad2ad95f939779e85d71036a0ddbfd4fd4902d8df96d5baa,823841fd0cb3c1072e0a48575a5eb7dfb5b97df8caf3e5da2b0d83aa1863d15e,4ed47a2e8f371f935b63f3471ff82489f91cd4971317620e2a0c001911f06d66,p004,p004,make_fist,14,2,excluded,duration_too_long,,,84,2.7666666666666666,84,1.0,0,,
make_fist/p004_make_fist_0015.npz,a3f8343e51eb3781b71913def1261eaa1aaf405a399348b8acf072aab6f9c17c,9da8ec5d1e460b7a1d990d42be5faf57e67ef3a309ace7440b365d559efde9c8,f21e006e09fc96f08266745a183214e39fe0fb172aed842bd6f3a840a3657d22,p004,p004,make_fist,15,2,excluded,duration_too_long,,,96,3.1666666666666665,96,1.0,0,,
make_fist/p004_make_fist_0016.npz,64c805c9d5964971fde7fb9787ab21bb8e089fa9823baff0a96285a0350afcd7,a8e7aa785afe2ae55c5eba09cabb5045dc8f731f528580665bbd8749f66be591,3c8ab205b7946a25c3ddf2c33d012fdef4650e2bfb3739b7aa7a9313505f8b9d,p004,p004,make_fist,16,2,excluded,duration_too_long,,,78,2.6324786324786325,78,1.0,0,,
make_fist/p004_make_fist_0017.npz,ff0cfc6a7deae52e6d3343c28b7788edc86bc84f6c6d41f7fc5ca6e2b3dd4074,2857a2ff60021d26a210d2c9f39a292a1c1fcc08af752d3b0538d09cd399ee41,6835abce124627a239da9ccf31a688e69c32cbdf648443f33fe55a01591cec9a,p004,p004,make_fist,17,2,accepted,,val,107,38,1.2982456140350878,38,1.0,0,0.2257469788795954,
make_fist/p004_make_fist_0018.npz,7371b8f72983257f16270fc0371c9a71dfd3edc958a5ff45f0f8c92858d60929,46bc8da8b08abbaa29902a8d45eefaf3d190f9bff9a2256ebc6261bf516444d6,2a9f281ae253c71cc6b5ab664d2558696a8555052dd14cbe8157ba8f56007b31,p004,p004,make_fist,18,2,accepted,,val,108,58,1.9,58,1.0,0,0.27289466162360027,
make_fist/p004_make_fist_0019.npz,3a4403986e337c61bb06386bef62c9660910dc31af66990f5dfbf29c5275cdc8,a48409dd41a5b2cbd0dbf699a4c44b8b0d470e0ec2732fa8cbbf90d147f26a71,22444e58c8133f8fe63b4e62b014c75e620268d27337f4dba8b75becf27c112c,p004,p004,make_fist,19,2,accepted,,val,109,53,1.7333333333333334,53,1.0,0,0.19371674511756629,
make_fist/p004_make_fist_0020.npz,5dc6f96955c377c34564aa54e93e01cd3d906de8388c2a6b7d22621e7d8f0f2a,133ff8beef2686811719a32aba622acd71b9357606a6530ec61235b04771912b,de00d08c86286f24d4228b4c96c5e62596a465e96027486c5336663e210d4b94,p004,p004,make_fist,20,2,accepted,,val,110,49,1.6,49,1.0,0,0.2722590043297848,
make_fist/p004_make_fist_0021.npz,b481a6783ce9dc6a47e231ecd68dcbc4cdb957bb432acdc650bd6015247ca465,365ba7910354bcb98c51a34526500db22695873a5ff75469cefe833942829d87,7077a7e8f076e68eba0372d759a2482b536dfa4681edc9d256a8cc6ef69dad3e,p004,p004,make_fist,21,2,accepted,,val,111,69,2.2666666666666666,69,1.0,0,0.40955127560016097,
make_fist/p004_make_fist_0022.npz,88ab134ef7af6069f38c860dec1ca518a0a169812ea40b2c458fcaa4925bb9c0,764517222c8e100e713cc76ba7ec299cddd4d47f8b192d8d8df01480a1a50e96,7f0e7b16f89bad40aae192587689ceed5be5f5422dac914820a6c75f8bb5a6b8,p004,p004,make_fist,22,2,accepted,,val,112,60,1.9666666666666666,60,1.0,0,0.38396430398671433,
make_fist/p004_make_fist_0023.npz,6acecca59d4931f2695376a9a8e1df5caee28d58a1ed35c73a3503da8fe2899d,c4cc3c3fcbb590ca63fb518a2a71bbb0e0774bb6b6c4d8a4071fb5d252e02cd4,e96e98455d02cfba7a9af35b3e4e870999665a07640b3b5fc12a57ef3987ce23,p004,p004,make_fist,23,2,accepted,,val,113,58,1.9655172413793103,58,1.0,0,0.32376313023806264,
make_fist/p004_make_fist_0024.npz,c6970bfb575fd53c8ea0f0a1967b13a7ffba6fb616d598cb444c8499307d783a,161c02bb6e83e5a987a69a0186ee953124f729c0c55af88729e4a7fab9498f2a,333a66a0fc840fa84757d8ac68ee329be9581ec1f5a003117f4ad75f9877d75c,p004,p004,make_fist,24,2,accepted,,val,114,47,1.598581560283688,47,1.0,0,0.30156914374729193,
make_fist/p004_make_fist_0025.npz,78b5e90482752c8479ccd9b3e5a728051a9c80139855e17a66ab148616ad8747,468bb589ec1a2c79d03cd92810651262ae617d13a2068983655ea2c726719e35,129cb5b63bfea389b691c47da166d2f0c6653c443df142904227690b3a8eed2d,p004,p004,make_fist,25,2,accepted,,val,115,56,1.8333333333333333,56,1.0,0,0.3020084861438278,
make_fist/p004_make_fist_0026.npz,124223fc737095a667902dd774b85904b51afa47150d306611fc4f4212fed1aa,29d9212c663d143f7efa8ed4127f84f35c01c281a892be036f951c38f8588d93,51ac85a8c2dde9da978426dfede13532a6690575c70db4677e5a65233d96bebf,p004,p004,make_fist,26,2,accepted,,val,116,76,2.5,76,1.0,0,0.29392154097299583,
make_fist/p004_make_fist_0027.npz,d6e57714bb34931f4c181c0d727ad3bf35d27497f05e2325c95073429f999edd,17fc188954dd95637d47a5e3e749f861f0a35d05aef42e13463143529e63ebc9,cf99f87ef9bd00e5670f71c88591d87600de199c6df39854903ce83c11d3f0c4,p004,p004,make_fist,27,2,accepted,,val,117,62,2.033333333333333,62,1.0,0,0.288709034747504,
make_fist/p004_make_fist_0028.npz,1f45d8489c6f52e099531aa6f8209c245e57614dc5ffd98f03c9fd73b2477680,1857c7a2285ab9e4c438c1c0075018874635994ad5dc3011fea56a873ef2e6c6,cf4958a1a67a09824db0885106a8e23f96bdf79476352496aa65aac2374be5a1,p004,p004,make_fist,28,2,excluded,duration_too_long,,,90,3.0325925925925925,90,1.0,0,,
make_fist/p004_make_fist_0029.npz,ccb5eb2db2b691d6313ebf5ce759d0be4ba796cda34a599b4d09f35c6a741027,4d06aef8fb025fc0e2a5f3146e674379586b237649a2eb30dd9a75834f5cab4a,a679f54a8b8b713669427ceeb9075a58fea61ee0841479b57514ca7b19626ea2,p004,p004,make_fist,29,2,accepted,,val,118,76,2.5,76,1.0,0,0.2944914602012568,
make_fist/p004_make_fist_0030.npz,f02655a6f7c0d5203e5b430851b390a9f086d37301bf2e05c6736f4da24bb890,2a8e0ae5d99e04e28da395a9ddec5a9c2291ca836569fe0b8923d3e79de6fee8,d9c1bfc55fa27f07dc5b8a89f543b444dfe981997b3dc4e85a32c8df41409d90,p004,p004,make_fist,30,2,excluded,duration_too_long,,,83,2.7333333333333334,83,1.0,0,,
make_fist/p004_make_fist_0031.npz,09fe45fe7dc01bfff400e98cde670c535d55605c6bfa75f7229cccd9e0a2b3c5,09a7b5e39fcf2328b2ff9b95ac3d346090eea8b9f76b97bfd0a1ef155cd8d9b5,c4a1c7eaeb54f80316b181207cf9ac806183d63a4469ee25df886e3ae49b59f7,p004,p004,make_fist,31,2,accepted,,val,119,56,1.8333333333333333,56,1.0,0,0.32715704907601556,
make_fist/p004_make_fist_0032.npz,f4be255a5624eed6123f118b66d66f58188345576461088cfb86af710f80b433,795d3b8c665e6400c7cf46b0cdcd73082d944353bbac95f7fd872465bebdff2c,12fff6ae0aa43b80ff67f8c9a9763b4c2ed01f093113410a2f03156de659c96e,p004,p004,make_fist,32,2,accepted,,val,120,67,2.2,67,1.0,0,0.26578167182746565,
make_fist/p004_make_fist_0033.npz,2ddfdedad6c672281e5b3deb672ca55c1c1f938af36657c4e98889255ae6c6ea,3e47aa8d59971e40213c59d8bfb571941a7be044f6e473328256b23327ddb907,4f501e3ce9c19fb1966ee193403e9ea97a3dfeab1c7a6fd0932d21c054d2d308,p004,p004,make_fist,33,2,duplicate,duplicate_of:make_fist/p004_make_fist_0001.npz,,,70,2.3,70,1.0,0,0.2717861550225804,
make_fist/p004_make_fist_0034.npz,b6a0be5ab0b264dff3a21a81b64ba801be9f4e7f7a04049c414ad087fc74dbc8,a83436ffa15db9aeeefa225fefa0ac3682018738e8c2fa52f94d9ca18313f99e,7f3f5ef89121fd3812d7b716cb1b84166eb55c3fcb09008a58a4faceae25db94,p004,p004,make_fist,34,2,excluded,duration_too_long,,,77,2.599134199134199,77,1.0,0,,
make_fist/p004_make_fist_0035.npz,ed31a7a2a34f4034fc5d34bbacbc5c6eb83e95d2c28b581893f1c1703d55cdad,d9a990088b559f520d49f758392621e12b2c4484e9e83520c0daa0e301674d59,2fc7204dbaa33bf6d439b68067ad10bee9e6a3d6bf125f78f303d72b66d82eab,p004,p004,make_fist,35,2,accepted,,val,121,50,1.6295877999982622,50,1.0,0,0.3565342385536045,
make_fist/p004_make_fist_0036.npz,7c514a07ef9f2b22e2d5213ce6f95971fcaeb2c80c882be51cf7bf7113cab663,33106495ef85b6dac4e16ef4799f1705fc658f579a41def8d6a8b333759659ee,e5266987a1dbfcff1a2710337fb44e1a694ce9016614a050954ee92b8a636724,p004,p004,make_fist,36,2,accepted,,val,122,64,2.0876762000007147,64,1.0,0,0.3665841499272803,
make_fist/p004_make_fist_0037.npz,a1ce37e560ad248c2089326d248818d06af8b4bea3e4bc6b838f0f82f9bdb465,ed33d9a104c33775c0cde07b886e519fd22da5aeb51b6841cbdb767847310370,140feac5a24765e85b5a58a1372d4efd2e7e9c948f44dbde1f9ff4fef32958ea,p004,p004,make_fist,37,2,accepted,,val,123,67,2.192811000000802,67,1.0,0,0.3485635817189844,
make_fist/p004_make_fist_0038.npz,2346a6deee2f30202d572a6e2810ae28f46f929ce9638aa8de6df2f42463ecda,d1c7bec9cffa622aab82b629887cca1873352856d47199b286690f6567b5ad47,a341b5bd1a91157d366f49957cb032973599446b8f634f636e0044948f377fac,p004,p004,make_fist,38,2,accepted,,val,124,45,1.4762993999975151,45,1.0,0,0.3686851706357223,
make_fist/p004_make_fist_0039.npz,43384833355fa1ad893e78c297671845c3cd97f8d6ede200d92d0df9f44a64aa,42306f652cd9dbf9687aa01fccd3543324dd57fde7c18afa5c707876a5663c31,c0b013f51f1b4a4f75f48dc209cdea304dce8d4f2e7ca3f08db643067d89ae35,p004,p004,make_fist,39,2,accepted,,val,125,39,1.259154999999737,39,1.0,0,0.35767992298578377,
make_fist/p004_make_fist_0040.npz,6d42836f337dbf629272067d1bae7d31e0b4aab8e300bebc827ac5ac7f5aec34,1bdc4c83399a88eb4d0809e13efa84ca9fd2fba90d6ba063e4e1c611b1266e77,36490233f8e61ef5ff18ab8914d63466e38e63c47bb30e89d0608f3869203688,p004,p004,make_fist,40,2,accepted,,val,126,44,1.443469300000288,44,1.0,0,0.36688526124027865,
make_fist/p004_make_fist_0041.npz,ffd43857d0d3ffc009566760930d5936f3f6e6e4326ea367cc2ed9d606c8f88f,8db2911b1da5354933d9249747e4ed8b57e7167285374c903f1b7d21a4945ba5,5227abbc2e49dceb489cf767c4e4c64414d62930e5af2ea88178cc8a73116e35,p004,p004,make_fist,41,2,accepted,,val,127,57,1.86588109999866,57,1.0,0,0.36358201045951866,
make_fist/p004_make_fist_0042.npz,3ba2ca9b8c23152dc16dcd8a26695ffeafdce53c2312f6ac6052af8afa887423,c1a3e25f5fa682557d078c4dbfd245878b71c9f3e2c16ce1da85b4669e6dfd7a,df815cd619e460d1aff0977d7957b02198e4fc93c32d7b72eb9cce7733f6dfe6,p004,p004,make_fist,42,2,accepted,,val,128,44,1.4402907000003324,44,1.0,0,0.4011617615693487,
make_fist/p004_make_fist_0043.npz,80259ce65b790207e0b833791a40cab11615b4a557e2de853b1927719408def4,4de4158fd27434691ccbfccc2df5bb842f77789d71b9df97a554024d5870698d,249e698671f1856e951427688fd2b17035e47e0293d76acac22047abfb0d4d01,p004,p004,make_fist,43,2,accepted,,val,129,38,1.2446342000002915,38,1.0,0,0.32189125372740957,
make_fist/p004_make_fist_0044.npz,fbddfdc16655a326a9c1881b2e575818fb699acef43288c7bb518a218dd05ab3,d80f821d676d56afe57e73bbe337ae1f6d97fba4952f762a357e49ef499e2a95,31f51f3ea26a953416dc283fa8f51a9a825e380e6f77088ea78a8d13856dfa97,p004,p004,make_fist,44,2,accepted,,val,130,44,1.431820300000254,44,1.0,0,0.35782095849597373,
make_fist/p004_make_fist_0045.npz,3972953a79a35aa8dd56bc6b1c2551b6636d1e35e7f1736dee6165f3ff2aa609,43da46ef36518d4dc6e163c5ad0cd30a8d5423bedc1bfac90b5f71833bd4c968,738eafd76b2b1a61f01df88b4c28289cdec7799022b0f9a43d2fc156c009c11d,p004,p004,make_fist,45,2,accepted,,val,131,45,1.4862415999996301,45,1.0,0,0.369930601500085,
make_fist/p004_make_fist_0046.npz,d0885d9ab09fdcd2685a13a1502fb58c36c225fdeb50852ab402e3534fc7c1d0,03d0accc1ad542108ba958740f779146f44c324a40e660d88709d5b4aed3eb17,2c894cc51d2f2198821571eabf3ef9b6c1270848d7f12abb0bdd021f5e63b313,p004,p004,make_fist,46,2,accepted,,val,132,47,1.5244641999997839,47,1.0,0,0.37239052227899366,
make_fist/p004_make_fist_0047.npz,57712c68a7b6aeeb89c9a58eb8214504e87e98cd0f23f2a0e65e2b4e6bc64889,13f22629b259cefe6db6601a5cb620078ea1e9c0cd2f870a4f658414fe995601,d2ebce1547c779935b140de7d63f0ce16d16393043d665d02b8e8993d9ec666a,p004,p004,make_fist,47,2,accepted,,val,133,37,1.1956092000000353,37,1.0,0,0.3215326107713203,
make_fist/p004_make_fist_0048.npz,b39c6bb6ba6baaec1c2103f4a656e0efeb3067ba031856d181a2b9d68b1b6ae3,4d86d70ba635ef36c7a1be883f5741eafeeafa6f70b4d15cb09d7b73c877109c,df13a812b64c91f5bd4757dcf7cc20a355c5678efc449b86a591f5ccc145b16e,p004,p004,make_fist,48,2,accepted,,val,134,41,1.3333841000021494,41,1.0,0,0.3827237730535672,
make_fist/p004_make_fist_0049.npz,01519d5218705df80f72fa3888023d0a7bef8a9f8009500da2a7c9e18af9d63a,965dd3628058d85d1cd635b5ec77eedeca5002a85cd65083eee950e56b4e3e9c,37c1b5f22c2cab1ab8137e149e69d3022c157a33cc0a1ed724ac14c7b0f96a0c,p004,p004,make_fist,49,2,accepted,,val,135,39,1.2747856999994838,39,1.0,0,0.3563616439409749,
make_fist/p004_make_fist_0050.npz,1213f69c7c1f427b491d8848c46058a3a842db2125a1491649c7850b5b6c3189,a4a3f37432064995b0240a93c1adb2e0c9339bb3f2e5d60669785332bfdd33f5,f4110bb9fc19cb0efca003560df8cecae2f8c774b8e549036709a166c235fe60,p004,p004,make_fist,50,2,accepted,,val,136,47,1.5220983999970485,47,1.0,0,0.3759299888501225,
make_fist/p004_make_fist_0051.npz,484a419f5a0fc137bd0e0cadf82370aad7e47e342eb18222656b9447ca96046f,f2e6f4dbd2da7ea6e5d6f801e233c611f7f16d6caeec0859d150896469f609b5,88ba95e0b96f7c300f3d0096ecadbea1cc9ed1c62e43a6926a2f946254723444,p004,p004,make_fist,51,2,accepted,,val,137,43,1.4103929000011703,43,1.0,0,0.3678858634209868,
make_fist/p004_make_fist_0052.npz,61b718f4ac4947e520286086db43bb16ac003eea952b605b3e182d67758866ef,397a525c4321b51f80cd2e42ae90e6bd07105d33bf2208ff3eab495052042b21,b49424441c57a7c41b805ed34597f334805904157f5e607f013b4261e5196329,p004,p004,make_fist,52,2,accepted,,val,138,37,1.2151427999997395,37,1.0,0,0.3471738056561956,
make_fist/p004_make_fist_0053.npz,d88cdf0e88fcad3674e10b97ac3b9bec5aea07b92b832cb09755b955c842f6aa,0c756c79ad12261a9096557ba351b4d06398732852b6ab6e6b91b430ec85f260,1290ac19c25a0075398b64aec0f205ab67fbcdd3cdb8a3df72bb7cb0862a635b,p004,p004,make_fist,53,2,accepted,,val,139,33,1.0843979999990552,33,1.0,0,0.3378723452439742,
make_fist/p004_make_fist_0054.npz,8ffe0a4ed3f644e71929ca93924068bd1a6a84c218e75dfddc715e8bfce863a5,8ce031d63b2aca3931e30777373a6a4fcf96986ad99a713d48a3bfc26e69ec0d,64f11b5b902aecb505a283be97819676f68ed86f17986292feff4cebd02a4b6e,p004,p004,make_fist,54,2,accepted,,val,140,30,0.9622692999982974,30,1.0,0,0.37202223438842463,
make_fist/p004_make_fist_0055.npz,8df2b61095fa61cede58dc03a66d7f03645b433bd46ac375b239fa2b7f028cd8,aab4deaf24273711a43292268a6a49bc9530bf740e6d61010f2af9ecea5d50ed,46a41843f889808f1605fb1efda39161cde8e6513634783ee57da18ce45d9130,p004,p004,make_fist,55,2,accepted,,val,141,31,1.023017700001219,31,1.0,0,0.3514958323388165,
make_fist/p004_make_fist_0056.npz,fa63b05f568c32c3e509a220c77df5c194b60edbfd46fedab03691aeaae0f94b,b65b8926ed5fa3f2032f0eff4b7295476a85e646188604870d1ce5db8f6d942b,b6103be250d594630caf0ca82fa38cc46e3effbd18deff3ac0a7808350e3b4b6,p004,p004,make_fist,56,2,accepted,,val,142,28,0.8988521999999648,28,1.0,0,0.3744225148174244,
make_fist/p004_make_fist_0057.npz,a2b5173d80ec12f89e3f21d8c4f1a0bc4512d34ea68318bda958d981920d4d5e,5ef6780125e05eec82583128a625cb287fb2aa4d998a1472e99ff0b3e03508a5,74cbd9d159abff09144b617199cab6861caee88d449b614f7bebe5709030772a,p004,p004,make_fist,57,2,accepted,,val,143,38,1.2431587999999465,38,1.0,0,0.35288111387861554,
make_fist/p004_make_fist_0058.npz,2065256e54f2ac7dc21d17cacdd11073d85e684f8af199a55f51b4ba0df78f19,20b4584a04278613d60809b122fd6a52647b24782f68a95ad4eab150fb546e46,97c1f16dcfbdb26f5dc49d7cc56de4bd2663cbc76c889a14b8fd5c2a18444f7d,p004,p004,make_fist,58,2,accepted,,val,144,36,1.1585873999974865,36,1.0,0,0.4109574485410127,
make_fist/p004_make_fist_0059.npz,1512a4c0ceccba6a8115721131523e7695e1e5b17a16d4ab000112286d43d09a,387bee3a51eda6674bafa91901b6453aece50d195a2aecca3cc84219282b9cc9,f7dbef468b450fd9a406dadb28c4e442e86c63a2b67275392c70c8abbc38edc6,p004,p004,make_fist,59,2,accepted,,val,145,38,1.2299992000007478,38,1.0,0,0.388815550746748,
make_fist/p004_make_fist_0060.npz,0731b86be4af54201c330e5bdb5fc0636886f7b526f18d1262271b1ffbef232c,4b3423a24a427d077a41ecc5863d7438490a2ebeaa49b89ac0b04c76bda3af03,eefe9a7c92848571b6b3d0eb600e0be03ce9f32b3e0519fca3665fc15af98600,p004,p004,make_fist,60,2,accepted,,val,146,31,0.9961301000003004,31,1.0,0,0.39590300446504045,
make_fist/p004_make_fist_0061.npz,1831d09b18ecdf265c056d7bad04fb4b60c1e3a344e010320f9c95b610f17ba6,e912a8482c3a2eefcef56e0fdb49e9b439c6f7cb52ada9753ef3b30f6c14013c,b870122e9cc1c5fb9a2003d27603fbd51b606247bd05169e5ca4accb3fc6d8ce,p004,p004,make_fist,61,2,accepted,,val,147,34,1.1144922000021324,34,1.0,0,0.3885329009062155,
make_fist/p004_make_fist_0062.npz,67dda13481ae9bf58437a97746428f80c9df26d2261aa2015c2d5e60693bdbf2,5b15261e7ad1c6b7ad7fce5cb6e9f214a58b3ef55a86d64a671a8c7b5eb091a8,52d64aa26c25a5590928a8b3a998fc377d075145b600f8c70dd15d1722ab8db7,p004,p004,make_fist,62,2,accepted,,val,148,35,1.1446955999999773,35,1.0,0,0.3875576680257785,
make_fist/p004_make_fist_0063.npz,066e10fe5e550ca6818662eec9fdcc4eaa5d5902f92ae3e5a58932256bfe12de,32026dd8f039c92f5b0368c841b7cce463d2abdb7a0311458858a9093191827b,cc943098f934894f9605cd7a8bb2b808c128a0a20602a335a98398c3c20f545f,p004,p004,make_fist,63,2,accepted,,val,149,37,1.1921807999970042,37,1.0,0,0.3586530287935763,
make_fist/p004_make_fist_0064.npz,0e7155eb791f8c1151f36696796daf122b47a51ebc3b74b80ebec1cb4431365a,24c90aec66bda711a8663b63382f3d1037e0d059f59e829d07d8437feebbc145,75fc7e08c8230c11b72b2137b409b7e714ab3065adf659e545384a13260d7846,p004,p004,make_fist,64,2,accepted,,val,150,38,1.232160900002782,38,1.0,0,0.3909068378292308,
make_fist/p004_make_fist_0065.npz,3bd850113c1409f9b37ad29b3afa14fa1543b98f3dc68bc95ec4065980d3f8c0,aa07b5eb715eef5dcc58f4d036001e31d98fabaa40c9a131f598f5be8bddab75,b9c1f5d7dd666e39601c5abdc7101758f0ccc0956b6867f46550b8ad31cd74b0,p004,p004,make_fist,65,2,accepted,,val,151,37,1.2028747999975167,37,1.0,0,0.37634691791394753,
make_fist/p004_make_fist_0066.npz,3df22e33473c66af0b0b4479c74edb99f9ae71468df427ab363aced27a25cbe1,1dc25dc8674facab92619fe412eb5c17330f2328afedb41e689cc97815d4c7cc,9f6496b5676232d86c01a2753e98ae29230a6b47333b5cb9ecb1e97d0da9f190,p004,p004,make_fist,66,2,accepted,,val,152,37,1.2079408999998122,37,1.0,0,0.3175928482333035,
make_fist/p004_make_fist_0067.npz,29556fdb1acafb18c123c12466ceeac7d51276c115cc88cfef2bfe8ad36d9a81,ab4e75319565a3a76d3f982ac451ba8b175a4263685082f287961717b6b5fb9a,85cf476b111bf4aa52dd5a2e2f6b563cc3f50d8a023a7a6053dcac2917d5eb38,p004,p004,make_fist,67,2,accepted,,val,153,39,1.2575407000003906,39,1.0,0,0.3264861789217124,
make_fist/p004_make_fist_0068.npz,457ebc93fc19d355abdf5af04396636781ad98cb10ac5d0ea92d8bddb9d3bf0f,9c74274d35985e949f51e8833b9fba99b77c9be563c8ae3d61d557ce5749513b,c3d1cb7e20c6ad386cee1b105fe6b87ad1f7b645c6cec0b28197980196e70086,p004,p004,make_fist,68,2,accepted,,val,154,38,1.2606869999981427,38,1.0,0,0.31479974412949296,
make_fist/p004_make_fist_0069.npz,79ea9b6771f8a79edc1127d2ee9e443042b25bedd5effb330ea71c5ae6e319ba,4ce95c86477db3da67e0d03f86d61f0acecc331c91c14946bdbd49423db96f67,a04651dc61d833f938e2b0ef25765c134afae2b48990f0004dfb867a191ea893,p004,p004,make_fist,69,2,accepted,,val,155,40,1.3036389000008057,40,1.0,0,0.34165873414723025,
make_fist/p004_make_fist_0070.npz,87db751c34f72c50dcc552e5879c6c4faa08a979dadf0bca9f048d1b24fba326,6c72f3848f103baa002329c01fdb57a060fafcab0bb12ed1e583c4b9b20f887f,baa280b1a8d10f40c772401bf42de300a2994936f34ff63a3a95c4354816e6ec,p004,p004,make_fist,70,2,accepted,,val,156,42,1.3657409000006737,42,1.0,0,0.3550985005893742,
make_fist/p004_make_fist_0071.npz,488aaf5300ce438c962accbaad68c70f89b1d70c9670624c650c899e78330f0f,76d59e882bd53dabc7a7d2eefbf04c439dacaf0c62fd4db7f03326330c959b20,3c76201540e0a6c2975568bda2232aed2a9f2ea39ca309283f52e3e64655eb1a,p004,p004,make_fist,71,2,accepted,,val,157,42,1.369067299998278,42,1.0,0,0.3457735292799871,
make_fist/p004_make_fist_0072.npz,d1e1e1255fbcddb696b967e72d75098d2cdd86233711214668b6bd3792bf5fe2,9da47e82c279597e3c8d68d99307bd3ea14767c74f784d229e9e4ee6445320a4,72291ba254486405d45eaeb7929b0fda684402448183750c897eac4e6ac0e100,p004,p004,make_fist,72,2,accepted,,val,158,27,0.882778999999573,27,1.0,0,0.3817512029642393,
make_fist/p004_make_fist_0073.npz,69ca7ba26eee7fd1046764f0111b5bd421d141dce1eab89a56c9ffcd0fb0d262,ad4cb1cb9bbba908226fd8464079312fcd5f3b3ef3269cac3d6d6b61591eae2c,db96be9574c8894e0d01c8b81d9c74d68ad249736a142fa86a9d3152721a3079,p004,p004,make_fist,73,2,accepted,,val,159,30,0.9749198999998043,30,1.0,0,0.4341854804004124,
make_fist/p004_make_fist_0074.npz,831a118c161c01bad1581f262e2abb8dfd4a7cbe62173c6811e65b991145687d,12585aaeba55fcea3578f003b617f84dbdaa9955bcd07937988e484576a165b2,3405bf3cbe5b090a49cc020d18ae6d6fcd2974f9ff8ea65029073c5135d108ee,p004,p004,make_fist,74,2,accepted,,val,160,30,0.9642665999999736,30,1.0,0,0.37773355117138724,
make_fist/p004_make_fist_0076.npz,9e87f3cb35dfe783c365e25e6b32869edab8c24724ceba3dc570a8462e3f46ae,f0e033d30399b6ac7355cc50f1a1536985f86ef2b34632c9cfb33c5b54d90bb2,2c4cabd2d8ea13c5b9ce7dcf43f8d4a299110c0bcf1b1db23cf25ad6a79d9f3d,p004,p004,make_fist,76,2,accepted,,val,161,39,1.2794261000017286,39,1.0,0,0.38537289858007107,
make_fist/p004_make_fist_0077.npz,fbc35623999f38da6168746af5676c16fb877a95413e98a4ed8b9937e38c68ae,9e88548c263ff1ccb27e7b54cb6df51031a2586a09d74ec08ffab54d0a58b0b2,dc1953a7975682bb028cdeb0068d0d1ee34298fcf28962d1f1da1876c3a8c3bb,p004,p004,make_fist,77,2,accepted,,val,162,40,1.2998605000029784,40,1.0,0,0.38747411912907376,
make_fist/p005_make_fist_0001.npz,0d534226a861a1c0b60eb35f102fd0710a4b92ccdb3dc3179e051cbd1b6d9489,5fb337745010fb763274ddabfb81fc5b7c0b5156145e84d7c35e8fb3dbd3ca92,6acfab9d3dbe194f5c150ca0d857a8bdb2eb12a36bfc58603317fd803e995274,p005,p005,make_fist,1,2,accepted,,train,571,23,0.7348826999950688,23,1.0,0,0.2893648171644336,
make_fist/p005_make_fist_0002.npz,69ceef7f999846a189cd4f922ba6e2cfd289dfcc7732ece15782ec1462617ab5,1d44fb17079cfd10a9ad5a47a79788e276f338b5432f443e6cbac14bd51e7f1e,c4d4f75d572c52b11f3a69368e774e7e93a018cc6c0e3b092817fa0b3684588b,p005,p005,make_fist,2,2,accepted,,train,572,25,0.8163010999851394,25,1.0,0,0.29525060141268195,
make_fist/p005_make_fist_0003.npz,3675c25262d6d469f224643e7a805721b0881841a1eb2cb5f1a398c8ae807c6a,cc27623e160b088ee1f03bc24a1b9823f7e7b56abb615e4c4feebfc306f2b05b,f4991ae888462c12c89927cb21bc94db37204a1eeaccf892b25189de0afd73c6,p005,p005,make_fist,3,2,accepted,,train,573,29,0.9437262999999803,29,1.0,0,0.31345799723195167,
make_fist/p005_make_fist_0004.npz,edb0cea55dcb8feb9daf1c0c566d38d094e2b47c253af6b4529c476d5b6c98ee,28e4969a4bee0686f17703dcf234f34284cad2a7c52d7084bc799fdb7bf41d5f,ba64c601aaf54ff2c70ab7113d896796b213fb0c8cdfbf319b80d025488bfbfd,p005,p005,make_fist,4,2,accepted,,train,574,30,0.9755731000041123,30,1.0,0,0.2678254789206622,
make_fist/p005_make_fist_0005.npz,07774768c6045df33b050ccda149b9ee8825b78847c0af17d404e6e383dc78db,ab7c059c6aa2fb73d23beca12c76f6eff1a9e70687d19e1234b65d6cb7d8ea9a,5ce44006da022dd6803ee71ea54c5a33901c6582b73247fb2998e3eca6df87f3,p005,p005,make_fist,5,2,accepted,,train,575,29,0.9437925000092946,29,1.0,0,0.3477842682354091,
make_fist/p005_make_fist_0006.npz,32145bc6813d25479997a65874d061db8247d266cec0e1923d700c97aad52f70,4a67e48c06cf174f99c431898a0bdb4b4a7da5d6a132731fe95fbc0df7e956b1,3781b0bb0826e2a12dea7e61856b145e195f2919747e2dca68b794639968d854,p005,p005,make_fist,6,2,accepted,,train,576,39,1.2793360000068787,39,1.0,0,0.2617331818029616,
make_fist/p005_make_fist_0007.npz,7a55c53281ee4f4ce8c41a05f90b89fe46026d304370b9eda965b5cc89ef4c35,4ea8f80db18952c4c48b42c185e20b5683dcd4b5a6d4a2cb03fee728088c6a5a,21a86ec01b71a786e33aa39e77ff425bde06a2b7659d312b05a66112558a7984,p005,p005,make_fist,7,2,accepted,,train,577,26,0.8480956999992486,26,1.0,0,0.19103764894184608,
make_fist/p005_make_fist_0008.npz,7eb07d53e5a835e688d2fb2e1413901f354b53f3cff891a6ca030dabc7ab97e1,e8911032721efe2b2dd1311b29a0c1e8d7920cf604c33bff3b26c2d4f87b2dd7,d55afb6f2ea53e36cc397c88b6933810cbb12b1ebd89582257c2b04d8b9ad23d,p005,p005,make_fist,8,2,accepted,,train,578,29,0.9448404999857303,29,1.0,0,0.18453304244122354,
make_fist/p005_make_fist_0009.npz,16f76530decf00e140a37e0764115f545edf41ca7f7ff3e99c27debb12bcc8c0,f5764a746f8d315468094fe837fbe8dade83cb9a0a595026388aaa3b9c8490a7,27663feb52adfe52270036ed2bebaec5af12d972a242c75b9d418b24d9315b1f,p005,p005,make_fist,9,2,accepted,,train,579,31,1.0081644000019878,31,1.0,0,0.19470044080834267,
make_fist/p005_make_fist_0010.npz,5acde29715462096a5597c8c5d692c5aa08173bba77bd6ce1a6b343597874abd,0e3253f6b47703b1efa0f5eb4da1b68ab75641cd34a00a25655ca7bf896b6c83,71b8697d6f347534aae5d6a7377935d9c12be963e161da4bf386a38ae37ad88e,p005,p005,make_fist,10,2,accepted,,train,580,37,1.2161956999916583,37,1.0,0,0.19037817802362908,
make_fist/p005_make_fist_0011.npz,43303a8f568b2158097bf44c484fdf0f6bc557b429a5c8457702fc6cf5608678,c46427941d7279e5beb262ae99277297fc4e64916a473223224a57ada76507f0,ccb21ff94be6a0bd81cb3e2decc8e57ea47f22cdb30e381f245dd86451cc595f,p005,p005,make_fist,11,2,accepted,,train,581,29,0.944769499998074,29,1.0,0,0.20551019040022311,
make_fist/p005_make_fist_0012.npz,0883a896938f7c45f53d7eea999347cecdab8a19b323da1cbd0b95f590088ad2,98a346bd29c353bc8b360177eb4c284a0c60a926bd197d386a94cceb25871d3b,b091b1756c785658345a5e4385fb08d30b49ea85a8510b162952c6e7a0fc8a9b,p005,p005,make_fist,12,2,accepted,,train,582,30,0.9768152000033297,30,1.0,0,0.19783073572430798,
make_fist/p005_make_fist_0013.npz,fc8866817a7ec9052b7f43ccecc5309186ce682b18b398392a49517e3a303786,e7ea2f106bce3cf23fc83b7391fe2f644dc6f6b591557af0fe7bbfa223f92cd1,46223e121b22956ced59180313fc2a79251d2e65962b58887bae1450788e305f,p005,p005,make_fist,13,2,accepted,,train,583,34,1.1207630999851972,34,1.0,0,0.19482574748103676,
make_fist/p005_make_fist_0014.npz,0111a84e7982d9ac7fac0d74e58e729d620bfba4071dec99f15176a142ead3ab,bc7102af5f338df8e427784bc0ccaf0b710d0025f221aed5f36f021662020e12,fba5681d5613a501b910f44dc90c93dbd9b555a8db7a49dcbce64032304bb7c4,p005,p005,make_fist,14,2,accepted,,train,584,27,0.881130599998869,27,1.0,0,0.19929758045048715,
make_fist/p005_make_fist_0015.npz,e8aabd59fe78c0a580b9ae9e1b0ae56a1f80936d3c4492fca55dddaaf73c354d,3b5097f2c811c9d0be23b3d51410c115f8d6857bccb97ec2e7598865a0c32e31,94d6c0b2e28cf295f5b2892c910ca5cadeb27e82c015c3dea88d858d25ad49b1,p005,p005,make_fist,15,2,accepted,,train,585,29,0.9442899999849033,29,1.0,0,0.19455093331160322,
make_fist/p005_make_fist_0016.npz,63a9951fe1b784fd89011325859632e77ac1e7b336bdc0c443da3eb4eab61527,08814864291637f988d125ccd7306c29b296ade773667485e6366ffd2d9da863,0b85416e300dce104554da1d4ce93989cfcb37213d939e5b3b172f15c6f331e9,p005,p005,make_fist,16,2,accepted,,train,586,34,1.1203238000161946,34,1.0,0,0.21383013880714458,
make_fist/p005_make_fist_0017.npz,1f51c9ebdb7e46950688ff5136f20ba162372938f2812ce89612326b7c25783a,29ea3bf61735ba13a687df5cb57fa6d9e2ad0d568d157dca723d8ba6cf9ba12c,de4586cc476616f0e549298dd32d20520e74879bdc05cc89c7ecb73e5975fc0f,p005,p005,make_fist,17,2,accepted,,train,587,33,1.0719575000111945,33,1.0,0,0.17739268421629395,
make_fist/p005_make_fist_0018.npz,e8abffbb9eb89caa3fef1d4d4112752cac8ebe7e92b7a6d29f92dfb3c8a44e13,01b7d0979d4f11b6a2165dc939123dc851a82840193654d7a5760157468f416d,a9df1b24d7e166156e048bae855cf412eac038afc54722cf47de9864bd6a8972,p005,p005,make_fist,18,2,accepted,,train,588,29,0.9454870000190567,29,1.0,0,0.18822796296966363,
make_fist/p005_make_fist_0019.npz,d52cb053945bce581c2c7b47e765ca20be58994f5d5e7492c62f316115e3b8c8,a67e71a5678d0c78d415c9aae2006c714761a49f2c22e7f64e09a87bf9140b50,f2721583bc047745e9418a97008c064fac2a623c3a179b01c7a85696182a5382,p005,p005,make_fist,19,2,accepted,,train,589,29,0.9434851999976672,29,1.0,0,0.19844852483466746,
make_fist/p005_make_fist_0020.npz,3388e2608035dfc80115a4d6b8562eed3a86536241148cc7e4239694f47a5fd2,ad77180ecd4ae83620cf12093f0df5dbda2fcad39fce3921116a9d8c9a77c118,a951c9355f1f3cc0f1184291f7171cdb371c20a35b0d6695d5b3633b76f2872e,p005,p005,make_fist,20,2,accepted,,train,590,35,1.151972100022249,35,1.0,0,0.15756423598142413,
make_fist/p005_make_fist_0021.npz,001568413f649c87b726c4137eb36c0bbdd3343d9a0de0b498123ed2a64f1121,a98a0cdcfe9873748aab31e7718a0c420e273fc0d4e4dd00ce5122c2dbf34a60,0a8d74065dfd2fb697e0b287f9374403a2b0f1db04f3d1f26032bf4cfafdb2c2,p005,p005,make_fist,21,2,accepted,,train,591,34,1.1042779999843333,34,1.0,0,0.19321259974276228,
make_fist/p005_make_fist_0022.npz,d13785f0d1b836b0eac1cca0c098854133d6d4fec2bca49173edf883ac5533e6,23734c1a8921a9e84fa3cb2835891be39d307518e1edd24b1cb0c205e05bd24e,9d26348ed8ccfc08e5436f35aa6bc2fe0f79ff3d389399773b5bd8a5beb05757,p005,p005,make_fist,22,2,accepted,,train,592,33,1.0891763000108767,33,1.0,0,0.27924638805333174,
make_fist/p005_make_fist_0023.npz,81aeb9150c3b89e6be58c162ee437815f094f2418eff0e909e2e5859aafb4329,1a6504bc323fc7164a526206e6e56de88dcaf593eefe95d37821280793a1a37d,b3bab4b4563880896551a590feb63b220b6ecd9d0a9e3e56019d7dc18e856e75,p005,p005,make_fist,23,2,accepted,,train,593,37,1.2161576999933459,37,1.0,0,0.254524344643545,
make_fist/p005_make_fist_0024.npz,031fb9dafa09dc922a20af04a6bc924ff23c2e4490e15a6f3f3682acfaef08b0,6b26842a66ed854cc9c8d8f3115770390cfacce6d240b3cb9381bc2dd2f7c014,262c3ed02b7aad4ce4c98134dae3e8dab9a68ea242884a0471a654cfb2d6640b,p005,p005,make_fist,24,2,accepted,,train,594,35,1.1520970999845304,35,1.0,0,0.2630322178846463,
make_fist/p005_make_fist_0025.npz,7cafc9557a091391e438f9170af4d67cd040da0c3761efed54cc438ff09b7f58,810a9f21adcc4148c2ddc589382286982195230651aabcd0a05da9a81f029eca,c4c1b0a2d440e8dc9ee874328a667e8b6f67baf4e3c78da5b02a74cdee040772,p005,p005,make_fist,25,2,accepted,,train,595,33,1.088105800008634,33,1.0,0,0.2666867394179314,
make_fist/p005_make_fist_0026.npz,264ac09ec03fe97938bf758eb68b283c110cb5589d29d3f13c6039bae55e2529,e768a2bb4bb1f28d7d2a94cc15448a4d8f7281e6fc2e4db8fc6cf0a007f45e48,52e100ebbb8cf935efd428e7bfe5347a6b70a4ce3e0463652b451571b12a281d,p005,p005,make_fist,26,2,accepted,,train,596,36,1.183624500001315,36,1.0,0,0.2744069429674473,
make_fist/p005_make_fist_0027.npz,36c0044567725b66a366a8fd0be4fc17d9f72dd8148cead4e11b849123e34645,909e9b94f610e95ade78571de5f9441fe5b1b35a17ee3932e3e2b45acfaa9b46,77ce497aa20926c2b917564804a6218dc2cde01c66974d493e3f77e64aabf5aa,p005,p005,make_fist,27,2,accepted,,train,597,27,0.8793245000124443,27,1.0,0,0.2984646409908354,
make_fist/p005_make_fist_0028.npz,2a8a1ac9a22b8b082f83ed0377d74ec35edf8b8eddfea770d0a49c385ce08e66,2ace11e9781931e5c6610f8f6bc391532a605d1a75a43f23e7e5fb75640f5b0e,510b3a5b305fdf6bf4f541d0350df31ecb808355a71a432343367bb685969d54,p005,p005,make_fist,28,2,accepted,,train,598,29,0.9437418999732472,29,1.0,0,0.32458775468986245,
make_fist/p005_make_fist_0029.npz,b894a3b9df8eba29a1a544644d0754aa18e62afa1ce6e9dc55d44da65db5ad3b,e99221d5405a051a9c74bf4bcd89ca4deec7f5b89a59b402406791bc3034c180,b46b2dbfc7954db848175904dd57bc558ba4fbc25949558cc84f103dc96197ed,p005,p005,make_fist,29,2,accepted,,train,599,25,0.7992343000078108,25,1.0,0,0.3036774259915502,
make_fist/p005_make_fist_0030.npz,64e8802cf276939de5b6aea2f6815f401679b340e6eb72da8995682b30b66d11,88e118f95868abad9a3d2fbe286bc4d76f33f6dcbfbdd97c9beb8f5b5a94e612,380e691bbed4f79a27d8f7b671a26246a1e6c3854e09b6d60e881c5b6c566cf4,p005,p005,make_fist,30,2,accepted,,train,600,24,0.7838676999963354,24,1.0,0,0.309772013412162,
make_fist/p005_make_fist_0031.npz,cd089d61f6a151a4c3fa1c3f629db1c86e666242921dba020ec39b0f7a18ee32,418b31c8fa93b2f8923dcfd08a5a1cade28ebb78d5a199adea35b4e3d840a7e9,2a78fb08c026afe060eb74b583abc93a201dc3bf917891c974ff1defe4ecfe3e,p005,p005,make_fist,31,2,accepted,,train,601,30,0.9759954999899492,30,1.0,0,0.2400037847539701,
make_fist/p005_make_fist_0032.npz,7656a57a8190e951b7a8bd7d3a86dbdcef6c4b420ebd335addbd826408d1a772,b6a56ef884db82dbce635025100a642b00e5e930366394c4bea27c3cf03821ec,3fc6ea9f3e8bda154074ed1df0f7ea203362544b3cdd40f0e1909ff83288ac08,p005,p005,make_fist,32,2,accepted,,train,602,28,0.9116409000125714,28,1.0,0,0.2478066757561295,
make_fist/p005_make_fist_0033.npz,f14ff42b29867fc88e103db4c5a8ad61f413e3370dce135a6a0c7886492e1892,1a71781bd9b5e0179a28976c7a28b188989dd7394194d31cc3e20b83444a3d84,da53c0927b442b9bbcb09bab165ea86b81546142e52a9f5cd04ad5faf91e3aea,p005,p005,make_fist,33,2,accepted,,train,603,23,0.7521828000026289,23,1.0,0,0.25613444440842625,
make_fist/p005_make_fist_0034.npz,71703183d6720be62d26db5664bbe0754be1e5c3b8fbc1559ec3ad16129dc749,5e4dae9de3d79e840afa78a97ef5302cb3915c374cc903a1780eae4cd63f2250,a546042b85bcf991409b13d274341da4035b466bd1b3f6f3070faf7f751e9910,p005,p005,make_fist,34,2,accepted,,train,604,35,1.135939400002826,35,1.0,0,0.2462545397415451,
make_fist/p005_make_fist_0035.npz,d6af310455a93c8b82741b09bf3ebdabb6c47976835b2feee9d8b54091b949f2,b96a47201c6ead1a394e6e1d4df10ae262737270f9faaaf4a074e04f04633f31,f85343688aaf08ee7b0a89208b363ab05115b0e559c0aaab516561cfc8ee233e,p005,p005,make_fist,35,2,accepted,,train,605,28,0.9118722000275739,28,1.0,0,0.261444319683243,
make_fist/p005_make_fist_0036.npz,9d56754cda48144f5578fc5a1328c524942cdbedc0cd9bc39608b02b667ffa99,7bd51b31b917f691122410d75832db029e43dcb96b1f6122c798c9030ce22eb1,b98c18e41ea52301f7bf069e16abfe8bfbf6ac15f13da5d643084cd113b082a4,p005,p005,make_fist,36,2,accepted,,train,606,30,0.9916661000170279,30,1.0,0,0.2435168076059855,
make_fist/p005_make_fist_0037.npz,08959a079ee67e4dc3ccb82f5fbe8f3b54d6d39fb60fba32ecaa0e761ca2cda0,63350bf1348e2356a0c0092a0d7f41c970a116d67762202be73e415576445350,35c7a413cd4bd7cd25e881c107267a41ef7c222c3e13bcff1b63e5afe6b923f9,p005,p005,make_fist,37,2,accepted,,train,607,27,0.879891900025541,27,1.0,0,0.2491908257602077,
make_fist/p005_make_fist_0038.npz,ce47732e9f5aa7e105d7b14c500b278e093d43fd6e73157fbec913899071b30c,276a990899d33ab167f4ca4affd963e49074540089ab4baee05343b3d41ba916,04f462a021b8474a74be7579d3614ceb8ba5daf7a8e247ee1082b9162c7f6839,p005,p005,make_fist,38,2,accepted,,train,608,26,0.8467941999842878,26,1.0,0,0.25228443135158324,
make_fist/p005_make_fist_0039.npz,e2fdf64f5178b398669905b9083904d4c748c9178a6d41e08e550ee93b9189b6,9e3c8282604edadad1b7c37147d5ff480996c0e435d26eca23f10bec2a5c023a,247c141bb72d368ca98329d52b40e35bbe82e0627af6bb35ca7b962bb7985c6d,p005,p005,make_fist,39,2,accepted,,train,609,28,0.9144429999869317,28,1.0,0,0.23816405226165,
make_fist/p005_make_fist_0040.npz,cb04a7068316c78786cab8f26acf5cf7cb3b8a0c516b8b24a9563c87df9065b9,7ea96d95e6fc77a71d0e1dfeb270c9f8b9076dcc1cd898365dc387348e1d7ba4,b7e19287732f4fea6a35a93de5cb41716312ae1bbfa708b1b959075a9a56e85f,p005,p005,make_fist,40,2,accepted,,train,610,31,1.0238019000098575,31,1.0,0,0.23025437764832243,
make_fist/p005_make_fist_0041.npz,c88d16ca71907d93c95579414f20e65f6fb6bd1420e63e10e16b99792eb81ff6,8c2aaa72bdfa6b52f503c774045066e90b37a16d810f163787934c3666a42016,810953169c6002e657518795d126b1c125b5aed77dd4934b528a6270ac3b7776,p005,p005,make_fist,41,2,accepted,,train,611,32,1.0562420999922324,32,1.0,0,0.2366673408222179,
make_fist/p005_make_fist_0042.npz,a3a912e43cb9d96a995a3f9991a0260cf2dff85e5af3b2f2297aac2a6224193f,263df4206a5624ee70c26386092a3b142f7609dd5c9d8d1ae39bf63e969c42e2,ff7c054980a06c309a9916595a3ff38d0bb83be2003d323c0e8a9b431eeb50b1,p005,p005,make_fist,42,2,accepted,,train,612,24,0.7844760000007227,24,1.0,0,0.23523658129110075,
make_fist/p005_make_fist_0043.npz,c5130c4b5b760b3cc3a3fc115b6dcbb9c001445bde506d225199da845ee276df,6ef1c5979b724e5e5d3fb6ff7548357e72ef59c737b7e71c5c98c4a40982b15b,13e8ca539cc6fdf7fcbe85a8146b23ac0a47b5feea859bd8668c37259c32a6af,p005,p005,make_fist,43,2,accepted,,train,613,29,0.9434847999946214,29,1.0,0,0.2580097095395482,
make_fist/p005_make_fist_0044.npz,77e8059141999f734360ed6db9d34d4a61f551a85ffcf0c854b44c68c6dc9105,5be9aca56eee23800b8a6e30182651800430c45501667cb6b137ed7a15851e9a,d38d8a136f3e7f862a014082e644abbad114542d77efd6a0eda27566a868b49c,p005,p005,make_fist,44,2,accepted,,train,614,30,0.9926486999902409,30,1.0,0,0.25734823435846776,
make_fist/p005_make_fist_0045.npz,1a23db65e75ab1f9d37c2c1eee12767018f8943408884b9d522d87134948191a,f6ca795760de2737a8cb92b4c7049f3e7c8edbc6cc52fe00060275062d153aae,7fe4e425d4e66de91c6b9385ab7faf8ebf094cf576374caac8ef6d151282588b,p005,p005,make_fist,45,2,accepted,,train,615,32,1.0399476999882609,32,1.0,0,0.27179029412202593,
make_fist/p005_make_fist_0046.npz,d460f3b3e62d78fead6b1cb4c7ece1cc1b2bff8778321cd8a754d9fee0905ad8,faa4870d8d3e955f2db401f0f23c47f6648b9dd09e61b08cc6324c7428eb2771,6d1b94ae755c33c8e0e7b8445d75341375a0ce91325fefebd3332870e82c79a8,p005,p005,make_fist,46,2,accepted,,train,616,27,0.8804104999871925,27,1.0,0,0.26166450832672905,
make_fist/p005_make_fist_0047.npz,3a143e2802c2160735c307ce8b97a411663fa1e5201fa14ecadf5bbec1c00e5f,b1926db4b1510179e0609b5ec50c7bf87bc2fb3b31116c185bcfb62b7ab8ce90,8f556ab3255e4281f96a389057af3df8b294f98ac9b504bf0970204d62dc5a63,p005,p005,make_fist,47,2,accepted,,train,617,27,0.8791090000013355,27,1.0,0,0.2583795620189802,
make_fist/p005_make_fist_0048.npz,db8261c441ad327a3deab33ec71b713f120ff8eb9ce4f791f7737bf00c27e0c2,46a5cb9bf2701416e8f97c760cc5786d0a78231f7ace742a22056769442021b9,8dac6e547ab4a5be5f6df8385cc894d4456a205cf54b6fdd8dfb3a99cc4ab10c,p005,p005,make_fist,48,2,accepted,,train,618,27,0.8636679999763146,27,1.0,0,0.27211741492881275,
make_fist/p005_make_fist_0049.npz,fc82d683fc0c8afbc691c899678c3921693b6d4dae9fd540ca93492a469a82fc,f7aab95a81e7362662583c78e0eab96690ae668ab9a61a824d8e2a7b514a153c,a7d15be41123feac7b54149dab21fce4d36882738a723a6dc40e1bfd5e7b4935,p005,p005,make_fist,49,2,accepted,,train,619,26,0.8470670999959111,26,1.0,0,0.2644853805596092,
make_fist/p005_make_fist_0050.npz,11660d28255ce5c7030b395a842281835b23628801191830ceec15cd071e3c47,95cf26126c37e37d6b6e0b96b30599ec069bd88126c6626eb684566aa9da3064,da64b05ca95eac6e501c8dfdbd6a9ec48c1b9f5ad6333e7a7d6c9466cd312487,p005,p005,make_fist,50,2,accepted,,train,620,32,1.0394968999898992,32,1.0,0,0.2567775766564669,
make_fist/p006_make_fist_0001.npz,a1736384505bfd66cca9b8fffc69bc9d4a60c6f1e00fe57d62df52cc32fb21d0,6a1dfff7c8cb1dd4ac14e404b39c46c14fa7f573de4b47d78620ce15597a9b6f,84a5928069f652f064963ac83731efd166cc4ee72f9a6b13dfdf771584b63a1c,p006,p006,make_fist,1,2,accepted,,test,50,45,1.455318599999373,45,1.0,0,0.266346204175589,
make_fist/p006_make_fist_0002.npz,ad3718f991ff35a09ed014dfde52d8ea353af8305c570e56845e6fde92932de8,930c7548381b2b822f596da8216a899742335a8c6436d00b0e63e2efbe7744d6,3896ff28f13b7ab668da657bf69a4bc2dcb664f7d0ae4adfb65886c4cdc46378,p006,p006,make_fist,2,2,accepted,,test,51,52,1.6958027000000584,52,1.0,0,0.2865698097830801,
make_fist/p006_make_fist_0003.npz,4bb0d1933951457e2d0cc4b88302c5dc70937bb46fccf63b0582ccd3410ec4c1,61514633237a2ced99c752e66dbd5a103d0bfae2e47b72eab89781754db81e9b,32122f5f6f5f84f3afac170e999e145719515276334b4e73d46524ff925b65d9,p006,p006,make_fist,3,2,accepted,,test,52,70,2.287747700000182,70,1.0,0,0.23065564380195572,
make_fist/p006_make_fist_0004.npz,13acfb408e037e6560329c26d0239723eb9d97ece94ad55dad6cf7d34f3e457e,b2cc677f7524d99f5fa23473c79f0b64b1908519b0ae4297189990ef9af4e017,a0c241ec0de6e3a76bc6c4990a988ae805469b776321d843ebde464dc4884dda,p006,p006,make_fist,4,2,accepted,,test,53,58,1.887953600000401,58,1.0,0,0.33685620203143457,
make_fist/p006_make_fist_0005.npz,b2d7e2fffb9ec20e691ec7ba7a247fb14678fa4d29a64c3039f399190b71e351,afa63e33333226d14f2a4a949d418f75d4b3e4a10872fb71c6f1a8ea75b915b2,bea184a6c4abe7535386911b261f877c593e56e2c550b27a257cbae5bca823bd,p006,p006,make_fist,5,2,accepted,,test,54,49,1.600058899999567,49,1.0,0,0.3461857622715132,
make_fist/p006_make_fist_0006.npz,a3547ed162ed73e8e6c5311c443b5893b5815e04cebd68443750780e13a14eba,c4d432988b3775c8057f8d3bed2385d0a6624be89f33f0fe0d47530897e940bc,db2974f3630ea4437091af72008233555cda7deac76581912c6794b508bfa0a2,p006,p006,make_fist,6,2,accepted,,test,55,60,1.9676945999999589,60,1.0,0,0.33319345561005076,
make_fist/p006_make_fist_0007.npz,b68422be2e4a6fce60c798f4a29aba0bc94b30c8e92733a67548bbbecabf854a,3876737615ed8cf4d931362ab3be90cca99bd79ebf284f972bda35f0a329b3dc,1b398caaf0d04c1509c2644acd94c2470f3d4c9d870410daa5588675c6656c48,p006,p006,make_fist,7,2,accepted,,test,56,71,2.3518984999991517,71,1.0,0,0.32661703820019405,
make_fist/p006_make_fist_0008.npz,4ad49e756a45b764e448f80bc7c5a89bf3ea7530f1315db8db61daac81036498,1c0237365e3bc4dd3a93ae852330524191ada0c07b1726f12e0d24e1e62b4412,cfa6aee509ee499f533650b051dd032055d1541eaf07c68296574dcafa43a3ad,p006,p006,make_fist,8,2,accepted,,test,57,52,1.695923799999946,52,1.0,0,0.13995298544492782,
make_fist/p006_make_fist_0009.npz,8f90554f9de468d764330a38e1da73b01ec40d3b415b96348f9b35563df81dfe,bfe2d5d22afc479f4d4dd479c90c6c168f449dc410f1ff8aa703972dba725969,eb5a09f9f358dcc7a714096f1f61d24aa8c3032b8f275b93bae79be95bb2dcb9,p006,p006,make_fist,9,2,accepted,,test,58,65,2.128579300000638,65,1.0,0,0.17259453872731834,
make_fist/p006_make_fist_0010.npz,7923e6779c417c9231f0a51263a5c419ca89123f22cb5a75207cfb05f6dfffa6,c73f02ea9c8cb68067a2427f7b8038deac84591488e15a2810156976c9ddb89c,f49e39578b055bc91c5c1b5d392235d87678d71cb5cca93102101a0eb245aa9c,p006,p006,make_fist,10,2,accepted,,test,59,67,2.1918105999993713,67,1.0,0,0.18657099164217666,
make_fist/p006_make_fist_0011.npz,42f4ea99f97be05430e54dedfc24aaea668a4005fe9e781454669e1fe6165a14,37f770443262a27cc3b16afd2d9058c198cb85467f2403d57b15bd55ab0e2cc5,bef9328ae921f184694f4569b34f98ca1fe7bf914d9a8b66e479de2dcbc50637,p006,p006,make_fist,11,2,accepted,,test,60,57,1.8567311999995582,57,1.0,0,0.1907912835098894,
make_fist/p006_make_fist_0012.npz,ca03d22edaf8ca93684e4d3b9de93c9da45741aad571d7bd08bf65280651ea44,76b31c746a5206188d4c8b0da068a962fd073f1c2ee5c055b56aa251ee4f88d6,84685c063b1c44403cac292fb1f1def5a0ee35e83c02322eaa1097304e36700c,p006,p006,make_fist,12,2,accepted,,test,61,64,2.0957201000001078,64,1.0,0,0.18896948566575872,
make_fist/p006_make_fist_0013.npz,4eacf46ee70a4544fece3d6846fd87d17aed0d90a20fb90573b71b5c457eb5ed,1517510b1578e9838e97c1d783e0aa41159712b875b4396c3d2259c7ffc5d666,78a0af9c8259f13f22507fc564455c4adee580b0577c289e3b06fcbd3c8c5783,p006,p006,make_fist,13,2,accepted,,test,62,60,1.9673001999999542,60,1.0,0,0.1679416996038062,
make_fist/p006_make_fist_0014.npz,8560baf468c2a05550933836a93629ec2fafab4ae55d1639086b73462c63f26d,099005d724f7f724ea239a7cfcc15b72e03e650d7b4a8b4b5041541d9b1dca3e,c5d21f8462ed771dccb7862716acfe4db5b15e8b88d1534dd5db091b629679a4,p006,p006,make_fist,14,2,accepted,,test,63,63,2.0639085000002524,63,1.0,0,0.18476694014065045,
make_fist/p006_make_fist_0015.npz,4e5f78add1dafe08380085268be494d6b86c21bf5a1371e8e2d823b0d6b9bff1,1837164251494a56affba3b224d65d1c2d39a51caaaf33ef24ec24f1f771e6a5,e4ba9ffe3c8e8bf5e0c846bef424ee656ba0b9fe57a93aec50cc628f06ada39e,p006,p006,make_fist,15,2,accepted,,test,64,58,1.9037332000007154,58,1.0,0,0.12977786281000253,
make_fist/p006_make_fist_0016.npz,866f6af797889c55c2c53dbfa469dfe0ac34a3a297c156400df2e3fb914ed933,bcddf5cc35412d077c90687ae13e2b731d8e03119aef237c3effddda736dafa6,e014a05be042cd4330f9aa7c868461b22d5cd5042b7e30058725570e63c99121,p006,p006,make_fist,16,2,accepted,,test,65,55,1.8082610000001296,55,1.0,0,0.13453542314609448,
make_fist/p006_make_fist_0017.npz,26c5bedd4cf9ca1c6aa315c164769d0363d14f6c2561a42bc07873ee8a69d03e,4666dfd9363d4119dcd3487b27f94c390a1b314d8e872dd731f8a26cc144c8b9,8dd75343da10608e7d923836b75f9a1efd2ef37f8b1763b5108f1bfa8ddfbcac,p006,p006,make_fist,17,2,accepted,,test,66,70,2.288180999999895,70,1.0,0,0.16893918344725412,
make_fist/p006_make_fist_0018.npz,e09d6df45debdcbd3feb3e487e4f36271908fcc0b307d9e2be8e673455e86a9d,ca17ddd21733d929edd9622cc0c3568f1fa9aacbe43101e64b99bd3529736b3c,f0f5d234de1efb417d4a6d45a0b6b16a1c885e0b25d34a952a4e6ad0dd791294,p006,p006,make_fist,18,2,accepted,,test,67,69,2.2564032999998744,69,1.0,0,0.151463689032436,
make_fist/p006_make_fist_0019.npz,5389b08c48b7feba73f7694124c3876e6c3e9bf447a84a4ae147f2ba850b8316,86e6dba182475a2c78e7488ab7916e8cf7e31f413ec756eff74d851c64ab4e8f,b75e41d0cfa8346131779bae80ff4d8785d12003efcb198ec545d5c6ef3fa3df,p006,p006,make_fist,19,2,accepted,,test,68,74,2.4317294000011316,74,1.0,0,0.14990917900295334,
make_fist/p006_make_fist_0020.npz,a29ab653ec5d488f85b2fea2406c6dda0d8d23eddea24d5e3d3e87738fb9d73c,da40d574a424a97c40e57965491e24be146d623d34aaf4135df5dbb68cdba13f,3d451c1da9a866391930fc03543dfb9d42256176f3f75247c41d8972b3ae09b4,p006,p006,make_fist,20,2,accepted,,test,69,72,2.3672816999987845,72,1.0,0,0.16315723584620823,
make_fist/p006_make_fist_0021.npz,91f960ef8b22a45fb1fee1a724c3b3701a481ef0ce4c4bf951aaa5b9d5f1d2cb,dd4b157301304db7f206f47e3a5922b2afd6778b8241ae236466add27fd0a8b8,73847efce2e33a812d6d5cb901386806d20aad14876f4382d0664cd0a70c767e,p006,p006,make_fist,21,2,accepted,,test,70,61,1.9995952999997826,61,1.0,0,0.1482182359183781,
make_fist/p006_make_fist_0022.npz,91e2d54d39cc2afd7fdbd97bc8aecf407eb4069dc3e2bf5436f105ee81107e54,88156a9982eb793c9444daff3a5f6296ca36644b385903e0703fb41edf942c08,86f69c43db272e8fec00eb26b546b2743f8fa5a678df3c302a064521f6afe961,p006,p006,make_fist,22,2,accepted,,test,71,60,1.9523693999999523,60,1.0,0,0.1487609434954525,
make_fist/p006_make_fist_0023.npz,369ac1631bd73c8383d5475d392675aca204d08e81ebef4fd210f24efdd9810e,87bb383b70cbaafe3d8238ee7c621e30cec724758350208eb66f3fb13815e6fd,74bfb5eb6e38c844fc0b703de716fdab3596cac18a8c33c27377b2a496550eac,p006,p006,make_fist,23,2,accepted,,test,72,63,2.0486663000010594,63,1.0,0,0.11116916474644817,
make_fist/p006_make_fist_0024.npz,5bd60e89959b6b9ceef062daba79579f46b441922fa6515e6c4553952269cb35,dbe23f927692a825e9c4b995d162e06e0cdada52b282003bfa8a55f3e6baa80e,89d7a61d5b5c0b0d1ef5a69237f54a939b5d5c2dee680dbeb1931050449cfa0a,p006,p006,make_fist,24,2,accepted,,test,73,70,2.287712699999247,70,1.0,0,0.13148284087104029,
make_fist/p006_make_fist_0025.npz,6b8f649bd74c5d7c9323fd5c1c906d22ab500122486b2c13fd7848a4ae7c87cb,b96299254b016245b09b6c6302fdf6ca425006a89bc2b295dd7b8e2d0d6eff00,a62cd5be0a4c48b80daa396d768838eedfebfc5fef8e49987b428ae12cdf5656,p006,p006,make_fist,25,2,accepted,,test,74,76,2.4961120999996638,76,1.0,0,0.09097705030910003,
make_fist/p006_make_fist_0026.npz,3be05ed34b6a16c18d5ab743e0a57719a3edec46931778228473acd1fcaf2916,bb4aaa9ee9d7dc63a32e971538f5be467d9b2bb9e896d7cc70525d2302d60487,413a29757e9fcd13eac7071abdaa51664f58a29af5f8484a1debef6051a6120e,p006,p006,make_fist,26,2,accepted,,test,75,67,2.2081545000000915,67,1.0,0,0.09822739627597456,
make_fist/p006_make_fist_0027.npz,3345de253630ad0a124e678ebcd8c8cfb5a79bd9e25f245fa14198998a1b5276,fe0a12873f25e4063de68488fde11bc2712c610a7dab4fa025ba3164a70ab09c,9bb78731b171ec4b2b85e58a88906949cf519e1a18683b01b93952215e8645e0,p006,p006,make_fist,27,2,accepted,,test,76,70,2.304779200001576,70,1.0,0,0.11855008542771826,
make_fist/p006_make_fist_0028.npz,e5a0f45187c7fdf29e0871cf2db74be351c58029a258f2b7c84ebfba7dddf807,68b7d598c9629e5c5609f71bd5cceac215d886a1e4cc4773b85d1705f4664739,5a0b0cabf3f668cbfd3b7f16e837b4cbd57bc5c41ba7f14f46fea0e171f16e91,p006,p006,make_fist,28,2,accepted,,test,77,71,2.320108899999468,71,1.0,0,0.09774399643692337,
make_fist/p006_make_fist_0029.npz,767d75559868f7668b45f4194a5bf59511d59062b51282b4460684ee84bcb1f0,2d4d8e03c8f62974311f34b9f83cd8840b07adc2144df217eb8a6563d4abc1f8,56a4625e087ba46a329bf18ad3fdbb62d190165afc7531c4229620b11c719ded,p006,p006,make_fist,29,2,accepted,,test,78,60,1.952426199999536,60,1.0,0,0.1519223336689201,
make_fist/p006_make_fist_0030.npz,38c346ee4bad14e4cd01d3394853a0b027cb34f7132b8c7cce42c51fd1d2251b,307dcbc0ff4e4288960d5a79f3f8aad0290e18fc4bae0cfe90b55ce834201598,ef538e2969a8f47f6df1f0ccc9c536692d52495857ad5aa3f87f1d6b16f4739e,p006,p006,make_fist,30,2,accepted,,test,79,66,2.1598751000001357,66,1.0,0,0.2573734306551533,
make_fist/p006_make_fist_0031.npz,67cadee15e06bb93b1b7284b47e7252b12803461289d51ad7c7ad45e43359785,f63ffdd83858f9aa76592892c0dbc5351e528cf0f94043a29aea882751018432,c00e49722b780b64026437b4d0514386c86bd0c18ae24fc54a0a2d14dc6f8b9c,p006,p006,make_fist,31,2,accepted,,test,80,66,2.1597695000000385,66,1.0,0,0.08840366682808581,
make_fist/p006_make_fist_0032.npz,893c1c30a0d302029332b895dbbb4423bd2cc82b420894274f2b806204346426,36b7862025b6f08f8dec153ecd59da655a3a234a0a57a0cb53c9a99923026d57,0a78d4ebe4af6c65b9324318e600b4c761706bc878f1553e041a65a24fd5e319,p006,p006,make_fist,32,2,accepted,,test,81,72,2.3683220999992045,72,1.0,0,0.09576876251193303,
make_fist/p006_make_fist_0033.npz,08e2af51c4830a3d0b9293cb4da4898ba55e8c1949beb36ef8382c106cd63729,51e0c6addc1c0877e0bbeeb75232d119a4710e65342eeb3b33f5fc07f11f3be2,f5346c7fe516e42fe4a4ad3cfe3955bd29dc36203dd94c7b98db4348c72d100e,p006,p006,make_fist,33,2,accepted,,test,82,67,2.1917357000002085,67,1.0,0,0.07352814957373191,
make_fist/p006_make_fist_0034.npz,12b330a0a5d566440518a4493348ffc1bd34f32f608cf14c37fe9c693c6bc62c,366c106db33ddcb53a143b7cf40ad27954c5323125ab8060dc2ff38431707643,1b39306a70af6e86a039e2ca32944a406882ea8424901f5824d64e93bfea3532,p006,p006,make_fist,34,2,accepted,,test,83,69,2.256567800000994,69,1.0,0,0.07894661429704733,
make_fist/p006_make_fist_0035.npz,9153dfc2bd3480f23b0aa284b7e399c02a857bf696faef92dea9a53114b5ec91,89ef26aea7574b837d85d39459af903c907574eb5fa055da5ad57a017a3aa7da,44408f4b2523949cc2f86a09016c43f877a6da3a93d1bdd46d1b2978e20e21b1,p006,p006,make_fist,35,2,accepted,,test,84,61,2.0007716000000073,61,1.0,0,0.1117089209645665,
make_fist/p006_make_fist_0036.npz,9af127f1e5088af477f8833eb6aee660740cad484b2056a07ea0c2dbc0adfc9a,2cb9eb820bce6efbbf62ed6719c171f8216d299e358130ccbe3eaea229ad4342,cc75b378cae39cf7e93cd86cecfaff64cb80799979fc89b51acb19aac1a4d371,p006,p006,make_fist,36,2,accepted,,test,85,73,2.400179599999319,73,1.0,0,0.10363548067726902,
make_fist/p006_make_fist_0037.npz,5deeca84ec7a49f131fcbda3948184b60f41718e26d700af86c6c61ae490030b,b4d2c5cdced1d6f598920f391c6e19bba3f86e9939bb35a21d4f987c1b377e67,f7c567e9f672edf14d5c40cbca3ffb7fee414cd64e239675e34566c4130ae9ab,p006,p006,make_fist,37,2,accepted,,test,86,57,1.8553849999989325,57,1.0,0,0.1370689285111295,
make_fist/p006_make_fist_0038.npz,2ca8c721db5abb86114008eedf9af8e2de0c47d134a21798b7de784a902bc8c4,bfb8f4393b53b47af90787131466d0e8b82d6ca322e3ff9a52d0a21413f9bd69,ed5a49e2eec6da0238ecc1acfded2fe08983674bd27a493cfa435de8cdc3811d,p006,p006,make_fist,38,2,accepted,,test,87,75,2.4477659999993193,75,1.0,0,0.09448567893232665,
make_fist/p006_make_fist_0039.npz,69cbe68bd583dd26e04a67c60009fe810bffcb623fe9157714789f7fa5cd4576,4f80d7c6009d3f88f06af7a7a477a31921bff5a2bc6a2706f655f57df957d7b9,45e862c5eb8df06b0fc8794b781d3dfb7a484bb6067245b36ee811c7c74646f8,p006,p006,make_fist,39,2,accepted,,test,88,69,2.2722996000011335,69,1.0,0,0.11913348683361306,
make_fist/p006_make_fist_0040.npz,114aae5226f15738def560d05f6edcf4708326083f1b89f49e41c81ae1d33068,0040f15c455c93e0af8b35f5668df2f4c06f3e4b43a1c12ad0039a01dc397926,8b3a685d27e2638ff9a49c22918c3d5ad5a1d2d63edca4180f041ab88a62ebae,p006,p006,make_fist,40,2,accepted,,test,89,48,1.568633700000646,48,1.0,0,0.11575271666379229,
make_fist/p006_make_fist_0041.npz,c0d667ef59633a1aa93e52621016ab27b8aa8463ca758abfc0c28f516d734139,35c52ea0e91af27190ad8cbb45b1355ca6e81f0ff673b633b654d025d32d9bf4,ddc457e8d20144f774105da6b3d2f7a22b550b18ed5d568e7bc7e25674f58ecd,p006,p006,make_fist,41,2,accepted,,test,90,55,1.791662900001029,55,1.0,0,0.0961903930303609,
make_fist/p006_make_fist_0042.npz,73291e55b9db390df52a37138197003da856fe8007ab409ea3fbd80913cd7ebf,342e26ca3c9b921e6c6315903325b41e30a0398942fcd5a939d26a112afbad91,3a10d53385899884bb2d0c73f97cde6fcaf9af59fab21d9003ea28c2db4448ad,p006,p006,make_fist,42,2,accepted,,test,91,71,2.319070899999133,71,1.0,0,0.113048432755259,
make_fist/p006_make_fist_0043.npz,29cd20ef49e9aacfbe5df9514636d0cdff327181fb6558b1070cfe413ca37541,b2d666661f16d976eb5252c9fe5e17a10e17003da30a356eff9b412a8e49de2c,f7831f7d2e32a046caeeecc26edd52f4339443e0be3e5792655346f9453a4743,p006,p006,make_fist,43,2,accepted,,test,92,74,2.41585219999979,74,1.0,0,0.1020634030190755,
make_fist/p006_make_fist_0044.npz,5fd23edcdb511def5164c1d6c48411f3d69a3fe35398300107ac7b81576af92a,57dcc6d44f31935b6dd51359e627405337573af138ad1824ad24e8fcfa7cf2ca,c8fe9d3f812cf78c2044a3d10fbc721b7bac17a7ecf74a92e1e7d7a1ac3d8afc,p006,p006,make_fist,44,2,accepted,,test,93,60,1.9688370999992912,60,1.0,0,0.1495608503801234,
make_fist/p006_make_fist_0045.npz,c4053fe33c6cbe2369113b1b8f876f864cc518eff27bd90989527ae04edf1bdc,9eaf96de7d461c49896e4806f16e5b1c316f9c74657c4260ad384b4f7cb534e1,39e073d3ecfd0f15d90b5ae8983772c3c89b2f75a3fe6b09f543469b036b7a1e,p006,p006,make_fist,45,2,accepted,,test,94,71,2.3194928000011714,71,1.0,0,0.11242124295692679,
make_fist/p006_make_fist_0046.npz,f7bfeedab9ca8806e7c72dc83826bf5a8368d742da14e5518649ce4f158d70c8,8ca7a5a38ed2b6d700fdb8b84568faea404dcbeeee2468267c68a9675dc63047,abcda512ca245a19c6b8b2c3b1276456570c99d81e474540fd1659e362e8aaa9,p006,p006,make_fist,46,2,accepted,,test,95,74,2.415939000000435,74,1.0,0,0.1021934767606666,
make_fist/p006_make_fist_0047.npz,5f457a47da531c6f26fc8df6beb2267f20d8bba9ba5ffdc631896612c8803798,df9e2c3a65998dd3f6883e16b82720d964b2d8eec7c793e3377ef4822bccd0bc,71f599ec0fc140f6602974e3f8ebac7c3ceb07e07c694fb7f974cc9b7729c2c9,p006,p006,make_fist,47,2,accepted,,test,96,62,2.032317299999704,62,1.0,0,0.11840842686778301,
make_fist/p006_make_fist_0048.npz,83233c547837245b7a8170fcd0431ce907a6ebcc300cd69d43fa1bfe60bb6d3f,ec919fb5d3dd3f2747977c860cd5f55bd4d479f2669ad4afad0b3e62228c1658,41016ca261ff937ce9459e5f67587d37af59c9a57d0738ca635f284243d2c6ab,p006,p006,make_fist,48,2,accepted,,test,97,67,2.1907375999999203,67,1.0,0,0.15153554597894545,
make_fist/p006_make_fist_0049.npz,e752c99ac981263d0d8617ab0858ddc109042d03a8254a23649885fc4e3edd6b,773a87ba320a41cdf46ee98353fa4d0bc3d3315a7262e7ede246639f50b888c4,5b1cba743afe74c21087a67498fdc1b41dbe53bbcf9d8c1af0334cb8ff7f72a8,p006,p006,make_fist,49,2,accepted,,test,98,62,2.0314612000001944,62,1.0,0,0.171973713191833,
make_fist/p006_make_fist_0050.npz,56c404b6055e4f53c2ebe60186b7da710033ca4c690852201c1a2ed4c32577fd,b255b793ee4949fc64feb8d1c4c65458b35548f3cc4cdbe64e980d459305e739,7eeb0cabe06a85ab10066cdddb5f48626c7435fa5af327d3002bd62a7a2538f7,p006,p006,make_fist,50,2,accepted,,test,99,60,1.968289399999776,60,1.0,0,0.06706078536759814,
no_gesture/p001_no_gesture_0001.npz,634e76feaa96ca67146068218c153ae97790c791dcbc4a1b698d4c5dd3eda8ce,d0af4b2c8a2ebf7d6f6288d4b5a474f8d83ebee7c213401eabe5bbce16de12d5,635608732b3f38afc86e6c51f124191bf2d5a4d371085e02e977de04bd94cafa,p001,p001,no_gesture,1,2,accepted,,train,621,62,2.0640302000010706,62,1.0,0,0.17522055833996877,
no_gesture/p001_no_gesture_0002.npz,3283d830c2a7113fb174c1f62d79050fe93fe66016f9ce2472cd20fc01622fa8,012d49596207383889be47e0713836952b5eebdda2829f87e6a1b8453faf5dc8,b746a3e4df1b9ad078fad057cc7f0207ef38590f6b35d0f7e8724d91ee639913,p001,p001,no_gesture,2,2,accepted,,train,622,58,1.9354999999995925,58,1.0,0,0.17133146632712642,
no_gesture/p001_no_gesture_0003.npz,982a58783a294e34f9974cf3beb0cafab0de39592718d98bfd0e1505dd2a4a18,799ab88a771e1aef749696ede81d80d3e04a6cc1b7690496641b8655fa1dce2d,4542fcc76323ed730992c214f2598bbe08a1ea3c5ffcf09d972cf837a2098072,p001,p001,no_gesture,3,2,accepted,,train,623,46,1.5198356000000786,46,1.0,0,0.1722205071528016,
no_gesture/p001_no_gesture_0004.npz,d352c8c6993059819c0642eb086e672fefcda095597df09b1f8a3d659aca105a,4f9d9d2f73a274bcfc58ec16aa92913dc41d6d2f03f26e3ea5cf68fe0aeb8919,47f169beaf946a8028791d1cf84f4a1daa80763ffd064b8ff8c12c7abf5ae0a0,p001,p001,no_gesture,4,2,accepted,,train,624,36,1.1682057999987592,36,1.0,0,0.1647810217415961,
no_gesture/p001_no_gesture_0005.npz,d436876981e244fe0595c9afa33890f47b8ccd3c85816dab2eda0825b2de4fb3,b4808e22dea785014285b4589330261a5e33e0919e0a4956825b9e04c62960fc,f240fc385639a8ac9f8dd31f229d0c33854c54e5411ca9b7df383394d62a56ae,p001,p001,no_gesture,5,2,accepted,,train,625,37,1.2156890999995085,37,1.0,0,0.23025222482557137,
no_gesture/p001_no_gesture_0006.npz,966e8ff694d8a462c0b8675a0ee17afbdb8ba6c8e22030c6350fe1f2063ed1f6,de46783a036fe2460eeb04abda6ea7a7ad045541a51074dfb9757ced2bded930,ea8299ccaf162d9cf5cf7ef9eda7598764006acc7d94df892db49255cffe8ba3,p001,p001,no_gesture,6,2,accepted,,train,626,44,1.4558325999987574,44,1.0,0,0.2364342906695378,
no_gesture/p001_no_gesture_0007.npz,2a52e8692cbfe9f9001ccba40b0005cb35250dd512fdcf341055bc469809f230,a63064c0f4c6eb1a1a100324fdc93ed2525aada60e252c474f0b41a604f16b51,fc08e35e933aee95b3715212df1d7768fb08b97e6453a1d40d1eca6a6690c710,p001,p001,no_gesture,7,2,accepted,,train,627,37,1.2160843000001478,37,1.0,0,0.21205503368997444,
no_gesture/p001_no_gesture_0008.npz,32e9dba448a72648b18df9730035024cd1ea056bd24145c5ed0b4a0fbca330e3,f8c64cb4e1b667fa522342c139675b678a149a7f1cb4e13ab99be7a9419c3582,73d87829f3501ed7b8457fcccaa8f504b4aa2bd228c5c8f9a2959ca6313d489b,p001,p001,no_gesture,8,2,accepted,,train,628,38,1.2482167999987723,38,1.0,0,0.09197299518998983,
no_gesture/p001_no_gesture_0009.npz,6b8cfb880ae9620d47f1c24b09687f8d2e439761bc7d3ba6b14cc14ff65d2d36,72c6953ae2479b9a50e20104cba25021e91f0c9206d3e12168f96587cf654a9e,8d3b8178cdaa3d286c079895c4b725ba76e70fa5cd76a6b5076e09c7e2389fc5,p001,p001,no_gesture,9,2,accepted,,train,629,35,1.151853299999857,35,1.0,0,0.08914681201953002,
no_gesture/p001_no_gesture_0010.npz,c2ac27658ca56698ee81511d70254c61be7b282cf7c570e7565bb537ff7e1e9a,91f65596f61d925277187223563bc1239185113e5c69995dd3c1a6b28ccfa316,256b91ffb646b042c842492601ba7a99dc1e32c534ca2747283ee3366714118c,p001,p001,no_gesture,10,2,accepted,,train,630,40,1.3278542999996716,40,1.0,0,0.08858792838910545,
no_gesture/p001_no_gesture_0011.npz,e39846597cbd4b7339133cea4f6bc8e673d59a593b94454b050937dd9bbd9146,7f748df24ff6d1a57c769006bfdaed5e2864e62000a870ef7554c89372efa691,e49de15b5351436bfe9535a1ca00be8b03b54a801eb68f5a88a45d539954ed52,p001,p001,no_gesture,11,2,accepted,,train,631,39,1.2796749000008276,39,1.0,0,0.08956036893633633,
no_gesture/p001_no_gesture_0012.npz,afb4f5b48a8b54126472b0e0b890b5aa8659f046b4c3f0cddcf3082f6f5127c9,938f69aedc7c05d7eddeb3521ca9578cd6e0243127dbdbcc8304bce992a99311,8c15bebc57c9231039676f172c9de15f530f2a441d47957bb4378ae464857382,p001,p001,no_gesture,12,2,accepted,,train,632,37,1.215786200000366,37,1.0,0,0.09102914079391437,
no_gesture/p001_no_gesture_0013.npz,14f50ac6e8d69aa6946a0bee4f9b21b59ff5ce5b66a23f8f2ee7e5ef7df28ebb,2390f84bdebf9433deb7fd893cc507545e056c5b50543ed002cb2853e77fa2a4,7822b78878e6e1a1096acb58cf26955c175e247ecdd98870324b4f4f70c45e87,p001,p001,no_gesture,13,2,accepted,,train,633,54,1.7761031000009098,54,1.0,0,0.31484765356351097,
no_gesture/p001_no_gesture_0014.npz,d1a301c1cae0aebde713fdb25b530ee0fa3de00dd452cbfa003eaf733353c8f0,1f07c9500ba0fe6cf5342593a648c53d1b445dc4fab46f803d2539e9771cf2ee,9881416295db3e116229d81528ca9981e5464d125847edb77ab1e6f9601763b8,p001,p001,no_gesture,14,2,accepted,,train,634,41,1.3601975999990827,41,1.0,0,0.32254487635344337,
no_gesture/p001_no_gesture_0015.npz,2e8824139a2665f9158f5ea8a090491bb7b81eef3173a98896c8cc8ec1a2faf9,5b7da8a27eca99d51a5fa7fad398791b36534d14915b07f956a8a7b06a1d6106,11564efd0e8fb175a6145e75d34c2e82c533eac9e886640026cb72b9e8b36ad5,p001,p001,no_gesture,15,2,accepted,,train,635,46,1.5201813999992737,46,1.0,0,0.3292302062108944,
no_gesture/p001_no_gesture_0016.npz,f5f362777510eacfc80bb1cef1c8b49aa9a8106b4723c45c4baea3a7b7aaa6eb,78d798454299c51581abc045ab4b5d7b426df48c56dddec20a28bb54ad03e358,bfeda553c3fdf83935ab3a1e9d7b4e1fe19cf4a064023bd363a4b46a7d63d3a4,p001,p001,no_gesture,16,2,accepted,,train,636,42,1.3920070999993186,42,1.0,0,0.33239359052740636,
no_gesture/p001_no_gesture_0017.npz,6e9ed55fbed26904585e433661ce839e13440be9c53e0a9719741abad4010947,a4d6f254ecb528e6225f233c5a1e3c68729dc46febcb846052d1fcc19839026d,c4624ed52d86573ae3b4ec75a7ecceaf08757a9095c80d1dd9cf71243a9cda7d,p001,p001,no_gesture,17,2,accepted,,train,637,41,1.359935399999813,41,1.0,0,0.3342164876204973,
no_gesture/p001_no_gesture_0018.npz,910357058c1f9e153f95c0c32932da451a2b2adfd9398a5a1c0e5b7837c28c7d,5a036e1d6b779ceccab6280f77c95497630957622639b3eb1f8aa6da277aa053,d5756600c8693b818b7baa2292d66ed91edbf3b7407d283c0f00a8b157ed9661,p001,p001,no_gesture,18,2,accepted,,train,638,37,1.2160721000000194,37,1.0,0,0.23404132919338033,
no_gesture/p001_no_gesture_0019.npz,ed80b60b01711e725e46fbfd7c506cfc99563cb63e0afe3f946d12acc483039e,468a701434dd940b70596da16f2cd11b3b34a84cbaa10fce41caaf5750b7c322,5253af0efab08240726c32c0283eeabaec0dbdfe519e448eab8f212ce9e61171,p001,p001,no_gesture,19,2,accepted,,train,639,38,1.2479974999987462,38,1.0,0,0.23124113233706384,
no_gesture/p001_no_gesture_0020.npz,47c8b17e77e3660adf8a4fc73fd2bd81697be0c6efb3f99dd43f2c23e450f640,4e0f857166d0233824feff137d6edf40ee67dafb997f22cdd2b7eedc5c9273f6,887ce5a70aaa560938256130e4ee5d32738beda8d82cdefa52ccc523ae469698,p001,p001,no_gesture,20,2,accepted,,train,640,40,1.311663000000408,40,1.0,0,0.20908543945466743,
no_gesture/p001_no_gesture_0021.npz,114138972203bba5dad694b795702fdd01fb2665fca92ba02a5671dbdfbed01f,fa703cf4dbf8bc403b0c835d9d1c1623841563040551f30ebd1605f380b2444f,dbc6c3802cf4956bbe817e8f3386e8e8b2d8decba0ec5ed05d726cdfef8e6ce7,p001,p001,no_gesture,21,2,accepted,,train,641,42,1.3921614000009868,42,1.0,0,0.21244076049580154,
no_gesture/p001_no_gesture_0022.npz,c5ec75f11bb213508c2db64ae493b4b1c396c603f169fba8ae070423b05294c6,718b474817598b4ed4583955e94685fef7616505e87659c03def5f499611cbd2,22fcd74fca9fd3ce5f3951a9cf3daed04882c7017374b008e7851f4ffaa64acb,p001,p001,no_gesture,22,2,accepted,,train,642,41,1.3598996000000625,41,1.0,0,0.2183370801291244,
no_gesture/p001_no_gesture_0023.npz,c763d534fdfe94f4a1b9d5c65fa3394e28a4ad079482800cf7a818fe13c4849b,d5dbea8b84b06fcb901c7466f07b8c5bc73e399991aa35b1cbc2c78f6f85b11f,b0736cdb7cd492e5828c49713663457cf831713d1348ee84ae103c9fed61db2a,p001,p001,no_gesture,23,2,accepted,,train,643,48,1.5838362000013149,48,1.0,0,0.21301651140699984,
no_gesture/p001_no_gesture_0024.npz,40b1ff513300833ed3bd0b3c7974bcf615b8efb9d639606d5bc81198f2b041ed,039d64cc073a2ee0fc61c2d5bbefc36f46bb5e1fd69e8324f7852f270a468d4b,e83679ebdc40fb0fb3677223275834d5e2e3376648b4de3e20a269c404e2d88c,p001,p001,no_gesture,24,2,accepted,,train,644,45,1.4880747999995947,45,1.0,0,0.21608139496072915,
no_gesture/p001_no_gesture_0025.npz,26a5b67990875be734b4a4400eed5f63f1f132af1a018f2c9d8e4fd4f82a1fa4,ab205a85832b29f79d998618093aaf4c9c1ad2d9a40cf90f71c3c9bc7418cd91,7fa93f427c7543309ebe729f2ff87ad47b28f821dfb5b61119e21ed4365c2173,p001,p001,no_gesture,25,2,accepted,,train,645,33,1.0882060000003548,33,1.0,0,0.24161987825981496,
no_gesture/p001_no_gesture_0026.npz,435e2065a553af725072eb374e5f2a5ca4fe9777c10ab5be3a692afd19459931,1d13550a732107695c9f749db83b989813973e17e0e644dc92a698ba48bc43fa,73f9fd34579d3868446250907ae0a2727603bb6c6018ebf6c659559b8cb2baa6,p001,p001,no_gesture,26,2,accepted,,train,646,41,1.3441180000008899,41,1.0,0,0.16891461371084462,
no_gesture/p001_no_gesture_0027.npz,6ffa1070a7aa2935b430e77a39c9e7cf2a91a198a38ab0cbd5887eb1b4dff5dd,9cdcb1363514103b7a28098f0d5d203abf4e13d5735ae215e51e0bddb4f025ae,328950211e6575ecfd248d5d55571d0077bcd90ab435a0c1aba200c52014246d,p001,p001,no_gesture,27,2,accepted,,train,647,37,1.2158689999996568,37,1.0,0,0.18025513094320275,
no_gesture/p001_no_gesture_0028.npz,6c7add11e5cd97192ca345787f2c457f9b4527f7c5448243b7078cb53d749df4,289878bfff84381c368268f9e08441cc6feb02edfc559afd1ae302a3ac9f763a,f6fb921c5e693ff76db4002a536326938fbb2c3cc1403118dc1f81a640345783,p001,p001,no_gesture,28,2,accepted,,train,648,38,1.2477444999985892,38,1.0,0,0.1722771758269894,
no_gesture/p001_no_gesture_0029.npz,383f3f9fb8386e9f231af5c98e6948bcdb767412f780d0687761ecd96135506b,0d0fecec9027f4fb9c6e1bb42e8f9dde9aa7b5c8a4a53977930ba8660e0fd8c7,4c79cc8eb7d4c98d1ab65940842942360b4fe328054497e2fd31ffdcf96779ed,p001,p001,no_gesture,29,2,accepted,,train,649,37,1.2158624000003329,37,1.0,0,0.2604018819235566,
no_gesture/p001_no_gesture_0030.npz,5729b0eddcb51574729839328a619a4b9b6892b09951d8e9b94a0b118f3ade35,00e571473e3ddf404e7926ac284c2f91f7540043135611aef779d299e97d401c,0dc84afe99abd31ff32fa1585b3cb0f1d55c6507cbcfb48b34da0e576c9784ac,p001,p001,no_gesture,30,2,accepted,,train,650,46,1.5204818999991403,46,1.0,0,0.251237063351304,
no_gesture/p001_no_gesture_0031.npz,9042fa4cdffa7061b54b41534a5184b84e1b3098e1fc5bcd92636e3fe9778aec,edc96f1a49a878eacfd02ac245b2610ee984cc4edb38aa2979143e2cc804033e,886a40801cde3a71fec4e9bb68e104ca3e260459f7f06cb740fc37913901bdb3,p001,p001,no_gesture,31,2,accepted,,train,651,45,1.4877595999987534,45,1.0,0,0.25974684178591734,
no_gesture/p001_no_gesture_0032.npz,a2d18d3b26360a1b45028d10e89eb9f2ae9eef0c858639342179a985787be4e2,d33408c4d6f80e2b1808d86bcf1053102fc55bcbc69b6c85f545a6f89c3254a5,138043d88c378bfb5df6e7849f4835b9e65337bb75b5bd290f11d8f99a158517,p001,p001,no_gesture,32,2,accepted,,train,652,52,1.7122120000003633,52,1.0,0,0.2474722584169552,
no_gesture/p001_no_gesture_0033.npz,5cde517ec176a011128b5943df4f7472435b01d309076dd549b699a65a928b7b,fb4e61ee2c8ad1deaa0602f38d8896cd92a6652f9ce06d3423d902e4792f9949,4fdbafdbb50ff3cf2dbaead02207152663a9f2f3046ffcd23ce69264a9c61521,p001,p001,no_gesture,33,2,accepted,,train,653,48,1.6002071000002616,48,1.0,0,0.2538703547891188,
no_gesture/p001_no_gesture_0034.npz,de884c246b0c8f14294e2a6d149af214abc4c65ecde15266ffae2a78237f06ab,44a864cb026a185e4bffed62650d77eaa4935024dda2a6e8e2dd7de8a1fb82ac,ec8bb1761b22ec73d985c4aa9c2670772879f5d619b7df168c291dd99cc853d9,p001,p001,no_gesture,34,2,accepted,,train,654,46,1.5200758000009955,46,1.0,0,0.25535764214064294,
no_gesture/p001_no_gesture_0035.npz,f5bf59a00f51a0c98a5298f4e6128dc7ddee1d69a1e43ea250662bf8dad4e5a4,2c5c3692a5dd44952354cf00880c289f15d344b0eb96b895980475d377f0b1c7,0bf957128f8302cf83c304055a382c75b1d869a624a8d72889f5768197138600,p001,p001,no_gesture,35,2,accepted,,train,655,36,1.1836222000001726,36,1.0,0,0.2670113695812388,
no_gesture/p001_no_gesture_0036.npz,224772303aae832ad93d5cb994148d9d0ac661415bf08b3bca6836ab70680ec6,788ef42a2533a75b758a81d9184b6779c36fac21bc2f4ada3378612e17730d13,57f984ad07d95dfc8ad6bfebc8f33216ddfb5a26bd466a2c716bd5c2dbb140c3,p001,p001,no_gesture,36,2,accepted,,train,656,39,1.2800798999996914,39,1.0,0,0.08212213514780387,
no_gesture/p001_no_gesture_0037.npz,a65af4e4165a078226950b129d33093f1e2d090845edcd9873bc282cafe98ede,17c149ab376388b2397863761bf1149a1d03e3b9488d8ef9416377fc682b3e9f,2160512549bb7f25d33d8e70e46c1fa715157eaeb9fc3538e348776d940361f1,p001,p001,no_gesture,37,2,accepted,,train,657,40,1.3282319999998435,40,1.0,0,0.08033496974494797,
no_gesture/p001_no_gesture_0038.npz,509ff236c2fed89089aba50116fba02721b309bb48780d5e12e2b64356ab75df,9e4a0c2c642a5bcc1e06661cd9d537d4e6702aa386b7d001dc107e1d5d50d887,8e53e671eaa0255c5a39f948c3ad95e6df262abbfe8f35f0c23279550a9a925b,p001,p001,no_gesture,38,2,accepted,,train,658,34,1.1040696000000025,34,1.0,0,0.1515666024309224,
no_gesture/p001_no_gesture_0039.npz,a263605916df65c23cc36d70cc729ad52d933ae76848f505281afa6998ad7855,f8515bbecdb840d6186e219ad08cc4452b7ac4e3a8eabe5271fc530c0ef44768,edec1fe64f002d7b6f46f3dab6ddd81abbb291005b7465f52d1384857861147f,p001,p001,no_gesture,39,2,accepted,,train,659,41,1.3602449999998498,41,1.0,0,0.1530902243984507,
no_gesture/p001_no_gesture_0040.npz,e1860fc19907632734eaa95ee4e945488ded4a1511fb92fcedb2aae0e45e7dd0,9b69034a0f64057ef7dbce40dbf8591059ca84b6e9a7fb3237f833341485a8c6,b5206de8fa5d4a501bb1187cd4a145f630608321a4dbeac12661e2f00b4f4c69,p001,p001,no_gesture,40,2,accepted,,train,660,49,1.616119999998773,49,1.0,0,0.15355451984055052,
no_gesture/p001_no_gesture_0041.npz,69722116d01fdd0e2671203079dc96a27356c9fde7367165608c2497edd5071f,6f669a1449fc5f5ec948a53f7800a54ee44acf08a3cad900c929a356092f702c,490711c1c11f94a2f0f39017bec3b1b0e988aaa5db107e92d91c1cb16d35b10a,p001,p001,no_gesture,41,2,accepted,,train,661,36,1.167780899999343,36,1.0,0,0.15367820652952324,
no_gesture/p001_no_gesture_0042.npz,e7aaee2f74a68b978319d5c7cfe9ab767d8ca9486b55f1b1e765239e9b76dd63,98ef900dd5afe62fa08dc971db4e3e9b0d1392eea9fb69554021f16aa57173b2,62ffe66b1f0dc3f29077e090638ecc098719c6c9a63268e09d05804df29cfea6,p001,p001,no_gesture,42,2,accepted,,train,662,37,1.2158901000002516,37,1.0,0,0.14278533885389028,
no_gesture/p001_no_gesture_0043.npz,e6c7b9c68fd110084b83c4958b2e563518e7f8408fca5bf697d8fce5edec8080,477017e93eee2c7f1554f418a9675910809e2078a58d2327d1fb354bb5b20cb0,783afbe4c59220562062603873524d53461ea4d040be2e93379c2319d1d85ffb,p001,p001,no_gesture,43,2,accepted,,train,663,39,1.2959864999993442,39,1.0,0,0.12007228758347167,
no_gesture/p001_no_gesture_0044.npz,d5c4683955492ee213763110b5a1ee90552ecbeaeb3c2bba37439de2d4f7b06f,d1db74092a91541117289eb13a100cabeaf586cf3b6cdaca9801e37ddd596f19,71507d68e6368daf3a17ddd5f52122dad27af221669736d8513a30c6bee5d97a,p001,p001,no_gesture,44,2,accepted,,train,664,39,1.2799968999988778,39,1.0,0,0.12792151979113964,
no_gesture/p001_no_gesture_0045.npz,8455508e997945668046a9d41706130bcff6de9a33590f9ed4f5d654a777c358,d4c310e7e6187cbd66392ec0aa96aea4e00f12a33ae53c8c998e8b96cbc899d4,ff3d7c22c7d6d374cff754b0ae30e46517fa9e14df7775925464b786dada65b9,p001,p001,no_gesture,45,2,accepted,,train,665,37,1.216213499999867,37,1.0,0,0.12755660037877137,
no_gesture/p001_no_gesture_0046.npz,673d341170e7d9cc17e9d7531c32318c3fc86225bf607e1dfbe79550a1545aa9,2807c9351304b784d5f714d4fa4fae9a286d2e2034936e55a06213214a232c55,323bc5bd9eea04dc55208df14c9ac2e88caf30e7014f6bfe614f810439ebf517,p001,p001,no_gesture,46,2,accepted,,train,666,35,1.1520115999992413,35,1.0,0,0.1839664467397671,
no_gesture/p001_no_gesture_0047.npz,dd87b4cd83bcb61ed7940bd0e4ab94080b58d78c66eef2166d9cc0b7f3e2da0b,fc147e09d6b6f64ecc9b1f4a55801f9359435de60926314a51fb68b350a5543d,d2338e54ef490bc3f603eb8c766eb16f85cfa23d633ddf56b3f22869b455aab5,p001,p001,no_gesture,47,2,accepted,,train,667,32,1.040315100000953,32,1.0,0,0.1891106734477154,
no_gesture/p001_no_gesture_0048.npz,3405f7019310b18dcaa651dc88c7e278bdbca80a7276e7721024dbf0594175ad,4cbb20ff0e365144fbefdde6bcdc6d8e2384585f466ec72023e4912d121072e8,7534f121001946e64974bced4874e2b845d6654417011b8af442069af004ddfe,p001,p001,no_gesture,48,2,accepted,,train,668,39,1.2802357000000484,39,1.0,0,0.18909791218072153,
no_gesture/p001_no_gesture_0049.npz,1491e3b4fdf9bfd3760a82d8eb961366d983a240f2bfc466aaa4f7b31c64441f,ce4e83442b1693a851dba169c72e3a39f636e4331c1c6583aec558131282e599,43e6d939563c7e35e93ddebb8b51163659d9949836a0d62e88fbbf4e44a3c19e,p001,p001,no_gesture,49,2,accepted,,train,669,37,1.2159207000004244,37,1.0,0,0.1340186678077186,
no_gesture/p001_no_gesture_0050.npz,d837643bde1d0f7967e2bfa4ee74fef07fdce99c3169dfa5481f17ba5b1d5102,88616357609043c8ff5690e707978a21af9fd667c9c907484c344f04bba1c073,86611856dd6f81de6ac3ba523865117520bd6ad796d08f22c718bb0a2fdd8b7a,p001,p001,no_gesture,50,2,accepted,,train,670,37,1.2159812999998394,37,1.0,0,0.1083756806715738,
no_gesture/p001_no_gesture_0051.npz,aa8d664c395743c6071b592eb6f191076125e96e2316bc15bbb85e515fd6796c,2920ed1c321f21b3eaefc30ff4e85aee0936898345e2089682d4a70afbf095d8,06841f2adf88c9eedad5e9f11f1d77c87835e09cfdeaf069b4fcd1cd65806210,p001,p001,no_gesture,51,2,accepted,,train,671,29,0.9437986000011733,29,1.0,0,0.1291640524696214,
no_gesture/p001_no_gesture_0052.npz,acd6c0cd2f6190fb5690c4092ffa183a3daa6cc6ca7e8298523e09a5816516fe,6cac591c35dfcc9e7e1bac7c83d2dee28a41d160d63ad82eec29c36d3df8b824,6db7f32ee545722ba3d4bde54c762a27cbcf6ca7b406de8967f17ad4c56f9655,p001,p001,no_gesture,52,2,accepted,,train,672,28,0.9121831000011298,28,1.0,0,0.2536055853450754,
no_gesture/p001_no_gesture_0053.npz,59fa5ab35205a549847dca97ba238186f9d87980e3225aee8868a944f6473ff4,57dc396aecadc4e8936a887726e697cccd1558c428c605d51bbb8832ec042baf,1a83b9e3554d66b41d2008648bef71120fe8417515269c82f6992cb66c040847,p001,p001,no_gesture,53,2,accepted,,train,673,37,1.2161852000008366,37,1.0,0,0.24547011783111947,
no_gesture/p001_no_gesture_0054.npz,aa58fb75386cee2e185545c309c2f8897b55c1a9b36a02e0d96efbf46436fb95,ac916c203e456d89700edcde655237ed915ac14a67293fb2e050761951606d73,5c384638dcdea3e34c9c130dfed9c5c00bce1769ade17bbf4e31602bfa7d5e30,p001,p001,no_gesture,54,2,accepted,,train,674,47,1.5522326999998768,47,1.0,0,0.24666870002918276,
no_gesture/p001_no_gesture_0055.npz,dc16fdda3fa06036370e087d3a3e5924cdc4ce44352ddf0221369c67eb892749,8f009ddfe8fa987eb8c300b7aaeafa84fa8d453d01060bdc54c161cadea4372a,776385782b242552212bc3da4dcacfb04e4377f5e0c4943d59aa36123f5168d5,p001,p001,no_gesture,55,2,accepted,,train,675,38,1.2480702999982896,38,1.0,0,0.24499573519869605,
no_gesture/p001_no_gesture_0056.npz,319994418a526d4c9ee46f073e017f7dc2e98b4a1413b40706166b7c61b09233,3e1214e023a8a31c96aaef36449bb82928c5dc6d3801c3e364077618def5db5d,4bdaf1aba481b5be58ba3c5e8a551196500dbd2402c6549e74a6c7c3dffe4aa4,p001,p001,no_gesture,56,2,accepted,,train,676,39,1.2801274999983434,39,1.0,0,0.25359724335205075,
no_gesture/p001_no_gesture_0057.npz,e853c0f85b4e57311c31ec0a1c7ce5fe34321b3647b3b2f30c66c3590815360a,e66181c0fbce4240130b337a32bd387279e54dd1d2068205de145b33394e89bd,2d8212ddb1d383099c31313ed20062f4c5ce7dc89553385c88e85580766145c0,p001,p001,no_gesture,57,2,accepted,,train,677,37,1.216173400000116,37,1.0,0,0.29700594178403344,
no_gesture/p001_no_gesture_0058.npz,19ae80894026aed9d383795ce6d1603461179a5092cd82555f78fc5b1cff491c,8c0800b3b42405bb353ea616d5c548a3a6e3e94ff2a72a50776469487e06cc26,44a6e90104df09a2559f3273dfec92e8d68d12f4ed46966e9a02786f14431820,p001,p001,no_gesture,58,2,accepted,,train,678,38,1.247945000000982,38,1.0,0,0.2990687156432923,
no_gesture/p001_no_gesture_0059.npz,fc995dd379c0101658244de79adb41044c657844c726fdd6cad5659ca384ceaf,d1785f9e8b394cd776050f4768360e6ccdbabd8ca3ce73dd5ddd8f46f70f5d67,c70591597ec51aad923a715b8cc6f555ec6211f1c37092c8f611d12918da4dd7,p001,p001,no_gesture,59,2,accepted,,train,679,35,1.1360975000006874,35,1.0,0,0.33636501251954043,
no_gesture/p001_no_gesture_0060.npz,c87f8ca86b6782f2c477e5b6d65def7381f539ed0dd444a87454d5957fd870c5,6bc1387596eb8874348bb85e71f31b2fb3bf10a62e8d5b91e0320fd149e26a3d,beb84f4c0739aacf72df4ec04b6f6f3b35d8427197e33617325afb9d9dbde269,p001,p001,no_gesture,60,2,accepted,,train,680,51,1.6958990000002814,51,1.0,0,0.3314630575842339,
no_gesture/p001_no_gesture_0061.npz,655b6257dea67da5283f8096bf8aea6a6fb0a6da52cb953b2c0c78533e06b4cc,8a6e6ad245f712ec1ea36dc9e205c3c3fca3ce92f8d5d4c9e685a9de95d3ad2b,34fce3f3ae9569d98f99167eb8bdb3b98bdfd19939da7eb0853544ac5e08ef80,p001,p001,no_gesture,61,2,accepted,,train,681,33,1.0882612999994308,33,1.0,0,0.33135524514564,
no_gesture/p001_no_gesture_0062.npz,de72aefaaa0b6f9c765daeea86092fb63d7c82d62489bed940e6d789b21d11d9,e9d56b54208364beae585961cf516853627d615377c384b4bb8afff497250659,c8c79469066c7bcb4c807b1426f898cf727934e6f9c5c58c2291404120586675,p001,p001,no_gesture,62,2,accepted,,train,682,41,1.3439064999984112,41,1.0,0,0.3325859506632977,
no_gesture/p001_no_gesture_0063.npz,e06c0859740b9106e90c9f320e53616e9c7b397e2be6d44644705d529c4357a6,c2cd3c81cc73707a3fd8b746db4714af164d469015703c150c3a91f40d480565,396cca95ab807602485e7de58d9276293b134bfdd1f32dadb3b914eb4c7604a0,p001,p001,no_gesture,63,2,accepted,,train,683,36,1.1840396000006876,36,1.0,0,0.33036622721320197,
no_gesture/p001_no_gesture_0064.npz,c9171b73a348ec96c95644fa845d1fb883722570e821fefe74aabf467e35341a,37803da9b0fa8f735265b42d9bf9bce7f5c5ccde0dc14eed39e5dfff92e2b2ff,794f4d7cdb5dd63157a6caf6ec8dcf97596c259bd8883e54dcf38e103fa9a420,p001,p001,no_gesture,64,2,accepted,,train,684,36,1.184099599999172,36,1.0,0,0.3358866966349022,
no_gesture/p001_no_gesture_0065.npz,bc5a83ae36d300ffeda51eef53c13d84e736ea0810da04bd0f788d6e7eb67393,d8b6aca9912b049a31950c3fe1ac90b989b6d6eb9e62d73b427ce31269747898,07683d16ae6991f61f816bf5608e28978ee35b9d7095a8f1429a320ed1ffb987,p001,p001,no_gesture,65,2,accepted,,train,685,32,1.0560169000000315,32,1.0,0,0.36505166786264404,
no_gesture/p001_no_gesture_0066.npz,5523febb00d8c2b315ef43ab9994054939a9c90c806745677f0b2d91b1882a05,54d6772e898846f96163b58f2381516b4dd935f36ca58317d66f602111a1c3b4,d154bb77c5ee8dc09c57a4d45661159793fae5f1c94832492da9c346567fff1d,p001,p001,no_gesture,66,2,accepted,,train,686,40,1.3280735999996978,40,1.0,0,0.16485616637237344,
no_gesture/p001_no_gesture_0067.npz,5d7cb3c92eaf4812382d2b01495745c6f82fd8204f8b5316ba16d56b12e0fef3,21ed636fa3166706b45e5e2c409f2027bb279688b6134422cd17ee9702ebfb68,519e4908374b3cd3795c4e15c485a5fb0d5ec1ba6da39e6b28d32159ade76fb9,p001,p001,no_gesture,67,2,accepted,,train,687,39,1.2959267000005639,39,1.0,0,0.1567813093379739,
no_gesture/p001_no_gesture_0068.npz,81483c33fcda64b2bd3422efda3f023fe5272250fba6d44c7970b683fee2cbf0,c840e06f60876d64ac39e91e1e673a7a51394f029eee479471c659c018eb6359,15641d5e49300eae24c84d03b0842da23cc3ea639d8f337bf348db04ab723b0b,p001,p001,no_gesture,68,2,accepted,,train,688,42,1.3759701999988465,42,1.0,0,0.15388364315830586,
no_gesture/p001_no_gesture_0069.npz,eadb153a8f8a3807051bdc982328aacec01048c8dfb8d61b5e0627c9a949a82d,bfce6a1149ffeec66443463eee316c93c27fca67e8ebe2b8bc4ef5455a4feeb8,077946df199c568956b3cf3e89e2a136df3d6b9f8c2a2a09ceda69eaff2a8688,p001,p001,no_gesture,69,2,accepted,,train,689,34,1.120108800001617,34,1.0,0,0.14869141883980355,
no_gesture/p001_no_gesture_0070.npz,72fb51912e71ce2481fd896d4c8b008e5359b85e4a78f53a4d8e2bffcaade4a4,8d381b9bc9621386d99e90855a5b1bf87de22d3881421772e29f40ec9966c7e7,b6fb3584c5b1ffc6e56efc921c44021b12bf4124cbdcf75062096cecf3ce6fc0,p001,p001,no_gesture,70,2,accepted,,train,690,38,1.2481368000007933,38,1.0,0,0.13549651967630716,
no_gesture/p001_no_gesture_0071.npz,c1fd8a848ea3307e40c363dcce7d20a491d60dc7dbd1601e4e2bab243051fe88,491f2cfca045ef3d4b5433f3463678826089fd63e4e3f016ec3207231fa27fe2,b6816a810012e39a200992cb4cd0abbbc3aff8b284738fbd6ab59f1c4ba9e32f,p001,p001,no_gesture,71,2,accepted,,train,691,30,0.976144000000204,30,1.0,0,0.13403548155923695,
no_gesture/p001_no_gesture_0072.npz,111935b2341e17cc6ff81be74ce4900a2ac897501594550ad1ef1c1d1ed4eb7a,a275778c39101ffd3c02debba9cf4dd3c51f6be1df68df3bc2ad1c087df6807c,042c8aee86f43925549ba58b1323a815530e7af7b544e0ad085768753c8d3183,p001,p001,no_gesture,72,2,accepted,,train,692,41,1.3604085000006307,41,1.0,0,0.16681536721100568,
no_gesture/p001_no_gesture_0073.npz,f879aa081896382c052765fbd6df1b7435ba8291d3aee0125a3f659fee3a311c,5202995f321517df50d8839f1c58c0674c8a55a1faa6905a94dc8baff4595ab8,f12844996aa81019169385b03d347e3c7526c91b4fcd067a00f7709d45f646a9,p001,p001,no_gesture,73,2,accepted,,train,693,45,1.4883821000003081,45,1.0,0,0.16906068458761989,
no_gesture/p001_no_gesture_0074.npz,6039f8dcd87f6fd9249145656cf1970008b4de91cccf231912eb2c5fd9c067b3,2b5bc280c0f8a200dc87a4029b61c76a6a1a9ce2bde42d431c0f181ba598ddd4,bfcf624bb901dd85584e5d01db0f21170913f0b36055b8f51437a0e2b1b0027d,p001,p001,no_gesture,74,2,accepted,,train,694,50,1.648079399999915,50,1.0,0,0.16260386862543885,
no_gesture/p001_no_gesture_0075.npz,73a49d6e7cdb65069d2deac3079303e85b25b572cf7c7c01de1a030102a61394,37ae2aa018b86e14b033e6000f2370701b5091da57ef7ae5d6088c5ea91517cd,3339695301eb789b72f6a8dbb0d5f31c4592dcb0e50cc359bf49c3357bb78ab5,p001,p001,no_gesture,75,2,accepted,,train,695,47,1.5519046999997954,47,1.0,0,0.15722434730408688,
no_gesture/p001_no_gesture_0076.npz,368ea590bb7f4c9c55996c4293a02f051e7ca56203c1731f761cc9f6caeb9e28,790a5c9d632568c2bcd9dfb400d112fbd034a3d1728ebcc7ff43169adc642ae5,eb2b479f6b2ab31662f2dc9d4ae4bcdf4bfe024d1399c8e42f259358e322f1d9,p001,p001,no_gesture,76,2,accepted,,train,696,44,1.4397016000002623,44,1.0,0,0.14494643481190844,
no_gesture/p001_no_gesture_0077.npz,ea196963ba83ff07753b8a3b19c2f5af0aa96d40c357d6cacd54a449475cca14,13b40321f0439f3c2e6a2095a122e713d187d1408ad6a1101730a1ea86e23409,776bf82bf9116bd5c3dc1a398019acae5d447e5a7d31706427b6a45d028fa7ff,p001,p001,no_gesture,77,2,accepted,,train,697,57,1.8878349999995407,57,1.0,0,0.14548169367400415,
no_gesture/p001_no_gesture_0078.npz,bd727b3c09c347dc95bbacad770f5aa25dda9353638b62996a2856eedeabf7a0,9bb32359189839bd9e8dd084b14ca1c84ba1c74f58c68abdb0eebc66e36f4878,df3b35892325c765b4a684a7a52580fd96e22666ae7689bae4e19001ae4ffb26,p001,p001,no_gesture,78,2,accepted,,train,698,51,1.6801739999991696,51,1.0,0,0.14712608161686097,
no_gesture/p001_no_gesture_0079.npz,91295f6efbaa681e69a7ca04898030c5ab2ee4adccb1cd9ef0289f498670dbf3,df786697a24dac71e41ea4b0e95d53ce6b26087cd227ab93fb98bd450ccb6ec7,3b26a33fe2178c1598974933cf4baec7638c8922d5fc50b6a675b719365fc5db,p001,p001,no_gesture,79,2,accepted,,train,699,37,1.2160557999995945,37,1.0,0,0.1482014863404418,
no_gesture/p001_no_gesture_0080.npz,5a4478da90d97f3d87c3cda19f5fb8ac3438e4c3fa26d3c909fd7fe160b9bad9,a3bfc44304e8fcf11590306abedc9ff7eae305fbd04f648762764fc55b74e2fe,1afd596c512d6a40e7d73e0649ca8ef8f1305a1c3e3aef4e5481076ee5ae3ed1,p001,p001,no_gesture,80,2,accepted,,train,700,34,1.1042202999997244,31,0.9117647058823529,3,0.16670346664764057,
no_gesture/p001_no_gesture_0081.npz,8ed775c9c62d853430519f1b2d57096836f3beaf6693356a2b531595a2c5281f,8558550fc1456ac81023388861d45626c63a113355f1526234ac5c2db5575c0b,6bd4c86279710acd87cd31c9e056fedc32cac84be1ad0b4146d6e4a6d5457d27,p001,p001,no_gesture,81,2,accepted,,train,701,42,1.3919514000008348,37,0.8809523809523809,5,0.14811156137293713,
no_gesture/p001_no_gesture_0082.npz,28acdbf20eb29bf9696834092d4def9b4f32eb1a5e388c7010599eb4cb9fcce9,630c26dd7619d43e8ef086eb048ad363f7c7901711d27bb11dc54a57d614ab03,74bf56066a83a0c652d6afea32f841b6b40bc96f1cf5abd899cc7f2905d070b4,p001,p001,no_gesture,82,2,accepted,,train,702,39,1.2797037000000273,34,0.8717948717948718,5,0.1538480483495945,
no_gesture/p001_no_gesture_0083.npz,481690612a05aca77e942eace9c239e6ed03e90528b6557656b097e7457fa445,22873e9ace359d677ccd48b295a1bccd330b1ed40b682721f2f0616468e75a08,46a50f8d680263677a4fb8c303bdd579c438cd73b34ea7ec389aba1961162ebb,p001,p001,no_gesture,83,2,accepted,,train,703,35,1.1520412000008946,35,1.0,0,0.1527190230498251,
no_gesture/p001_no_gesture_0084.npz,36aa4d2ee54411483ce87dc77a4d4ef87d52cac74930f0a7405fb135922fc6ee,f2f7b53432be179d5044e10bfe4efca9ac9499f2980ca1ca785e3382c6c7a220,be18c069f104aa34b498fda9a47a5f95bbb84a763d72928fd3d8b573a253fa7e,p001,p001,no_gesture,84,2,accepted,,train,704,38,1.247853099999702,37,0.9736842105263158,1,0.13760390531078015,
no_gesture/p001_no_gesture_0085.npz,493a4ecf5d0241264c4843ac96178577d24c0ca816feb1aa9f6e1e99145817e6,5b916c94c0824f0431558eab06b98b8f3915d59049a8bb39e70b89c46c8c4df0,01369c058d5293e5a21b7c416f0f958b54a6ee54dff459cf29b089fb8205d9e2,p001,p001,no_gesture,85,2,accepted,,train,705,38,1.2479913999995915,38,1.0,0,0.13617120258715293,
no_gesture/p001_no_gesture_0086.npz,ec87aaa50e068b209e848eeeb2f4f9aa6964662916e2fbb414e630548eb5c4d1,3112d1a87811cf4beaaed6722a2a74d398c6ea41c991c27842bcdad7cea82279,aa3da22bc1bc366e34c953ba52e09db36d2fd6a0a2b626274248c8fba59ac050,p001,p001,no_gesture,86,2,accepted,,train,706,41,1.343970599999011,41,1.0,0,0.15789046463329212,
no_gesture/p001_no_gesture_0087.npz,24a0e83b8244856983a2bf889a9d4a9a376a428ec2b3024e6b75a626a6a20d67,b27fb19268dea637046fc2bd4b145826dcbb055c178d1cb36c623af66e0e035b,c9efa17017f78040fbf7eb4228293b0137d32d70bbd170acd2efe758a5019398,p001,p001,no_gesture,87,2,accepted,,train,707,39,1.2805539000000863,39,1.0,0,0.15770532056016498,
no_gesture/p001_no_gesture_0088.npz,fc20f767e1cbcd55b080bf6de8196226d3761ee1090c20f24f236a364bede912,6efe11affcfa25738239741534c773a3ee4b4c5f70d71587b45fc7a9b101cb44,913978af6cb6d73e92f173b880df14c46c5d7f59037fee0ec9cee3b73fa77642,p001,p001,no_gesture,88,2,accepted,,train,708,40,1.3120139000002382,40,1.0,0,0.1566030955785412,
no_gesture/p001_no_gesture_0089.npz,34a4d01a5ce57f471c2dc24677c1381788c8ab49dea0deec6c08e313c9be0ef6,45e433be8e3ab6cce2895f9b29356b7a092727dd00fa5067828acdbb39035bb5,1f3ca8c48c182b46d7bcc2fc8811a5121260f466544fa0d78670c797cb75d138,p001,p001,no_gesture,89,2,accepted,,train,709,41,1.3442221000004793,41,1.0,0,0.1564929831321534,
no_gesture/p001_no_gesture_0090.npz,da0e96a61b08de6fe691cdd3ad3a8c8df14a940c64b50420317785e4534a5ce4,d11a7fd973a4ba1c74f53d093e454125acda0a272931eb85f54bf0fc1d6d03cc,7a6bdb31c66fd62d149a48163ed718f595afbea4e8fa2521084a2d4cf6adc7d3,p001,p001,no_gesture,90,2,accepted,,train,710,38,1.2481422000000748,38,1.0,0,0.15634156165096727,
no_gesture/p002_no_gesture_0001.npz,b6fb45c09c9fd7e4d3418ea0fa32713d701a239bc163ff1c2cca4e43f79f3b47,53e75e2ab8e0f6d88fd2af5dc43975e7bc3ce32437642184ee37387d51e49fe6,962fb1f9f4dec7ce8273b0c3da23b8cf1500a3ff408e425fa778b9d4802028f9,p002,p002,no_gesture,1,2,excluded,duration_too_long,,,92,3.0289015999878757,92,1.0,0,,
no_gesture/p002_no_gesture_0002.npz,a1de0fb4b4505d0896c230438db4073def2da8a18f531113a3ce554d1f3601b4,ec3f4b310ac6566df69323d9866db41c745d93c4bf5fedefda5fb306ff6dbaba,8c9ed899b56e00995f5d08c544a05f68f5da3638d5225dce5e74e612932b6c7d,p002,p002,no_gesture,2,2,excluded,duration_too_long,,,97,3.183479700004682,97,1.0,0,,
no_gesture/p002_no_gesture_0003.npz,b91a3fd24305fca37759c7fa847ca614806006ddbd98967e052dd1f6fdffe309,eaa3953f17edfb5475e675e4d000d48b8c6a49ed13461450f82554806cb57b35,dbe00da55c36a8e6fde5c153394f36071f44d7a4faf467993f959d8dde79f0ec,p002,p002,no_gesture,3,2,excluded,duration_too_long,,,83,2.7102938999887556,83,1.0,0,,
no_gesture/p002_no_gesture_0004.npz,f37cc7b5223dba2ae5bd35d8057a85cafa345b03b21bed88aa76979779bd2796,8828e0bc6247ee702540e41f1bb41a1165ab0e569b3d5c80e1ff6235972d14f9,9eba4fc1a0e9682d09a782eaec7cf22b0412a160231045080ae158084f6560c9,p002,p002,no_gesture,4,2,accepted,,train,711,56,1.842225900007179,56,1.0,0,0.24673644948545764,
no_gesture/p002_no_gesture_0005.npz,823d0c910666a5c83d5faeddbd9d8dcfb949fdf834e5b366cc709421e9c90e2a,1f75d1393654b97d9fb95f69d8ef4281a44e1fad0202fbd5270b4164f20f7b80,0bf2adb44b7d71b93a424c43d5cdc7e2f1d45f54c21e4854bbe7e0873026c908,p002,p002,no_gesture,5,2,accepted,,train,712,58,1.905457499990007,58,1.0,0,0.2608384068328924,
no_gesture/p002_no_gesture_0006.npz,d4e7110c3c34aa2613253b73dc0277545406ebd6f4de895d76e99f11263de5cd,90b33c91839fa23ccfe309c1152cc0f04aa99260f40017858a967aceba7698e1,1a1d879f868ebcef820f7c7a2b9b6d57a33c5a249e0bcfeda6cfcd34be3ae267,p002,p002,no_gesture,6,2,excluded,duration_too_long,,,82,2.6859835000068415,82,1.0,0,,
no_gesture/p002_no_gesture_0007.npz,9b34e9322a51713239b22ce486df9fe1dd49f2d24f3e504d171a4778c10f3d19,b031aa544b35fe9ddeba1d74288b2d24fa85fbf97ab9c24fcea8ba62d91535e2,8093e09a5f8575a651da79800f99b4b0ee73844aa36767d44c38507a108ad442,p002,p002,no_gesture,7,2,accepted,,train,713,59,1.9182914999837521,59,1.0,0,0.28362689697294546,
no_gesture/p002_no_gesture_0008.npz,770546f15c827afb2a3453d75015ac1083481f6e33d60fa0259a962e0ff579af,83833d4dd721d2daab908c0387218a4e5225024e701c46b78fb0f9a673a9ff7c,2d08fb32269aad43a0a11cc77f45bb3cb02b470b79ba3fc17c7e21576ee31ab4,p002,p002,no_gesture,8,2,excluded,duration_too_long,,,110,3.63124760001665,110,1.0,0,,
no_gesture/p002_no_gesture_0009.npz,fce6642dafe042891da1c1ce83efe04a2ce16e2c42763f8e8d58cf25fb62afe4,dbf7b2f336520729700c280055d7c8daeb6602a0e2d4ec972d2a4f7ff6cb7d3b,9e81399bb4fa705225ccc365de133e17761adbc68482cbad4ad0a2679f72152f,p002,p002,no_gesture,9,2,excluded,duration_too_long,,,90,2.958484499977203,90,1.0,0,,
no_gesture/p002_no_gesture_0010.npz,97693a773fe507865a27f89f926addf6257553749b7e0ee73d0d906a6845452e,0ddf7ad5ba49f50b5d9cc93cf7b4e2f54078a43258c9cbd0a07fb3cd4f27706c,db9bb179618ad1b74ea7d638f49d1e194a5ab4979b0a8546ec7f21d3f014f693,p002,p002,no_gesture,10,2,accepted,,train,714,60,1.9672153999854345,60,1.0,0,0.3473159544122212,
no_gesture/p002_no_gesture_0011.npz,25cac3f33dc62acf7723a94921949ae06a2918012b816485f2e51c842327b0a0,e03ab089656029c01c3630bca4ed5511faffa9024a83501a8db168bce1ba359f,a162d127952fcc0843c86250d9af5a07affd534b3f38ebadd84b4d8dba8f5266,p002,p002,no_gesture,11,2,accepted,,train,715,60,1.97417700002552,60,1.0,0,0.3154736582944135,
no_gesture/p002_no_gesture_0012.npz,ecb1265273d99112f05a9a5d23e80a069ae59646997eaf06942d690657ba7c11,ebc456bd591198bc290ca84875256dca007374b07cd4472c74262147f8513e07,1d504ac61aa81a3912cf6026bed3c762fe2f600b7006f571a13c3f426a09f0ac,p002,p002,no_gesture,12,2,excluded,duration_too_long,,,98,3.230355799983954,98,1.0,0,,
no_gesture/p002_no_gesture_0013.npz,fb98c578ffe2bdd0bf86896b5eede37bd8ba8f6747b408e7c607b5b18fcdaf10,10cb2ddc8f414841237c113dd63e5da6b8717945481f3f69388ebd7907c1af00,14110b21e4e1db02ddca6aad87ece579695f9224b40300a3ba16b78886bf5036,p002,p002,no_gesture,13,2,accepted,,train,716,40,1.2957893999991938,40,1.0,0,0.19562090113013142,
no_gesture/p002_no_gesture_0014.npz,abd480d877b2b6e929081fab1828fcc7003db671c79df403f6c0ca31c98e58e7,1c764da52f8cc088856b4025fbf8a5fb421fac985c8d1653893d2ff5386d7ba4,8fb637fef14204222590ebb7e9c7747518c5ddb85a54aacbd1a27f2c7a0e8671,p002,p002,no_gesture,14,2,accepted,,train,717,68,2.2101432000054047,68,1.0,0,0.20029233424984422,
no_gesture/p002_no_gesture_0015.npz,d81acc9296e72d7e390a4b34441502aa61a0cd860941ba5c1d9bd0b2e813a1c8,240b304cfc6efefcb8b6df9cd0a0df6538a4e854c0778929848dae7816f4d515,a6a4a7de0c31bcb29a3dabc16e0fc0e52d4174ae1a8e56c5c83f8f8a60776f51,p002,p002,no_gesture,15,2,accepted,,train,718,63,2.064833600015845,63,1.0,0,0.1571475543507588,
no_gesture/p002_no_gesture_0016.npz,d7266bccbcd21db40dea3cd23b5c09892e701999a941616a6cf6c7e9c7af7ad1,96debe2d75741d9b43c40d7556e19059bc2b14a76e702862544349efd48174de,07797d2eb73f5275f6b53c07bafefffe021a0f8dc3c6f814e0e91a2ba111f4cc,p002,p002,no_gesture,16,2,excluded,duration_too_long,,,84,2.7455338000145275,84,1.0,0,,
no_gesture/p002_no_gesture_0017.npz,3587641da97e20853908d0611d7b7c2953ad51631bb2f73123340c7b12266213,435871b5d9497f0c9da1cbb869e948e647b7a681fbeaabf500ec167b417b0ce2,ae06bfd0b7eaa5c2932b4933bdf8675bd2908e17d6b53c0f4b8d9592c59f9123,p002,p002,no_gesture,17,2,excluded,duration_too_long,,,95,3.131717700016452,93,0.9789473684210527,1,,
no_gesture/p002_no_gesture_0018.npz,24440552457ead8a66f34dc729df5eb2f8acb6953e6a82a78a1fd0d9a40ea3af,0feb8dbb01591fc8e6b15719fc5d21b4c6a5703cd3a996a591693432b75a9839,6eda170f09fc8da3cfff0378ce0caf8eed58670a025ba54de35efa3c0c82f254,p002,p002,no_gesture,18,2,accepted,,train,719,73,2.3929692000092473,73,1.0,0,0.13516925009693365,
no_gesture/p002_no_gesture_0019.npz,ff30ba74dfbcba22d06dbd2962d95c534c4d770fa2d561b914c26511c2e21623,09326de2ceeb02e67f818bd37cd1f5f4cecbce4242a3fe401e43d11d9d2460ee,ac6fa5a840eef509bf979584492e5326bbc83941fd5a72e955c8c0348683c88f,p002,p002,no_gesture,19,2,excluded,duration_too_long,,,132,4.344672200008063,132,1.0,0,,
no_gesture/p002_no_gesture_0020.npz,0ff596fc6035594782b86152ccc3636440683683ff5fbfa55c935bd1c320cbab,83bf862b24063066bb6c39b657d04dc26de4ec81dd70e54a83a0eaab98f69223,9b3a657c7df0783fcad52a422a7c363ebd822a381c65d8df49ad99f61960e581,p002,p002,no_gesture,20,2,excluded,duration_too_long,,,116,3.82116930000484,116,1.0,0,,
no_gesture/p003_no_gesture_0001.npz,510771a35878c64ea39d9ac9368d70285949cfb6e67f24eca044ae9f437f1765,d19938f80ba656c86c49c9b2725320181afac2f40526da7b79b63d94b7f165fb,51a0380bc2a75ec912462fc2b1bdb658d22d998c4a55221ef80df08848189731,p003,p003,no_gesture,1,2,accepted,,train,720,20,0.6403198000007251,20,1.0,0,0.14482648906205575,
no_gesture/p003_no_gesture_0002.npz,6e1eb0a070013eef5331b9265f25572f37346a3bcaf6fbddb8fe393e2789fd61,611e187db8875fa6a192d8114e1b16d0891544e698af4581cc1d24fd12fd97ea,ca3c2e053fc2c7b5ed10a7d70da32374d52356704ab017919cd71f3d4a67a025,p003,p003,no_gesture,2,2,accepted,,train,721,20,0.6560435999999754,20,1.0,0,0.1563384950677562,
no_gesture/p003_no_gesture_0003.npz,d8ae49fd7d9412deab4ab256e6efc3db2cde74ae21d1b19b2f58582dbb51d6c1,ddd51ffe808a345188303decb762bc073c06167a734cfe9c03c12c6abf06f29e,b4821d2b0c4f24f002016353f20d413e11cd1d2d6479adee1cabb744840f8dc0,p003,p003,no_gesture,3,2,accepted,,train,722,23,0.7357606000005035,23,1.0,0,0.16498971711160168,
no_gesture/p003_no_gesture_0004.npz,d75425358e41c2797d82aa6c45066d52e90ed65a5541680c75efffa216702f0c,0270e28616feceb18d4f1bb270e792c3ec36978168fdf447869172cd435953ff,c7b751c39bf5912f9c21a6515024755b208dcd3524aaa17362408b8ae83f497d,p003,p003,no_gesture,4,2,accepted,,train,723,22,0.7039970000005269,22,1.0,0,0.17353435075346396,
no_gesture/p003_no_gesture_0005.npz,422a46393bb1ad9918e80f2322cf820e0bdb3fd9f869a46fdc40bfd6d47649a2,16c4d4b8d9395cd71f2e9d138edcb1352beb868c972ffe2ff1fd39230171c8e7,330ea0cfcba034b976226891c943d974f0b4501538f01ceefab90a009128c91c,p003,p003,no_gesture,5,2,accepted,,train,724,20,0.6397474999976112,20,1.0,0,0.18745621213847113,
no_gesture/p003_no_gesture_0006.npz,88be7511a3aee8919cd4ca6ae47fdcd0d2fdd32b29aa4ed3e8c3c016d4a7d3c8,0916a3d8c69691e742c9b5186f9c39960dee0b2d05f2aaa3abb780289b788e8b,d8310a334d2b9d32a7d0c58cd21600199786c4226c4565212e3e8dc6b8fbff9f,p003,p003,no_gesture,6,2,accepted,,train,725,20,0.6376830999979575,20,1.0,0,0.1444677399990098,
no_gesture/p003_no_gesture_0007.npz,49f61a7638eb2320c681f9c101cf1aa9e8c5fd5a73eab562b979c81f7d64fd24,4982750d82f0b5437759b025c23e33c291c41d9c62a43b85bb39c705daaef868,542ed8e38a187cb17119f90a6a43163302d4cf3a7845a5742b776a519ae93c50,p003,p003,no_gesture,7,2,accepted,,train,726,20,0.657715500001359,20,1.0,0,0.17168994783948854,
no_gesture/p003_no_gesture_0008.npz,ded40f9b41c4b0fe53e268fe34a5156f4e669516e81cfbb73e039d6b85ae94c0,5fa2e31e2cce3c6a08d47cb5a2dd2e9a7c97cfd2ca927e6ebccd16eb9bdce7ca,76c4501f93f7a9c7b58d7973fa8eeec0fb1a3566594e00e0973e8b5af310e662,p003,p003,no_gesture,8,2,accepted,,train,727,20,0.639229799999157,20,1.0,0,0.0941172251348834,
no_gesture/p003_no_gesture_0009.npz,641cad7ef375e4acc98049bcbb190e19b4e7146f42297d884152f4b442fdb50a,bc079fdda3d7f8afd74432c5178fdf332a5357643b7c60996c8de99513e67b0f,d67717b02215351530a374e6ac381badcc390e8a7b55152c91091efee171eb44,p003,p003,no_gesture,9,2,accepted,,train,728,23,0.7529993999996805,23,1.0,0,0.10214921132777675,
no_gesture/p003_no_gesture_0010.npz,1c0bc428ff22728874dbaa21b45cee521ac6ac8181933be4d9407ea6b6a2602b,fe55fc88daafc61d13374b1c694837a93295f2c5fd501911b63409f0d3698130,4f403b650c8e8a47146b5224918dab161978739503332bf96108c230f8ab1568,p003,p003,no_gesture,10,2,accepted,,train,729,21,0.6712447000027169,21,1.0,0,0.08044113608595062,
no_gesture/p003_no_gesture_0011.npz,a1ea01e3fad44bc318079981d873320260adcde7940cfed305b4946bd1d1a1d3,a5db377604c2a36412aeb069db4e1f67ad07d0b8f17b7976d6cdbb0e326a85e3,dea8b03a0d473af0e8ac15d305158471cefbbce3bc57deec4f8141645bfd90b2,p003,p003,no_gesture,11,2,accepted,,train,730,21,0.6720568999990064,21,1.0,0,0.10745771224183398,
no_gesture/p003_no_gesture_0012.npz,af99609b8a7f8929aaeced54898443070c94df7344861971cc64b945b48c9d1d,1a225430b7b45c6b1a2e94d54f9c05845d7ceb1d0fcd7f4ae7e429dace5d1046,20c0dec110967b5461a6859a453c7462d4546485315b00dac55767457da5a949,p003,p003,no_gesture,12,2,accepted,,train,731,27,0.8799773000027926,27,1.0,0,0.11220147268221566,
no_gesture/p003_no_gesture_0013.npz,83dbc413580c61aa449adfc328a84b1e07c1f4339e601e9dfa58ab21c99a1822,032c3fe9a95ec011ef31570cb7fc0ea9a4eae2d380d63500f878a59bc289bc10,b7070dc944b4ec26bf733919cf49adcf99a2a948593bb03f797b2f84c48af1a1,p003,p003,no_gesture,13,2,accepted,,train,732,24,0.7696371999991243,24,1.0,0,0.18932389624768814,
no_gesture/p003_no_gesture_0014.npz,40193fe902a3a5d60dd1f50938486fc9283cc84106aad70156e721940c721d73,cb12bfd50a2d37f9ce7e4dc45d7807480722e3bfdf8de13cf22b1064f88398bf,8f37ebea1274ffd7d857af6e344b4f9f1eb902165c60e5909718a0c0e7bf302a,p003,p003,no_gesture,14,2,accepted,,train,733,27,0.880127899999934,27,1.0,0,0.2297916509831399,
no_gesture/p003_no_gesture_0015.npz,dc9de2a57db15e83c4512f1f6636f9b8dfbcd108929e51068321d4c9249fa904,b824ae0c9f350994ea07bc3d68a5611da90f8bdea9a5b8a1b2e1867a472b6fd4,ce057448be366163c004d7e1a92254bb60ebe229441cfb452f06536fe03f2eba,p003,p003,no_gesture,15,2,accepted,,train,734,20,0.6553471000006539,20,1.0,0,0.21355252482156536,
no_gesture/p003_no_gesture_0016.npz,76d733b192cce6004f724f1d0df39613c7fe274e7f4d41ff3ad9d01e36e1fe3e,91f8010ceec37c6534ed05f2de1b5c8e2d40b55b1534a328588921a2f9a35b74,8b8556205411fc9134865ddbb7388121ccf4b922c83e0ad10a28da5915e9e80c,p003,p003,no_gesture,16,2,accepted,,train,735,21,0.6714439999996102,21,1.0,0,0.20719774472513125,
no_gesture/p003_no_gesture_0017.npz,31171a3ac5ba43380674b2920e5467c4c6dcec304fe613816a5e8c7489d2a099,6ad87f8247e9c0858ecc419fb8ba23820a9146e6c7aef46426bd4f0da73f5b06,a642c3e106b987edef3be8c0512da09ed61b26fa62666050224c926795928167,p003,p003,no_gesture,17,2,accepted,,train,736,26,0.8490344999991066,26,1.0,0,0.21467790693403843,
no_gesture/p003_no_gesture_0018.npz,619a7d69deda9d833b681eeff324d4c50bf1abb6fbed7bfd76e0149a4aea32e5,317fe62986e87ab2485b2d38f1da1e4b01cae26b8bfa735e8cec39a0c5cccdee,c7f11a169b123858cebcf904efdf8ca5eeb6867688f067e673f5f3221304892c,p003,p003,no_gesture,18,2,accepted,,train,737,25,0.803975899998477,25,1.0,0,0.2006105432111725,
no_gesture/p003_no_gesture_0019.npz,afcdcd49fb2aeb83256e835ec50f569ceaccd62b41919f758d8c134b665b9dd6,2fbe6fe1795160f0fb8d5e4a040ca7714239acc7c1ad5f4cc5dffaf629bae40b,ce040d7ab5ebb4d78041ace7acca411d031a6d49015c9dad0276bf6db0711bba,p003,p003,no_gesture,19,2,accepted,,train,738,25,0.799103199999081,25,1.0,0,0.1752269792295447,
no_gesture/p003_no_gesture_0020.npz,fbd329c12956f0e6c2069bb12a80a1b7a621b5e87d82db9574541d517db9aa4a,08a6298fed2e72924d49b49fb9a18d9c7cf99a5a1e5656bb041585da8c8d547d,9cc2397aa3afd793b88af10c18b8db3ffa28d67ca24543a7a46c6f2cfb1baba1,p003,p003,no_gesture,20,2,accepted,,train,739,26,0.848939600000449,26,1.0,0,0.19375217012601081,
no_gesture/p003_no_gesture_0021.npz,8a02a7fbb50b4ada6f9e5644f246c70daa66bbb999eb9cc03bd66f21b0f36d03,d7d60ea2e6c055859379e0c2a226d449121869765b37248b2a3bb880a9f14f1e,6a93576dc5fdfc1d271126b5beb4f28abcb1d29ce44ed04464cba7f0e9de3864,p003,p003,no_gesture,21,2,accepted,,train,740,25,0.7980342000009841,25,1.0,0,0.20829435620269868,
no_gesture/p003_no_gesture_0022.npz,99a675a51b8105a9ff2cd4a7852a438550e8c321f264abc553de4040e32c3c5a,a9d7dd35f20bdc40fd3f113dee687c530c69e1f00c1f93c81db440117d351f14,4804632a86e7a754b4fc7ccff39f189d3fed8af375dcf02d46bd211df2b4ec37,p003,p003,no_gesture,22,2,accepted,,train,741,22,0.7060092000028817,22,1.0,0,0.11385037250354621,
no_gesture/p003_no_gesture_0023.npz,4c54fd5af15f1a1c62b09a27f7e26f868f4c998117166f8d6fa9e796b053757e,2017e2709280d2850caf061c919e04f225220e8c3c0a733d135c778597f4edbe,cf9be6ccc98fd4d0eb65e4d3620135a3b9f383971c2b794dfe47bd1e86344fc0,p003,p003,no_gesture,23,2,accepted,,train,742,23,0.7518978000007337,23,1.0,0,0.1084470717722474,
no_gesture/p003_no_gesture_0024.npz,6ca8ec7dcd7961b8fc43e256a783b5aa5dcd14940d324e8e7606093cdf38a39b,b03516a48616f2757c4bb4442364a0b45c6d1c5ea797c085435f273a2959912e,efe955870872481cda6fce1c99d9f0fb08958c8686b4aa0882a344f176091748,p003,p003,no_gesture,24,2,accepted,,train,743,22,0.7060315999988234,22,1.0,0,0.06282666871252589,
no_gesture/p003_no_gesture_0025.npz,d9ab4b84d245fce939eef67e011e9804e6701557e748bad8bcf96a961fa3a228,9e4c343a3120e9ccbc3e7436f482125fe684303742fdd46a496d53820493c4bf,55296955f609f7dd42303b4a7b8ae0a971fea15ec438c7f431043ad0b0d683c8,p003,p003,no_gesture,25,2,accepted,,train,744,23,0.7331086000012874,23,1.0,0,0.12690065973830023,
no_gesture/p003_no_gesture_0026.npz,ce563c99d9ab9cf3dec6646b92418ae234d0471ce671336f45871db2c727cb95,05d24dd68cf6cfcd81a43a0f860e5763f5abca141917f0225db14ecf570b656d,44b8849ed7bcc22d32280f454f5bd172b4b1d66cfa58ab411e25cc29248f7600,p003,p003,no_gesture,26,2,accepted,,train,745,24,0.7875301999993098,24,1.0,0,0.1300570749067653,
no_gesture/p003_no_gesture_0027.npz,58d7cf477110e06a410b0691dc18fd4d99f96cd81058f382ebcd2c367df6ed44,77b05df3c7b1a30e254ad49335889c954d535649b33562be1384d4190f854123,6fef8cd2f86edb7a1578aa96aa58a5b81f6eb0e98be655bb9349aed97961ca35,p003,p003,no_gesture,27,2,accepted,,train,746,23,0.7389399000021513,23,1.0,0,0.1247981177937613,
no_gesture/p003_no_gesture_0028.npz,feec315c5bc4c8629a7f7f3185eefe220453a66566a1d1a3f6feb4aff2085445,f004b7839971f0ba3cc323353b03eb8498b891238d11eebc82d0246e4a61a512,7d8c27f14af0c68b968c3261e32cea3843f31012dd704d5412628e7e43401dd1,p003,p003,no_gesture,28,2,accepted,,train,747,26,0.8481525999995938,26,1.0,0,0.20749283977334712,
no_gesture/p003_no_gesture_0029.npz,60a032770229af55adb395ac335cd8145470a92a7d6fd7c5f4b0d1de31c0a0f3,ed6b72c2e5c9bd9b163275637fae9c57f743a927825e54033a008349a3131cc8,05bd32b3fd71a9b96e34088c9e70893c2a2651e7152a697083a60f7248c21eae,p003,p003,no_gesture,29,2,accepted,,train,748,22,0.7015830999989703,22,1.0,0,0.2039171678392251,
no_gesture/p003_no_gesture_0030.npz,d11d099538a771cd5409afc263b07b683b70c7cec3feff80ce29e84a7283f700,02abfcadef075f5a791e12968f9634bdf6ea901bb6bb3c2738754175c079e3c4,7ea56dd0f077f971780013d58c7828822af1329a34b949638144c1160bb5e351,p003,p003,no_gesture,30,2,accepted,,train,749,27,0.878104199997324,27,1.0,0,0.20470267343234166,
no_gesture/p003_no_gesture_0031.npz,cfcf9e32eee6c0731592a1037da0fff68b120f3b3704c41f2f766f05b711e9a4,7ac487ee15639f11a8c94917e40b638195937b8624f3955fe5cf20305d1d946b,420eedf8aebb0660936cba37a41ceebfd9f3e086fd7cae8f61cff17480ce288c,p003,p003,no_gesture,31,2,accepted,,train,750,23,0.7528009999987262,23,1.0,0,0.20257676967853627,
no_gesture/p003_no_gesture_0032.npz,02f6b049b70e1c83659d6daebb2f95762408b82c23f02303fe71d19dfb41c794,d5a1570cf65d924ba41ffd6591402e51037a776f49f7f34cddd3f33aea06b15e,5221edd6fcce54934d5b690cc2fabf82fa8833e9a843f3f31e8104a14e261e38,p003,p003,no_gesture,32,2,accepted,,train,751,25,0.8022111999998742,25,1.0,0,0.17054781833412985,
no_gesture/p003_no_gesture_0033.npz,7e82e132dd990d01d57b645b37914ec94e474cad03c25c725ca3fb488a2f71ef,89d0a050f11f055036438ec4f655f5e15d35e2ce3ddc5e344642cf9b5706ac2f,3c82f41456a3b1489738776f5650442c544ef2c64de16fa043462b723876adb4,p003,p003,no_gesture,33,2,accepted,,train,752,22,0.7036368000008224,22,1.0,0,0.15989051352299094,
no_gesture/p003_no_gesture_0034.npz,6dd5dd4ad3481c2d0cc42a1f3b945ca5383b80c5a39451f568c91e4ab5a59154,ab5fc9369fd3e4da3b316ba03121791b4db2cb56c9e9fdcae67ec996e03c77c2,624b73b508050a823c4e4d442b1ba9f06dc481dd86dbfb1ed1641f358b55ae19,p003,p003,no_gesture,34,2,accepted,,train,753,22,0.7088423000022885,22,1.0,0,0.22188831448338836,
no_gesture/p003_no_gesture_0035.npz,defec38fcf258d50cadff6da98974e8d5c858fe4feae6fdd6350a60591290f31,01f030170579b1d0c46a1d3dac13eac2f214f75768721903345c8c6ae4f8815d,b8f3ae451e823d510fe1765be6968c1c83d8b6a8b65c180c32f511b1044ed5eb,p003,p003,no_gesture,35,2,accepted,,train,754,28,0.9105073999999149,28,1.0,0,0.20785371143127546,
no_gesture/p003_no_gesture_0036.npz,f2a23204c3d0db7f8747aa42eaf02d6cb7076528aa05f104ff95855a7e03df78,f09f1edd8f731da9c97e76f374bc36d0da8a183c588971b5bbd9d87dc1d7cac4,870bbc56d792903fa777d00eb48e36c26a8cb0ddafff57c49a3c4d2e035ccdd7,p003,p003,no_gesture,36,2,accepted,,train,755,22,0.7012437000012142,22,1.0,0,0.10074681358382281,
no_gesture/p003_no_gesture_0037.npz,4a17a5bf926d1898db16aafe1507fe89fef44aa0e0489ac7a31d176a596a72a7,28eebbfc7a71c3119a0b32c32b44dbe9c657e7c5cf135a953ea122ec7223081c,933059dc1e9568d3eb20a5d511658f772d8ac55b544faca7d655ffe80be123c0,p003,p003,no_gesture,37,2,accepted,,train,756,26,0.8317105999994965,26,1.0,0,0.11771344660603045,
no_gesture/p003_no_gesture_0038.npz,8ad60b003d11c8ce135caf24a40ba4259e5a7c9df01439a5c8fe85ca72769fae,1408574ddbbb068122c7c61109aab214ad1b55c638353703c023c92104caa86e,c523875a39714ccb206a707cdb4dd73f19d911b58156426f5d36cf54ba921e4c,p003,p003,no_gesture,38,2,accepted,,train,757,24,0.78588469999886,24,1.0,0,0.11040722156859413,
no_gesture/p003_no_gesture_0039.npz,b6671c10314fa85a7054732e66d4a50b026ac594c6c192c832b98ad985f18efe,8765519c8f41f3bd5c7cdeceb6c60f45516ed11a9e4c887b817b983f8a383eca,83e093441cd91e4787a9091c4789a06269f9b752e8de9af0fc54238d79befcd4,p003,p003,no_gesture,39,2,accepted,,train,758,28,0.9117140999987896,28,1.0,0,0.11653454491505146,
no_gesture/p003_no_gesture_0040.npz,cfb56a14179ad3b107e8589e1151ed128789a71b79f511d7d5a85b632d977e70,079c30d43aa5243649a06af1384574534bdd0dc8a71919cee77806a9dbeb66a9,0462fb4db15c961dd3296331db62e7f55e1b8faa1d8d81e583ba30c95b175517,p003,p003,no_gesture,40,2,accepted,,train,759,21,0.6729061999976693,21,1.0,0,0.11743263470831873,
no_gesture/p003_no_gesture_0041.npz,015aca522ac5f3131912d8a60d236ea9721b0bcb4208c625a231d6254d329209,2d40d0899fd150f9c26cb4f2510396c4f618c91dc3c1606cae91909ce8036921,7c59580c3aeb3e6b3e588e4d349d9fdb813381aeffb1bcb3215b853f796c82cf,p003,p003,no_gesture,41,2,accepted,,train,760,23,0.7373891999995976,23,1.0,0,0.12398932636007425,
no_gesture/p003_no_gesture_0042.npz,83880903adde5f4958b10cb3e62cde8611f63d36115b60eaaa840e573b19d1d4,484921250500fb3a16b749270630adac3dd2856e1c1899c4f445a0dfbd161896,d1d63f97cd198dfc8e22c3b3ceb63c04eeb01beebaf9d5ae3bf351cdc28cbf95,p003,p003,no_gesture,42,2,accepted,,train,761,21,0.6723847000030219,21,1.0,0,0.1088592069380739,
no_gesture/p003_no_gesture_0043.npz,407674575ea4b13a903c76bd796e48a3b6148b0a8b17dad477d99ebab7fad6ce,297dd1191f5cad37a5926412f6c8ed0b10c11fa407eb089a422055d11c3edecf,6ecb33ac56647225d0cf3b79858b88709ae402cc5462547b1455f3046a5d9d5e,p003,p003,no_gesture,43,2,accepted,,train,762,24,0.7733339999977034,24,1.0,0,0.09575405140596324,
no_gesture/p003_no_gesture_0044.npz,8fda1376a4cd0381cd515fc24af43ffb5183a86088a2b74971c555427ef688ab,88ac5549a705c5d0eab6333de818c9370456de4ef40b5c1c4503de8ee7eb0262,ffcfc3998163fdd3de1af09c5236f651d2bc414955f298e7f453de32157ccda8,p003,p003,no_gesture,44,2,accepted,,train,763,26,0.8315274999986286,26,1.0,0,0.09826424365267196,
no_gesture/p003_no_gesture_0045.npz,af66255d99bff99a8112fa3fb12fb2dcd55ccd8d746e97a89f277727321fd528,48b51e51b83d53f2f53bde8cba90dab28dd95a44a40657d1ca014f53aba4c912,41e200607f60e9aaae66a181665cf8258c2c58134891661de8a374563638dc10,p003,p003,no_gesture,45,2,accepted,,train,764,20,0.638503899997886,20,1.0,0,0.18318933360718587,
no_gesture/p003_no_gesture_0046.npz,5388349f53c061971af490d069fce0a2ac3ac46292341a4bcc0baccea828c263,152ee80749a684e4528fadf9015d9b0a546e08ff8c7a7ee3d3e95259f399a9f8,53a8b8cd752b5a0eb28a4985de49c45be4d95e2c24d10264e8c6e5647ff62c63,p003,p003,no_gesture,46,2,accepted,,train,765,22,0.7028468000025896,22,1.0,0,0.193617754684499,
no_gesture/p003_no_gesture_0047.npz,bd07f8f09ef06d3101200d82876efb3798792f10f9a82acf3913ceabd612bcc4,b2a18d3fdedd10653bfdcc23c7081fea749701c6b12a69cc3b4a8fe1b0b85d97,ce3171cd733a519c8a7d840eabe4297c76b93851543e28199cf8484851ebc24a,p003,p003,no_gesture,47,2,accepted,,train,766,21,0.6740737999971316,21,1.0,0,0.21617039510762848,
no_gesture/p003_no_gesture_0048.npz,dcc83373d7bb3fb45c6e2651518f754e8c3889961a92a5d53fd457a5b81ff2d1,78888165af2ee0a544dd54aa436af559de1be3fe9536a6c5876ab055c1ddcd5f,b9121a26cdbee19b945cc2222531ff6d360cb22f50fc805f14c51e36d564b083,p003,p003,no_gesture,48,2,accepted,,train,767,22,0.7074950000023819,22,1.0,0,0.20797318019933908,
no_gesture/p003_no_gesture_0049.npz,7e0545104fa001c38b40a675b0b0986ac9afc1e88c8c2013bb8eec7ea6b0a125,457bc3d412d3a4d91b204c31af8b2fb69e5bae230a613ec4745f1c62cb23ad27,188a7187fef0f0213fdcef0a9efe321521b20e2c513864e86521582152bdd35b,p003,p003,no_gesture,49,2,accepted,,train,768,24,0.784245999999257,24,1.0,0,0.2130786984133768,
no_gesture/p003_no_gesture_0050.npz,e75c9db4f379db1d94c499ff544eb4a63c2b7dc60a6a4f402babe44dadb5d29d,2a98469fc1cc60d022d10d7d02cd8ba536a654d860559e022ffe5d362017aea8,efa1afc08a8b68c969e3dd0c7c15a97df145da5e82d4ea00656522456a3c7636,p003,p003,no_gesture,50,2,accepted,,train,769,23,0.7358551999968768,23,1.0,0,0.22691706225540495,
no_gesture/p003_no_gesture_0051.npz,d50f57e9919c8de1ed04476c3c10f92404d6f9c88e37d610c90e72a918ad06cc,0bfa066877049f50a5ae49aa31591380d37e41e753b3758d7f92fe6b79745007,45ea7e05e5c707ad0c59f2d0fa82a107cb33eb1a7de72c60fb75da63db75e4b1,p003,p003,no_gesture,51,2,accepted,,train,770,27,0.8834800000004179,27,1.0,0,0.21840307105998316,
no_gesture/p003_no_gesture_0052.npz,57dffaa0a1b846de565bf3554a740cfe79adbec3d17712260eb00fc2c9e0e538,8fb6c2fcc280e6211c2aa26bbc37be695ce124706ceab4ab0b43f0b1e242ba70,c83ebd65173655cc7fc5a02f5edbac77efd8c919e42da18aca4c7c369a417fbf,p003,p003,no_gesture,52,2,accepted,,train,771,27,0.8827772000004188,27,1.0,0,0.2049764787698582,
no_gesture/p003_no_gesture_0053.npz,3415a8e614db02f0e96dc8c09ae02f1440685a62af488b29f575b0ac193c45b2,eac5093613ff32ebead36df49d91edb8bb7173406a5832dc694798278f340745,082551d4e82a606dc1f404f97db33c78bdd7461acbaa40bc21d879a7a357df2a,p003,p003,no_gesture,53,2,accepted,,train,772,27,0.8646445000013046,27,1.0,0,0.20719079965186207,
no_gesture/p003_no_gesture_0054.npz,fdc6c877f7a5776861920bd0b9d9ef652dc2bac649b7151e60d62154aa71e8a2,5896f8ec28543c91ba9fe533ccd804e4eaa1b0962c1daf26c901ec4b26568e58,3fbb08a080d70172c62a6c21ba9405acfce60e358c8ab1f817e1173fc6850b1d,p003,p003,no_gesture,54,2,accepted,,train,773,27,0.8800621999980649,27,1.0,0,0.19817420692319668,
no_gesture/p003_no_gesture_0055.npz,d7739a9d8957dbb0d7e152f704eaaa6b2450b7ad49003a529458407eafbecea1,40882ac0f6deb5b8a38dd262239b971945de1163cc88dfe002b153b7d3654eca,bca84a8ee31e74633f56555e804e2fe61d8b3d6c1caa785e3dd791e6ff8dc49b,p003,p003,no_gesture,55,2,accepted,,train,774,31,1.0083612000016728,31,1.0,0,0.1641247407204143,
no_gesture/p004_no_gesture_0001.npz,4f2c6bf33b2890843ea12f47841a3f01842e05f6be67abf52700dd8c2ecf8723,783516df2bed9c2e2adaff886bea976d0fe588158c7f821201ed2c96df4030de,d5b1e33f7d5c3ed6efd9176104ba56cfe3a3009988ad80c25b67a087008bd904,p004,p004,no_gesture,1,2,accepted,,val,163,42,1.3834868999983883,42,1.0,0,0.2332349098789675,
no_gesture/p004_no_gesture_0002.npz,197b802a5a238a6d41b87677889be00533d102a1c45e6d9dd68c7d0a61ad82a9,af4740f4b0ad54609d0c142bcb0522f0d71c048fa9691936ea53635109adbb36,89b4aa7fdd0ee7db7cce003c82b2be76a489d3fc92103c88f45d0b7126d485ee,p004,p004,no_gesture,2,2,accepted,,val,164,44,1.4475089999978081,44,1.0,0,0.2317236103025122,
no_gesture/p004_no_gesture_0003.npz,f6ee8d167cf1d0f00a41aee2edcc438e72e38819d3b9972f201636e7cf872c94,d6550c498631806299fb81d58844db6abe596c651c97c2556cce55fa618f78ca,2e9977c85de7a080fb9087c929abc02d708d0cbf3e8efc5213b6a6ab9331e420,p004,p004,no_gesture,3,2,accepted,,val,165,47,1.5387656000020797,47,1.0,0,0.24062594738997675,
no_gesture/p004_no_gesture_0004.npz,f4a57e921c9894186194fe4b2cf61e46cd7a894ac09226294491fe149bad57cd,fe89fc7dd162703dfccb170071281252e0c4a34a5c6a49b421ba6c4dceff1ee9,d7ee70852ccc4e173ac528eed9ae1bfb15ffac98927fc6521c8c46639c15602f,p004,p004,no_gesture,4,2,accepted,,val,166,43,1.3999470999988262,43,1.0,0,0.23955495452183176,
no_gesture/p004_no_gesture_0005.npz,391c22d10e8680cf2e54dac731bf13c9cd9aef058084729e4eb27b5c36c60682,a42ff23783f0178265430f38c31d418998e13aa7f367e7c3df6e4547d8302347,d8873b096022e3a64e1c53859c40d125e099fe45f6e4625a6d85470b6079a12c,p004,p004,no_gesture,5,2,accepted,,val,167,47,1.5514732000010554,47,1.0,0,0.253494861388992,
no_gesture/p004_no_gesture_0006.npz,ed70f7b97e92fc2501a40a15bbc77b2cfd5eb33a59acf17f4d917c4d862f9ae3,09ff4998d071c1cbae3db0482a85b5a5ae8fd546d9f89d4a2f911a6f43b6a7c8,628203ebe54967fdf130ea31ba92b456dfc0f70ee63a78af8b6acbb608df4a5e,p004,p004,no_gesture,6,2,accepted,,val,168,46,1.5218951999995625,46,1.0,0,0.2426594088415207,
no_gesture/p004_no_gesture_0007.npz,3280b15fed2fe1c5fad43cdcfebdb7e5abed60dea762210b42109f53f3d39928,f91f044dd7ee2c55fa22a7e52d91b86248825cfff45296db89da3505bddc17e7,1b56d47640d492d7348f2247f15030b483c0193bb6039e953a72c6e79f196be6,p004,p004,no_gesture,7,2,accepted,,val,169,47,1.5279053000012937,47,1.0,0,0.23740433424316454,
no_gesture/p004_no_gesture_0008.npz,f69a054f232a51aa32762b7e9ad1bb18861b4bbc9c39487e25e837a7aeedcd8d,3ee047e824866bc549e859a8bdf8310954c2141a30fd7079fb681c0c493cab3d,a6f99bf7c77e8099fc89e4919f03b9a6698be6eccb05fa80efff65a06d7a6c2f,p004,p004,no_gesture,8,2,accepted,,val,170,44,1.4432664000014483,44,1.0,0,0.23148519968989928,
no_gesture/p004_no_gesture_0009.npz,e7dcdb2cb1fe89fcfb6580cb5ff3655f1b303dc5590c0a4ac71bc455ee87444f,1027798f7be04e98218d1d437b3510e5f1d99f8188564def907868f934d298f2,7f00e8568d94e3e6e9db8e570ced042cf7fa73bb80c892fbcb06bf69be86f0c4,p004,p004,no_gesture,9,2,accepted,,val,171,49,1.6162177000005613,49,1.0,0,0.2277871354791457,
no_gesture/p004_no_gesture_0010.npz,f139aaa83a0b831be297b4b544e8bb0671dd55cfb31c4a320e8e6aa81e74896f,1937dc090336297143970bb0041252e3978a4d8d295d41cd7f60caa37c8f290d,e0e47ec4be17bcfd5c2858358f77af9cf39608f82aadac2e89f3d58824437292,p004,p004,no_gesture,10,2,accepted,,val,172,47,1.5297379000003275,47,1.0,0,0.24348064140383843,
no_gesture/p004_no_gesture_0011.npz,373b5de4c6066e7c8747aa04053d7ae09499c286351bac18c2a169d9628a2101,12c909cf95d68b7ec87eb77f7e6c37add98bc6cbacb570ba3f4f06c14f3b81ac,c3026bd6714151890d0fc3ecf481cd3087e96bca8edc65ea03c3760daf2c765b,p004,p004,no_gesture,11,2,accepted,,val,173,43,1.4032473000006576,43,1.0,0,0.25374006195473975,
no_gesture/p004_no_gesture_0012.npz,1a111d30ed6eb93a215f1e70404d9bff071560c3b9272ebc7dc9926c07b09520,5db6013d6d8c3ee0e5e27cd4579f08b7bc93bdde111b88aa806bfd9f0c664b7e,53e68b28844bed89611b4e8e41ff1c839feb83c52fe4c55f2a657686b8f38b23,p004,p004,no_gesture,12,2,accepted,,val,174,42,1.3777778999974544,42,1.0,0,0.2326991010096096,
no_gesture/p004_no_gesture_0013.npz,4dc628297359d2ff1633550c016e0a81ae8c3212869d041099cfb8d6542b19f8,b61e01d2fcae316c3df5580ff6a4f04eec166d83080a5ee1cc841e643d6d532e,9844a9edee37f36afff4dc107c8537f8cc974cbe8c98a6a5dfccc1a9ce4e8726,p004,p004,no_gesture,13,2,accepted,,val,175,38,1.2462353000009898,38,1.0,0,0.2425393804314556,
no_gesture/p004_no_gesture_0014.npz,1f161588dd806fe88515f18dbcaf3143536eb62ba2f98a28a011ade381e926d2,ea0ba24d27b9311f1070b56e8021c30164e0d7c6c1ecec960467f4d804e6f23a,0a002841faed0e8453abbd620bec5ad81e5e47fc4e4fd2665a8f98195c38912c,p004,p004,no_gesture,14,2,accepted,,val,176,37,1.1977657999996154,37,1.0,0,0.24160941767719396,
no_gesture/p004_no_gesture_0015.npz,35e43caa16abe77efbef6c52df873fd7837abfdf94bce56df0744a329bc4ee83,a9c9e9bd189e5accd9cae6542f9d09df9ef30e9d8916a6c9d354fefb4e0adae7,694808479e4e402d79407c274e97c9520f4b07b4069082fc6a3b4cac4e74aeca,p004,p004,no_gesture,15,2,accepted,,val,177,36,1.1778444000010495,36,1.0,0,0.2555505984604266,
no_gesture/p004_no_gesture_0016.npz,da8a8b8fb6ab2b8dcfc3292fbfb71c7a6462f7209aba14ab4331bb5c37ca040c,c144b5adbae6399b3d13197b5f7ee2a36d68bc4266ed02f581b684759827737d,fa0529f0dcc2d120521edc04e589b56b131a6f46a6c907ac591f1f0f1f2250c9,p004,p004,no_gesture,16,2,accepted,,val,178,32,1.0264126000001852,32,1.0,0,0.2106407640274825,
no_gesture/p004_no_gesture_0017.npz,4df1bb15a894b6c19272c6578e483229d5269dcb271121e5766927be679122e6,e08e9fb9fe7522dcb65ff7f581bc39037295aa60e8f175c37079f74e5d157650,e2f8d4f093763526a64e2a2c6a71d0e7990947672e9e227e8aa607109e60bac1,p004,p004,no_gesture,17,2,accepted,,val,179,27,0.8560474000005343,27,1.0,0,0.26396611469970355,
no_gesture/p004_no_gesture_0018.npz,681cab98774749eec4c31f51216320a912298c32d44e23552352b55042561407,817b55e9289911576a1ae65e3cd9281807f952bbcd986d25f06f558d6ad6692f,e5942e21f30dd1ebc4c7f372f88ba77ee6fc513e15cd5d34b569f8471254d6e9,p004,p004,no_gesture,18,2,accepted,,val,180,31,1.0047371000000567,31,1.0,0,0.21206228299774024,
no_gesture/p004_no_gesture_0019.npz,5656c10ad97bfe062971f337fa31ab76bed6eec6005717ed0f58933c46eee25b,e0f978110e9ec06182fe2eb30722ed813c6ae2bc86f5cdb4ecaeff2e799a26cb,216ef6c18991215e47671a855f50d89a3b3b764a96e5520de2437e88b27e672a,p004,p004,no_gesture,19,2,accepted,,val,181,28,0.9163118999967992,28,1.0,0,0.2441454820349036,
no_gesture/p004_no_gesture_0020.npz,2c4781af98d8107a884b0963febb962701ea88583df36580d3ea42e63d518ef9,b9e30991a68ee2cab139ab81f942c73404e368979c4ab5c27db1c207e5f1e1b4,d32c7f2ca43adc35c8a914f46c15c2ea73b387cb41d50ba097b0d3e9af574c53,p004,p004,no_gesture,20,2,accepted,,val,182,32,1.026792700002261,32,1.0,0,0.2354583880447892,
no_gesture/p004_no_gesture_0021.npz,9994459e3efec098cfd01c5b565da638876ee80aef081c3d1f55b50894892dc6,81fd64eb3c4b537ca61e3c77db197a98e53458bcacc2358023efc2c7571faf5e,fd417167d9db83d6651b3d723fb0ea1ddd5cc79fc245f19eee39f3f06b737d2d,p004,p004,no_gesture,21,2,accepted,,val,183,36,1.1654326999996556,36,1.0,0,0.21097489995734758,
no_gesture/p004_no_gesture_0022.npz,ca7560f3713c79eb9aee07547181712ceba83cdf00f017045ca33806620e1a30,e2b408093f2715097e117faa18e31a8c1f0ce4e6105e73fdf6222a7361ff9b9a,ca2eb6a94482bd1f03dbd1b404b845110190505ec59a7d9165deb835c388f840,p004,p004,no_gesture,22,2,accepted,,val,184,39,1.2848931000007724,39,1.0,0,0.1876521972755908,
no_gesture/p004_no_gesture_0023.npz,67c7bb8b81be9293b68db59eb1008d798849b5addb79507b6509e53af7713020,a5220b197c3bac87a6eecb62e24a51acfbd2ca4976847b57a0bea08b68c59fa8,1effa2c3ceda21b1b92692e5c6433acdf7568f123905001f2981ac27a6a4ac38,p004,p004,no_gesture,23,2,accepted,,val,185,33,1.073372400001972,33,1.0,0,0.25968588405616033,
no_gesture/p004_no_gesture_0024.npz,01b6c13b2a87322aeeb6fb4bc95b394940f3ce280b39b5fee376a34153ec9757,42c5de28ec27630cff1ce730826c0c811f04345c423f5fb013cd1689ab694f21,97f3f64573a9c2ca670c2a2a82222cacb3b20d54d28addf8014800ba17c8202d,p004,p004,no_gesture,24,2,accepted,,val,186,32,1.0425990000003367,32,1.0,0,0.2770279162137306,
no_gesture/p004_no_gesture_0025.npz,3d949b934c7607b12de9f2eb6d43f0583588826ca4459eda68af12e7134d297d,6fc3e2bd52cc8cf9b98ecbeade39e20fe4bdca0e0b549ea84accbdcfa2916b93,12f309eb32882d98c01639408fff71457cde4215aecbe40fc0376eac094a9d37,p004,p004,no_gesture,25,2,accepted,,val,187,34,1.1019253999984358,34,1.0,0,0.2716133108287635,
no_gesture/p004_no_gesture_0026.npz,ab7f7f1b1ddcdbed2f965971695afa41114fc150406a26363676ed74e505296d,f75c474c5115006062285812cf8115252df68876f20d398d86ffcc128717edb9,00f498bafd0637886abeb39b0af18418f7588095bdac280d5f5a24709b3d32b4,p004,p004,no_gesture,26,2,accepted,,val,188,32,1.0551306000015757,32,1.0,0,0.25590732819307616,
no_gesture/p004_no_gesture_0027.npz,ccfbb01d386f4c787a2fbb3c02f2479fe138eb7cb5bcde0279f24f5d1e5e70fe,14467ede98a4f2a7509bf359316a2284de77e8b0f4eb65b4b96f7a9d7234acea,6ce1af41a5ccaa8bf751c40591f829e22b399b9e571f168ac474e27c63c7eb35,p004,p004,no_gesture,27,2,accepted,,val,189,32,1.025145600000542,32,1.0,0,0.2813586133118689,
no_gesture/p004_no_gesture_0028.npz,dc3534283fff0cee701d56835b50154e773b94678fa0c51e3ee5a5e71845ebd2,4155f79cecdc3ba6f046f1878826ef8b2823da94ec0b19e0ca95da3d11811814,02cbbe021d30c1a9edc0ea830b80893774ca9207848712197217a7d0b79da404,p004,p004,no_gesture,28,2,accepted,,val,190,36,1.1608525000010559,36,1.0,0,0.28071106450017047,
no_gesture/p004_no_gesture_0029.npz,c31f063fa536e1cb2838ec6e707cff338d9fcc22b24c48e798ee5d1055ca2036,f5c9a45345cfe1998048abb5e049f54488cf4ec238df5505d12e02b1bda978a2,01633c00251696bbf0fa05c7a3f53ddb036eb871ef409e5636b093b3a234ff20,p004,p004,no_gesture,29,2,accepted,,val,191,36,1.182862200003001,36,1.0,0,0.3147285078274551,
no_gesture/p004_no_gesture_0030.npz,ecd5fbff6eec7d2b0391aa9256ce30e3cb55f4d671b3d0e7b64fb1925c1ee10a,4525cec3aef265785150934d15092647261bd81948c75f25e1b5c2d9e2465256,aebe04a40ac84ccf4c6a3360aa94341c95f3dad501ebea50adf455dc1867a280,p004,p004,no_gesture,30,2,accepted,,val,192,37,1.2132172999990871,37,1.0,0,0.30321499821888,
no_gesture/p004_no_gesture_0031.npz,f34a49b76595d538b0a79e9b8a1e61b31b4e773f2f81aa9577ff4edac04cfa2d,7faaa4480000ce07fb359982690d9c46285e95731bb012f367d1116b54c75fa7,d5b70cb488ce4bd6795447a67bf505195276dccab835ec4a298d252605117ae6,p004,p004,no_gesture,31,2,accepted,,val,193,35,1.1220448999993096,35,1.0,0,0.29937465003441466,
no_gesture/p004_no_gesture_0032.npz,290ff7d3f9bf90bd10ead123b1920970493984e8a91389d8f4d4356b269e3a70,b0bbb8a424fb5ca3b3c697685eec6661688d5f1475e0f64493b58695e6d74d13,837099909a86087502741f9862cff9b6e2a5441d6b78419336b49abd9e16d6d4,p004,p004,no_gesture,32,2,accepted,,val,194,27,0.8540819000008923,27,1.0,0,0.28478841086439877,
no_gesture/p004_no_gesture_0033.npz,e9c5642aa0fc5db5179e67b06f583f6bbbbc8db23d4e3cbd9f372552d42d72c0,41160051d5141a2423fb360b7a2d866c31d112a433650c97e194fd1f03bd0aff,018cea8fe8577fb741f786ae93efa34bd2c2166a5955b6613b0b21f9eab7d08e,p004,p004,no_gesture,33,2,accepted,,val,195,37,1.1989483999968797,37,1.0,0,0.27203876983615183,
no_gesture/p004_no_gesture_0034.npz,1b04be68a0004908653d3c32f8944f04c732e3945cd0209105d9357e66b5c738,2107f6fd17bb8d8909f3a7c006955c9a34e9c9788ce1df167db721e54512f9b3,f758c03d600b1d680d22ccb7f3d8c4b34989e1f95b809e31ce7700898223f2e1,p004,p004,no_gesture,34,2,accepted,,val,196,32,1.057197800000722,32,1.0,0,0.2648792923887968,
no_gesture/p004_no_gesture_0035.npz,9f8888334f80527c9fb9e0c9f0f5d5919189dafe5eb0a5fd32b3172521e27a25,a4f19b34ae5808274c020ecbb9ab587e4edf8fe6e36f16247d7c75ae56bdc461,c29f4358d2ab99778dbb5e7c5c8799277fed9819f0b152712e468a803808f194,p004,p004,no_gesture,35,2,accepted,,val,197,36,1.1756407000029867,36,1.0,0,0.30325259283822203,
no_gesture/p005_no_gesture_0001.npz,af43ef0e3f8d3888996bb384895140204ceb16d13449017a06060a997fe146c6,a5b6fe739d382405df9233321e1be75992d7d81b3a9993bd2b47213b96fa9f6e,d676a7fcb1f53faa8b3ddb9fa095b7337129cbd0cfd5d1363b96f52e8f573916,p005,p005,no_gesture,1,2,accepted,,train,775,35,1.151729700010037,30,0.8571428571428571,3,0.21286440655979716,
no_gesture/p005_no_gesture_0002.npz,955a289357048cfba7bd33a3aadf11f7194e03f74c1566c77e0a6f2483ae6573,b77e9320df034d3a799c3b4af6172999a8ab7e66a5ef9a9c66dc1f865eac6635,a88c03f86a9885bcd1b15e1d4167997c77a7ac53808a927c39b78fc5be974d08,p005,p005,no_gesture,2,2,accepted,,train,776,72,2.4003156000107992,72,1.0,0,0.27239067380971216,
no_gesture/p005_no_gesture_0003.npz,068f2404f57302f2b0a3efec5b47e3bc2e564f273a7f2d70d26fc2c949404573,9389bed0714704b643ce766566b2b45cbaa13694f4ba60eb00e2837c6e24ec56,72f90d93a35a8f22ec937a3c574c3ec240d67238cae2ea1b7438bd02bfec5b6d,p005,p005,no_gesture,3,2,accepted,,train,777,52,1.7124097000050824,52,1.0,0,0.2712358265386324,
no_gesture/p005_no_gesture_0004.npz,da20ba66709155b8fbbf57939b4eff94de78f317007bf68dddb5e82594f3a370,11cc4e6d73d6f6e66d0f57e005596b211a22bd018a0abc6d3dac26ddc7c7d448,b73782846b892b6b0d5efab8da019790e1a988d94d51a5b0bcd7eef782228e73,p005,p005,no_gesture,4,2,accepted,,train,778,52,1.7280869999958668,52,1.0,0,0.30484858231312106,
no_gesture/p005_no_gesture_0005.npz,827a04a3887eafbc081418230807c7fc2af0c4aed1161110a4c6a4324a699ea3,7e519c112c434b2136eb2342d1a89e64e432b4b42e4c97627a04ef5cbdcdd626,db3aa2c098d31da7e4c8c48af103311d3f2a7a8b8741ad05643fc0f73d1b26f5,p005,p005,no_gesture,5,2,accepted,,train,779,63,2.0960942000092473,63,1.0,0,0.32728458852330233,
no_gesture/p005_no_gesture_0006.npz,28065a606d8bc2e8309d10c2c0706b375676e3f84812101d009233d160e2b0d6,a5011b2bb03168853838584139f82865182478b2698063e78e9218d1160c277e,c480126412d3e8d6306e4a655d8daa66378b68397aaa209fb2c91e5c7ef41a46,p005,p005,no_gesture,6,2,accepted,,train,780,57,1.888163199997507,57,1.0,0,0.29003529002754436,
no_gesture/p005_no_gesture_0007.npz,a3d5bb1021d45eafc56c8a7fed3bbb32fcb784bd5f39091cd9bbc17e8b7fdbc7,f58e002a82c35adc8feab6d144cc8c1e9e59b9597a7a39b390cfc043eaad1124,ff8909195c0814a4c2e2868fea43758449460525e890a5a05061fb1dd50ada1f,p005,p005,no_gesture,7,2,accepted,,train,781,51,1.6952202999964356,50,0.9803921568627451,1,0.26136672939248334,
no_gesture/p005_no_gesture_0008.npz,1bcb89a6da8ab4c5344c9ab664ec3ab634620483aaee18f42532826f931de630,fa2b77be56e2ccec1e3a0a17f9816e6271b2db1ddfd29eaec836190b307c60a2,8f2bac42460bfc17930bfb5991bae5cdbac52eacb012ab8f3308f4eadaaef479,p005,p005,no_gesture,8,2,accepted,,train,782,75,2.495627299998887,75,1.0,0,0.20766216151907424,
no_gesture/p005_no_gesture_0009.npz,d8c27cf580702feffcc7e9637a605d184d1626bd2d23f40f502d6213951133cc,7a7f4ab461bfdf3b57162c4d9e7513d98a26be7388793340c8158b8d25f09a45,8333524f69946c0a3ef31658061056e4e5e5efe9d866f9934e885b0340ba1978,p005,p005,no_gesture,9,2,accepted,,train,783,61,2.0150215000030585,61,1.0,0,0.23304469052629712,
no_gesture/p005_no_gesture_0010.npz,ffb566d61b3141c3a6f531f99b6edbf3bb5f72e351efe25dc9ce36586f5d8f49,aa902bebf69d05acc2903578ad0a6fea4e5b886b6519d875cb7773f129d905f5,1b4234aaf1fe763c2eaf87de914b85aa761f6df5e46f4b1a9247d8bb63fdfde9,p005,p005,no_gesture,10,2,accepted,,train,784,59,1.9512196999858133,59,1.0,0,0.2650305895877625,
no_gesture/p005_no_gesture_0011.npz,fb8bbc9140e4899326fa250c8c504c619f42e77ee2996d2582602c26031dc4b7,b6028da5e384727e18296a260b47a5c910300a740d9dd5c7ea5cccf1c1c9926b,9f72f0d3bac91331691390526d7b66d4e44892eef2b9d84e6f7a48340c48ce43,p005,p005,no_gesture,11,2,accepted,,train,785,72,2.4003983000002336,72,1.0,0,0.27042209799326433,
no_gesture/p005_no_gesture_0012.npz,7c00204935ce4881001d1ffcf8ec5a1bdaa5f83855727b8eda0573550a40e5cb,cef5666b457de3fef035eceb01378dd4757e2fe5fcffe195b665e8d3c05e4b23,8a9459adaad817c7c3ab4ceb59e9db1155dd3e7b2dd395c16b62428d64e2220c,p005,p005,no_gesture,12,2,accepted,,train,786,72,2.399991400016006,72,1.0,0,0.2558280509918366,
no_gesture/p005_no_gesture_0013.npz,e1d47f9ea0d727a93585d59713944ca426bc0fd3dfca71b8ed6e1cfcf1eb5c9e,808896e8590a08f7dfa408c92caabe3e0b918594979e6ce2dea6f67ffbfcba4f,3021be5659bbc41af37a1fbe4d9dc505a486bc596ebe239f16ea53ed8b98f2a5,p005,p005,no_gesture,13,2,accepted,,train,787,55,1.8246679999865592,55,1.0,0,0.2800451088918468,
no_gesture/p005_no_gesture_0014.npz,776940cbc21a74e463321bb0fec4b33ab797aa93aa64d4b23aa5dd8e431913ec,557cf86cc49576646cacdd59c139cb4c9f97abae844bf9c73834ed6cae93e104,d8100cf4ab2f91a6dfbd20d2fda6eb559afe8b2ba3286624cb7dc201bfe045a3,p005,p005,no_gesture,14,2,accepted,,train,788,55,1.8236368000216316,55,1.0,0,0.2806816592638936,
no_gesture/p005_no_gesture_0015.npz,22cb371854a27714dc3d9d4beb119e9ddbbb41a27ff4575a53ebaf67c88c0109,6ba4ea881e0a74e6454f79f12e290792035a96d952634389220bad7bab70d64d,0d5f61e987e1529ce0b4e1df8858d40639f95d8f9eafac9e3e55d5802a495a02,p005,p005,no_gesture,15,2,accepted,,train,789,59,1.9525966999935918,59,1.0,0,0.2554323519385293,
no_gesture/p005_no_gesture_0016.npz,05f053bfe085027fd277cecfa65fe6676022b52b8d23d2c3d09a3a83ffcc6b58,af00b5aca7d155120b7d0493b0e20688fa99e74119d455de57158828aa30c1fa,319e90a4632e0c57c8e5e6f625ef413a71e0ef1e321398747bfaa3689313463f,p005,p005,no_gesture,16,2,accepted,,train,790,72,2.4000776000029873,72,1.0,0,0.1642368594754422,
no_gesture/p005_no_gesture_0017.npz,86222445f050b094143bee77fa0716b50897bd61bc3e742e4c0586e934fdeb2d,a4775880d971b8a968563a306d4427e4f814f40e64f23954dc0bc31d9b60ca66,aca17e1f58cb066c766bfd69e917b130fb0169eee15711ebaf1fc22404baf615,p005,p005,no_gesture,17,2,accepted,,train,791,65,2.1593926000059582,65,1.0,0,0.1720399700062545,
no_gesture/p005_no_gesture_0018.npz,9c3b9d2d90042e0fca03a0740214be45622532c5d9acca31605bbb555755c83f,174b54254700ce4ab740c8d8fec698c7f87f86d90d3c3f9ecd9aa64e8ed3657a,c6eaa811ac867fbb87ebb59d54d4eeb64803a8c220971968df8f668ffc0cabda,p005,p005,no_gesture,18,2,accepted,,train,792,60,1.984132799989311,60,1.0,0,0.19872004017589345,
no_gesture/p005_no_gesture_0019.npz,d0d6f6b47980bbc207da7453995c9b03b49838420c31c96c7cb4fb78bcf02988,73d6195363e9965a2832808c4b195c8bfb51ca421e9a9d07d040269c2d109d6d,22d5ea0052add538e9f0576ce07fe763fc3465bb52d674b5d1ac50e2504e8457,p005,p005,no_gesture,19,2,accepted,,train,793,42,1.3755230999959167,42,1.0,0,0.20929597389491045,
no_gesture/p005_no_gesture_0020.npz,1732af5a52ee5e3a53e39fb41fa23872cf94007dfc832932a8c23d76fdeca74d,79016b5c51db4e25b1973d0d67d5dc7dd99c2387a6086b66fd8a1edf3f0e23a6,014414685d6e4b9e0771acc93ed99222bdf740fa4bbc0d31e013bb1b0d9941c0,p005,p005,no_gesture,20,2,accepted,,train,794,42,1.3755398000066634,42,1.0,0,0.24055359396169773,
no_gesture/p006_no_gesture_0001.npz,a39bd83c05d148f27ada896c6e570605daf976c77c24472e789ab43fc9c7aeda,2c43d0decb261bb2a23b4ce5bb33d03eeeb524f8ca8b9a002f667825959f8046,4ee8f76f08a57bbd80df52074e4d0430fa2796a251d57f2188900244629b5be1,p006,p006,no_gesture,1,2,accepted,,test,100,53,1.7442225000013423,53,1.0,0,0.17668190664336414,
no_gesture/p006_no_gesture_0002.npz,bf9b0d21eeef17027d0f61169d742ebba809a3e208b5c4d4539e781937f6fa75,b010a38893293ce12116656058c39111f50931b9de5339b35afc4a66ba876c7f,b03d74f5a22cbda85395fbfb6cd72460c9231c0f50c7fa5153a267d6601ad050,p006,p006,no_gesture,2,2,accepted,,test,101,74,2.4318184000003384,74,1.0,0,0.1743245478606531,
no_gesture/p006_no_gesture_0003.npz,c27ef5d82c6d9db49ac0e5c6048aaa7812fd85b2023d8c242497e588149d5615,c34319ae29d8f6e5552709d33f94503b2f41b6e50ca6f81f2c07e42a739bf2b9,f614f19c5140c3cb3b1626d06d2c117ed08d5212b566adfa017f4753bb97762e,p006,p006,no_gesture,3,2,accepted,,test,102,65,2.1288434000016423,65,1.0,0,0.18060673595076915,
no_gesture/p006_no_gesture_0004.npz,64793068dfcfdb42e8285cd80aec725206981d22035c1a972cbdea5944766b57,1519574616d9ab9edd074942649354fdc4bf569f05ce1cc9fa619467bbd23139,e27c8c9ae81b4c83c36c7a75f7a444efffa16e17ba6d1e6ff23c8aa627fff313,p006,p006,no_gesture,4,2,accepted,,test,103,74,2.431061500003125,74,1.0,0,0.3064549998707955,
no_gesture/p006_no_gesture_0005.npz,8da48eb49558328c879960ad9194d6e431e57dd5ff2475540cbf014281703d8b,001108578a3cfd89bd5db5d810a6dc489b76f25668b31ea8dadfbfa5c63f9ae3,16e8444fde114cb697ade2b769d4a82491f1b0e7b804605e056913d19d221fb5,p006,p006,no_gesture,5,2,accepted,,test,104,64,2.0952208999988216,64,1.0,0,0.13247708191880325,
no_gesture/p006_no_gesture_0006.npz,1fe67f66f338c4f1ba8b6282e047c7989996012fe488abdc4b37733e4e863fda,bd8cab9dc3bb4bb8575e9bdd04a4e2a921f9ec9a4659b5434e8635aeb991c735,e06b15c8f01baa3be69cae26bf1e963668adabf649f70f7e1b685482d6c3cd0b,p006,p006,no_gesture,6,2,accepted,,test,105,72,2.3524002999984077,72,1.0,0,0.2026480933730313,
no_gesture/p006_no_gesture_0007.npz,90c0436f796a4a1bbcfa6a9e075d0f41f6665d202fba74221da5e0fe47dcb353,7cc4879d83551957048e7f1b4f3a0574aafc3df9bf1f2468ccf456741efeffe6,f9c6e21a6c3aa3d0d1b7bec195485df27adeaa7611e93a211aa7acc2b3f1fbec,p006,p006,no_gesture,7,2,accepted,,test,106,74,2.416114200001175,74,1.0,0,0.11916578018160079,
no_gesture/p006_no_gesture_0008.npz,71d61ed6f12dcaee8abe0fc7524dcd1b74bf19897e89918ca3a105828ce4644e,f029f060f724a6f757faf151da032107957644df97e09125434c22414230a68e,01d8b1441bfe1d8aa4ef3efb16a1129c021c2bbcb68e8d668b9dcd314a88e05d,p006,p006,no_gesture,8,2,accepted,,test,107,68,2.223914900001546,68,1.0,0,0.12523078533659826,
no_gesture/p006_no_gesture_0009.npz,fe5bc1e2d64e8d0d4ce883892e57264c982ffb88c9b5adf24e8ba5eb6363d9af,b77516d699b05bf9d0f62b836d1ff2c250813d59da69579c1616d84f0d7f8ecb,a6547554f29933ee67528ffd755dc723d9479d5aa88174c2f9096edb0eee224f,p006,p006,no_gesture,9,2,accepted,,test,108,65,2.1269270999982837,65,1.0,0,0.17668215748162008,
no_gesture/p006_no_gesture_0010.npz,b455b6cd1b43e304fd9870d82f8a10c30581c7479e62d8db75d4049fed92497a,39f6412c27f0c44809b362ac3a09c38856f82fa03c8b08c8a741987831552453,d617f4b535ab3d1b42a5db44a956352aefd1031eec12fefd71a240d83705cf51,p006,p006,no_gesture,10,2,accepted,,test,109,71,2.320333399999072,71,1.0,0,0.10369625149614277,
no_gesture/p006_no_gesture_0011.npz,87dee1d496a08f7d959a0b5ec305733be6b2fb60d903bda0fb68620717e9e228,72bfc36142d3f7e2e3bd6219b13c079d632a6ba89a0d8b5228a09786f22a07ef,0ac54e17e6ada4d93266047d560b0448a4f940586b3b08955f64dd865f39eb88,p006,p006,no_gesture,11,2,accepted,,test,110,72,2.367631100001745,72,1.0,0,0.1160315386341503,
no_gesture/p006_no_gesture_0012.npz,121eda671c573f16eb77d28945359d07d3bf26a1a5b233825067f09ebc566653,0cf46f69fe7e182a8d9d4934ffe914b8d6b2d866a62b10dcd7af38e0f3322d50,69ba1a2c21479085077412381f3c27c2163af318fb2411e7e0d52396037e8c3b,p006,p006,no_gesture,12,2,accepted,,test,111,72,2.351184300001478,72,1.0,0,0.09949646157669202,
no_gesture/p006_no_gesture_0013.npz,6ecb2311a278a85a1746c91a777015ce748a07d2d34062720b322b45a8a88352,f6bd7eb9bfce6c1542c7b3abc896f0b113890d1ee3e97c4e076755459b7f1ece,8dbbbb4c78abd455a8defc0b96162c3079bff3264f620f919b454973c4cee65f,p006,p006,no_gesture,13,2,accepted,,test,112,74,2.416489499999443,74,1.0,0,0.1668100467881583,
no_gesture/p006_no_gesture_0014.npz,aa08ea5f7fd20cccb08d6604939dd4dea052f771d92386003fe29578ab56489d,76f7ea8305fc1774a7e0f05fef3f76b05d32a6bc01b690f32243e1d8303547ba,625b2a1a2a0a5ce714d28dda473d07ba56fd753d27ca9647aa9b7efc85c17df4,p006,p006,no_gesture,14,2,accepted,,test,113,72,2.367532599997503,72,1.0,0,0.18248757972946575,
no_gesture/p006_no_gesture_0015.npz,30f7c0d48a00a6b354d1c8e376e7b8ae2bc960302a31163eaa56fb5b9251baf9,e87bf7192a5959684ad5578b8ebf2ce66dc6929a20edb55841583ac6e86ce1a8,06a88bdfdde1a613241f9a3573de57a09a3fba7032beed7438686e6882d78cfd,p006,p006,no_gesture,15,2,accepted,,test,114,74,2.4322226000003866,74,1.0,0,0.1783957476348084,
no_gesture/p006_no_gesture_0016.npz,7a8d3f6df23448626b47d4f101d86673a4be6697b03e0ca523cc8907d63a86fc,c970a1ba42d0b37c741a4f24dbb9be5a613dc94471742bae117359d5701e9f0d,2552f1516144be95016618f852b08d738dd387b0617fba8880043ce786499605,p006,p006,no_gesture,16,2,accepted,,test,115,62,2.0151177999978245,62,1.0,0,0.16325276872681477,
no_gesture/p006_no_gesture_0017.npz,843f4d337af8fe38129eeefbf08898ccab44c45f178fc1268f18e71947c7ef61,d270a3c43f7344654ebe5821addce3e0bceffe9365c807d067ebda2df0cfa570,50505ae1b4231ee9e8a6b44d9ed9a372fc83c24ed58f5b09d0cc1c8d38a4e939,p006,p006,no_gesture,17,2,accepted,,test,116,53,1.7272100999980466,53,1.0,0,0.15875707593331312,
no_gesture/p006_no_gesture_0018.npz,088655273df9b6d31be047e3380d9477c03652fff6d5e89a7e87bc618a61c5b1,1a67447a6edcf522ee4d1678d2415b285f6527ba6eee1751c3586771ceb2eb0e,4a789c2aa73037bd8c5a1bdd2e9af65f736bbb8c2a0e758a6f8221ab290ace63,p006,p006,no_gesture,18,2,accepted,,test,117,66,2.1605672000005143,66,1.0,0,0.16927801721708913,
no_gesture/p006_no_gesture_0019.npz,88d901ef04ffe9c3f9cb96512276879f28395a80d34053bef34944607ab4fd9b,6a8506b99021e260a589dd5130860cfed7843c344ff130ec1d8763ba6ce4f435,ee4f3fe28b190c1d5918a5cb3fdfba2c2befa0bf34037874811aa9357f758cfe,p006,p006,no_gesture,19,2,accepted,,test,118,58,1.887268899998162,58,1.0,0,0.19112945660146063,
no_gesture/p006_no_gesture_0020.npz,9dc7ade82b9f36ce0ec3cd71b385287fda923284519210b759d179b23e0d6dd9,264c6865cd3ad35036717dd10ce97d43da10ff82a257916b99491e1db4638f47,db316dd90f41350757e4c2aaa276b0e60f1da94d83a99de8e95783c188715f34,p006,p006,no_gesture,20,2,accepted,,test,119,49,1.5999865000012505,49,1.0,0,0.18163183131780042,
swipe_left/p001_swipe_left_0001.npz,29a9fb18110d7e564d48d91a7dcd8ef76085ddbf989495de99f67cde26426fd4,5625d377bf02464b94a17cbbfa21a7e3b3d47c02751c1e19ffa99520f3282a2d,3a0423fbf8e91d942ec67478db0134c1d45566bf2b5723cd2047e2df0b34e05f,p001,p001,swipe_left,1,2,accepted,,train,795,32,1.056028499999229,32,1.0,0,0.23922102639445944,
swipe_left/p001_swipe_left_0002.npz,4bec9f860ad42f98b88020bc3ecf85a4612244c46b5e52a0255c560981b791ac,fd900542d185e71ef5a519eb13aca41d7c1fa5b0ffd09991821dad7fb81be056,313e70a26a91b79ed6393d5a066d69656cf3f03981f29ea9a38fd1f9d5c19430,p001,p001,swipe_left,2,2,accepted,,train,796,33,1.0720616999988124,33,1.0,0,0.21839736514564084,
swipe_left/p001_swipe_left_0003.npz,cabfde91fbe3ce4a43b0f562b3662e6ce7595564824f3e308cc623629c9569b2,95268020deff41a7a3b3d3e7732ab170929985b6595bc7ef42d72a0bc2763854,4aefd3986584dfa0bfbbbb249dfc05db8b145e1c7ba7fb2bcba13698dd67c020,p001,p001,swipe_left,3,2,accepted,,train,797,30,0.9756825999993453,30,1.0,0,0.24611321562997093,
swipe_left/p001_swipe_left_0004.npz,8185616f03fcbc89cafb519ca58626eac1e17f5a1ede2436d44ef69a7698d208,2decec364a7bede02a858a4e556215fa220a10e7475153dfd435ec2172cc53ed,4d8a6b65e14dd3c014ecaa27871e65464b0ae464fd2efa885c4cb584609ba5d8,p001,p001,swipe_left,4,2,accepted,,train,798,32,1.056019899999228,32,1.0,0,0.2656214355121801,
swipe_left/p001_swipe_left_0005.npz,e16e4e481a6d79d3c21a5572156d3a7c8b3a3cc5e3d07a8901a5790c9b70b9f9,5a0122432fc8502c248cd0990a089d33a036a14b0b876a8ffda54e100bf7696e,ac9a28cae5d6812bec9f5e5af0d5d82748154c267a816f6100c457ec4ac4a901,p001,p001,swipe_left,5,2,accepted,,train,799,30,0.9762393999990309,30,1.0,0,0.2143249858480658,
swipe_left/p001_swipe_left_0006.npz,6a1ac00799349d02008c6485100313a29632f4f00a7054733b6f873765611ee0,bc9996d402a1fbfa57eaa14ebf8998e98405ca8becde4d37b170d11753a60c35,85b911e1a07711ae489dbf52944132a64348f28de3d360bdf3fabcf62c38d271,p001,p001,swipe_left,6,2,accepted,,train,800,30,0.9759904999991704,30,1.0,0,0.2631353679389621,
swipe_left/p001_swipe_left_0007.npz,6a9a19fb90cac326af5456b6a9ed39640375f47f13fe046bc1668e7e2d80c0a7,14c0c30580c6bfa7293f1011c10d91235967407f6414ca8cb3cd5a2c735e2254,fcf6f085bcde1a2464ac72f9d981befc0b3b6fc7391db0a682926089600352dc,p001,p001,swipe_left,7,2,accepted,,train,801,35,1.1520841000001383,35,1.0,0,0.23278070887175506,
swipe_left/p001_swipe_left_0008.npz,573fd4e864d3af04fd92ad4dec51930587d95393fa3b3768c48db7dd990fa6bb,710c10a304f25b0ed4127f9f83ed404e0917930a6af3377b9c4f1daa8187bbd6,ef40241340e53431722e9abe15867cb53fc9a179578104c5554054bbb4b5915c,p001,p001,swipe_left,8,2,accepted,,train,802,34,1.1201462000008178,34,1.0,0,0.2649471778426638,
swipe_left/p001_swipe_left_0009.npz,b4e894a7f57a8d1f9b37746abbb36901ecf9d7bd73670d8f97463bb150b2f2c0,5156f4efbe1016ccd3354a13a65e6e178e5dde2e3d2c9acafa5b5b43937ff52d,1c6449fef5f5c4e08dde73e12054ceaff58b23f16682dfd0883451bacc085554,p001,p001,swipe_left,9,2,accepted,,train,803,32,1.0400468000007095,32,1.0,0,0.2303675194954306,
swipe_left/p001_swipe_left_0010.npz,eb98f52dcd12faaefa419041510d0fea68eda58b2e21526a6d703ae45bc92b4d,936315884804db06b277b11ded942503f20938f971024982f90e5478bbfe1618,625a7f6d34448f23f0d126848fac046b836b14449494c4a74fe5d87c14bd31ef,p001,p001,swipe_left,10,2,accepted,,train,804,25,0.816002399998979,25,1.0,0,0.26638828651990804,
swipe_left/p001_swipe_left_0011.npz,33f6347cb6f88dcc5bfe0862a04b42f13af3c21e3cd03bfc15b9f892461b0b69,13bd1be3fefcae10818150c2d3de4927cd3edc400c146be8700dc546514aaa80,91b3f2a35f0dbf94829c2ee3f4c6a49ad3432fad2991268eebd170c4099fd4ce,p001,p001,swipe_left,11,2,accepted,,train,805,24,0.7680154999998194,24,1.0,0,0.26923590786897267,
swipe_left/p001_swipe_left_0012.npz,d28029785e5d8eefd226d75d4d449dd1564bdfba369ea444a6cea6424d55277d,001f508b57af44cedcf2e1728f18f4c57a96cee662d5242d3fbb75f30b40bc8a,0d2e79111abf7897fce58934a9f62ec5bedaccc4839423991dba4d6b5a478a93,p001,p001,swipe_left,12,2,accepted,,train,806,24,0.7680163000004541,24,1.0,0,0.28026337608194646,
swipe_left/p001_swipe_left_0013.npz,2e4e626737cbb4d74b81d7b481cab0f1203e2eb87527f6cb715afb11d9a66236,9cdc5638512124000653d62132e063caac22f4fcb1f3ef5f953e8c01873c8fd8,cb2d1f6f9280c0ce5dac8266385d2ce5af135d51ad6d3771191755f16ee03925,p001,p001,swipe_left,13,2,accepted,,train,807,26,0.8480077999993227,26,1.0,0,0.281480119756011,
swipe_left/p001_swipe_left_0014.npz,399bd42c8a329adf825bc2876bf90ddfd7e7d26b56e0147af45402eb4f8612e6,700dfa6c2bb7c53f280a4dc5e3b45f5758dece0faf2361396ecb3f2c0d803c25,1f822d6c38c1bb776d6fc1ecd99c1bb97715a9d70a4d1963a66c614d3d5e24d8,p001,p001,swipe_left,14,2,accepted,,train,808,30,0.9760769000004075,30,1.0,0,0.26819847102793537,
swipe_left/p001_swipe_left_0015.npz,cd52b0695922498e0220d7332b09b0a124ace00b665d7a268010cf23b58b768d,84fbfdda3c9ebce6c13c3f9ab2e31f3f87c1f4875ccc2574fd5516e14d771c35,d6d886701e44d5d3002d095d517337340e254365819ce6503841c43e0bed5f9d,p001,p001,swipe_left,15,2,accepted,,train,809,28,0.9119213999983913,28,1.0,0,0.26754614639017205,
swipe_left/p001_swipe_left_0016.npz,8dba28cf54e18944769aa9c502fe22130ea3afe9a3c151f18468a7148f799925,764695c004c3d1fee7b78d78667b332e50af7023ca06207464d11a09d604f259,b0a2d7f9205854b5658b8a19db14b3ef0c3937034ed9d3775cd5dbe36b55182e,p001,p001,swipe_left,16,2,accepted,,train,810,26,0.8322533999998996,26,1.0,0,0.27138079223799844,
swipe_left/p001_swipe_left_0017.npz,c364a781675b0b85d8fb72629f614f3ffe302fb7f1db72d1732bd84ff57b58b5,9aa12c33ecc24266f6e646cf82f473c6e75d6ee696ded81be354b9085afaf835,a612b524d976115c0adf208841e44e38d1a6dceee8bf783f3a8a66efca04ce8a,p001,p001,swipe_left,17,2,accepted,,train,811,21,0.6718440000004193,21,1.0,0,0.28249724601656545,
swipe_left/p001_swipe_left_0018.npz,ca9158718d81d39296242068d2f186a68063990f9d72a1934f239d902181e7cc,3364ad21d24bbc1d33a60efa060098e8c792bf84fb1c69338e4d5cc1f4365b88,b6a42d47ec06a3607a2a1057ba01172cb6cae16fb1c12fa072364b24b33918b2,p001,p001,swipe_left,18,2,accepted,,train,812,29,0.9440606000007392,29,1.0,0,0.28086977123846535,
swipe_left/p001_swipe_left_0019.npz,5d3cf688bf4bbfbf2c4967dbced8921b91c68b33c562b32dbccfadcc63a8043b,2185cd3d26def485d5bb9d1197f263256bf7e9b7b0c73556266f5f933a96c6f1,bcdcb1aee85c4be80036b2937481611cccfaed96135081ecde49037430f42b87,p001,p001,swipe_left,19,2,accepted,,train,813,28,0.9122255000002042,28,1.0,0,0.29120541983691905,
swipe_left/p001_swipe_left_0020.npz,0e15c3b7cbe2619500325880195d264f65b4dc4aba39f171d696822fc5705543,4371eba8cce8d8cae6a041219b9327b03e6b962a9b686e2d560634f2a686d41f,6fe9a9720c5f853916a3a6230e38662cc44486330e1bfb7116f7221648216d3b,p001,p001,swipe_left,20,2,accepted,,train,814,23,0.7360055999997712,23,1.0,0,0.27644300361302754,
swipe_left/p001_swipe_left_0021.npz,17797b872afc93a9880db0ae6fab753de4d5188838091d514eb7e5583265cdf2,3d5e4bad27ade922ffca97230d3d0dc77b0cf10dc110bb28ab695e060715e7e0,0b3e69b78fba8b902abacd740f2709857146f13fde3f6ef7f5fea43c8cfc9cc2,p001,p001,swipe_left,21,2,accepted,,train,815,25,0.800211699999636,25,1.0,0,0.27654394749212663,
swipe_left/p001_swipe_left_0022.npz,afd03f1ca6f743023c147bec837fe460cecb359498e3cee488daf117b926bdc2,21292db2f44f426e248c4d56bb68ff9b8feda6e0214feb0dcb5aad8d7fbb8c35,69d92a99522e0faa8a2977f7c9e20892b6a9a829520c71f44fb0e5359fc6c2df,p001,p001,swipe_left,22,2,accepted,,train,816,22,0.7199731999990036,22,1.0,0,0.27380409096590386,
swipe_left/p001_swipe_left_0023.npz,0a090e0388970cf275c83ba0c00a8f6caac1392c3964ad49e4b86c6fcb9ee6f5,38419fa8eeec81dbf169d64a5ff41a11173ddcc222f9979956edae1bb3ff9e56,97626664bcd3f8d7b6b8677fee3ddbcefefe59d61e45909e91b15baef36c739a,p001,p001,swipe_left,23,2,accepted,,train,817,30,0.9759045999999216,27,0.9,3,0.2802618412815792,
swipe_left/p001_swipe_left_0024.npz,7c094804683b7f684587f71b1f1d86268cb6ff0e3603dea309e704ad1255b0be,032281ab76810382f3c01cb1119588b137afe80593d0e55d650fa380e90082b1,b147fa98cf5d055d5e95ace11b01670df4e3c3e5fd100afc8ff353dcca549e26,p001,p001,swipe_left,24,2,accepted,,train,818,28,0.9119702000007237,26,0.9285714285714286,2,0.28786165375597583,
swipe_left/p001_swipe_left_0025.npz,929859e7c6a90ca3bf666c3ea67a1c51f4e74c661fcf3ed7c74b478c27c78b11,73c9ba0223448bb53da8678f170e1af5645a257df3bede844b9d994a4fcd63ce,d6c9c669656916555521c1c181d605eb1270f0f3f9f185e9ab410931d34eee5f,p001,p001,swipe_left,25,2,accepted,,train,819,29,0.9432904000004783,29,1.0,0,0.28373733478363733,
swipe_left/p001_swipe_left_0026.npz,c4b883418952dc2a4d50adb8a66c45dd3778924c2dad9aa25aac5a40ff371300,1438311da7d3213038076416fd01eb698c969f0d0426c4bc779a9691d98b141c,2c9d3819b6451c17b2134bda821f0524712c310ae62c5e739bc140a258fae28d,p001,p001,swipe_left,26,2,accepted,,train,820,29,0.9441628999993554,25,0.8620689655172413,4,0.24248408721306342,
swipe_left/p001_swipe_left_0027.npz,16b3bcdb8065de15415c4db314402dfd0bb23fff32e85bf4a350be3158555872,c2f6aa445d62bcde06e6afbe5734b6ba19e897a1627a417711a3eb4f2797e6c1,4a210d81e6357cf793a70b7c81847f13cfe9293683791d60212ac78fee51be77,p001,p001,swipe_left,27,2,accepted,,train,821,27,0.8641585000004852,27,1.0,0,0.2635170559533702,
swipe_left/p001_swipe_left_0028.npz,cbe209ea96c9654d6d9b70405dd8be6e764e3100427489a18a26412c1e217626,45f8f853491a83509a28ab79f55a6fdded24cd657038dce7d885adc4400ecf30,9df570b43497715076ba1dab1702177cfa40247246436216b0b22572a291de9b,p001,p001,swipe_left,28,2,accepted,,train,822,34,1.1200025999987702,32,0.9411764705882353,2,0.2802543830864085,
swipe_left/p001_swipe_left_0029.npz,cb7c00d668a6bfe0190bd9f405891aea7d2940a9610a70ec201a8ce486936eb1,db6b1159935336bd8762fe90e3922a8b0ed83c785d97904a6de3ab226c2b260f,7a42463af0aa7d785eb8575e77f0bf8f9bcef87ff2c13e8ccf3da4020b9ff847,p001,p001,swipe_left,29,2,accepted,,train,823,32,1.0401696999997512,32,1.0,0,0.2717925760204135,
swipe_left/p001_swipe_left_0030.npz,ffc52aa9321403f56cda6f04ac575973a050e90a59b9f4c658526464f4093a6d,ac6950e88f8e7c889b7bc2499d7eec4d977f30d56db9e23a4cb7f069a666d73f,d300d05503b99240f4dbc9feff40802b886ab6af585a358b727ba04b689eabf2,p001,p001,swipe_left,30,2,accepted,,train,824,30,0.976433799998631,30,1.0,0,0.26966743803462234,
swipe_left/p001_swipe_left_0031.npz,c7f1c2935559f2f1299e0070b0bfb1b9e21dd52376c362921008e101123858d4,76295c524222f43e449cbc86bfd8a35ba803e64831f371f1d53566f77e5fcec7,9967e2f1e008856c62b8be4f1aa4f2a2f8b4894dcb142bfa052bc81f343b4276,p001,p001,swipe_left,31,2,accepted,,train,825,35,1.152059800000643,35,1.0,0,0.279338092648716,
swipe_left/p001_swipe_left_0032.npz,ade57d77053e651b389c7d09f65e26ab8417919c09e0d17ab1bfdd9c849e625f,3c0f4479dce34a38cafacd36387981ac926d31580e171427fe3a984d3c0522b1,f8d667d2e9dc9b5cb44584caec7b9b40809afa0a5f0d26cea235cb3ea92d266c,p001,p001,swipe_left,32,2,accepted,,train,826,29,0.9601488999996945,29,1.0,0,0.25095829251167123,
swipe_left/p001_swipe_left_0033.npz,54c250ec3d6c758865ad20c7274e9eda36b11133d776296b0aceb4d8786cbcb1,81e2c18f6a2333f9a9287792553fad9d3d6bda992a83e4c1528a8b6c678dd453,dd9547935d846501bc54df1c2f26362c13fc8f8265a94a1e1d86e16616c2434a,p001,p001,swipe_left,33,2,accepted,,train,827,26,0.8482246000003215,26,1.0,0,0.2574554965988435,
swipe_left/p001_swipe_left_0034.npz,64a09cb02c72645561a3dc5c848fd841ef487fdfa62d0c17e004fe673a4d17f3,10687d4815956a0cb61cc3c7b709327d66f7e0614ca3afe42e7d4c496a30d85f,7a67b06a8c6fd273eb025de904e12dda8be1c8e485e54253d870603eb37051d1,p001,p001,swipe_left,34,2,accepted,,train,828,26,0.8320822000005137,23,0.8846153846153846,3,0.26180396813001144,
swipe_left/p001_swipe_left_0035.npz,da549a29a3f79b85fabd254c1ff1d5e2bb4a749628e5838df8da79c6279f9fa1,a06c2c3490203b872011b9581ed9d0a5a4aff6a6930ac070dd6252ae4de31672,920018792024530fa8b27b46b8354f386d0cacf5be794e9a9cd1bf8a7d9acff0,p001,p001,swipe_left,35,2,accepted,,train,829,32,1.0559886999999435,29,0.90625,3,0.2592856128273185,
swipe_left/p001_swipe_left_0036.npz,b17f9478addaf8969be6ca9198c246d779e2091c7232524a459057993afde190,1f5f1faab0dd101ef541de48a77332404ad17b65d96b5ef1ad014c080ff4fd59,d50aafe0a0e83a8bb8be3e183a6fd9ffd5c21597be002e7423129c0c3ee81f53,p001,p001,swipe_left,36,2,accepted,,train,830,35,1.1360557999996672,31,0.8857142857142857,4,0.25893084338553496,
swipe_left/p001_swipe_left_0037.npz,572696b6e1c6db6a04e4c0ea2d62156b59930feb31e7c5754003ee65664fec0a,4b2fa127b7d37a2f0e3566ea4a6cba88ab0722a9281cc4ece0857adfd8284abc,05abb720a98af68f190ffbf92cf0f6c5e5b068ad7af4d1a1304788ecbe940b8a,p001,p001,swipe_left,37,2,accepted,,train,831,36,1.1836865000004764,34,0.9444444444444444,2,0.26764288463328556,
swipe_left/p001_swipe_left_0038.npz,0a9820eed3b5a8301a3f85191f2f0ee3203be124378b3a6a47ad585e6dc42676,633159c29ef4cb5831ba30079bd5b558bd8e9f09547b0cada0c784d2330dab72,745bb16d2f4bc74453e3aaa2636d79880964094c2bbd72f0bcde02535c6662e1,p001,p001,swipe_left,38,2,accepted,,train,832,30,0.9759443000002648,26,0.8666666666666667,4,0.27773950116886115,
swipe_left/p001_swipe_left_0039.npz,2b1a6130752195ad079624afc2cdc68e6b55dab5c647ef6187fcadbf86316d54,60d7116c13320076a57aecdf57b1978157abc1059fa62f388c577778f862e262,17a670696f563499d9a4ba05c9c1d4ac9b5b432242f3d56042636eab670be1b7,p001,p001,swipe_left,39,2,accepted,,train,833,33,1.0719907000002422,28,0.8484848484848485,4,0.2655791267931947,
swipe_left/p001_swipe_left_0040.npz,00c797c37e111da724b731edcd464619a7d1aff61c6312d99c648605efb2e145,6823b6167673c541ede93887854f098fb44c7bdbcc1d4b791350e7a8d90eb5ca,a5a2ca2ab4cc962d0d6ee4a6462dc86a77edca9aa2806cfa8be8e06f2d3d5ddc,p001,p001,swipe_left,40,2,accepted,,train,834,31,1.0080572999995638,27,0.8709677419354839,4,0.2669487889860494,
swipe_left/p001_swipe_left_0041.npz,6e35503aa3e3f1bd2c39fa3d57d8120c34dff16cdb559264efcd108333805fe2,fff3359d7a2aac592d3e243fb3ad1a92f70fbe9d375c238f68cd2d655c01cb6b,a28de1d694beac6fdc61633c18e5a053d5384a8ef519659b90dca55a4ea6e981,p001,p001,swipe_left,41,2,accepted,,train,835,29,0.9439268999994965,29,1.0,0,0.2587539628661068,
swipe_left/p001_swipe_left_0042.npz,0e784049279bbef3bc3a4060fbde549af86cd5e0e39d42ba8702fdf9ea9fee27,51af8467ea0519cb0d06c3d6007f8ffc06e1c229a9f0bf97453969678cdf207b,4bac4d56b9891317b35fa34bc99bf5640cbfa7dab26073fa52a4d7844f0b495a,p001,p001,swipe_left,42,2,accepted,,train,836,33,1.0719177999999374,33,1.0,0,0.2741431761064136,
swipe_left/p001_swipe_left_0043.npz,41350ba8e14ea63fc3757985fbbce27b290a995f1e66c5bbcbd921db5bb069f2,9e69ef463f10da57e4af36ced6dcf6c3388d7a49b31d2fc80fe689f54dea296f,9b54ce29968a1157a8d90d95f73eebf8b33de9a95fc73583640166fb2097e8f0,p001,p001,swipe_left,43,2,accepted,,train,837,29,0.943868599999405,29,1.0,0,0.268867632862731,
swipe_left/p001_swipe_left_0044.npz,c679d2079bcdb9017b128e426920e99c3d958dfd7b1d04e328ae50f9ab0b2ba2,64cd2368b801a87c5544fb0304b2501d3ff4ad06180f37df808c1dabb0ef7b0e,6d469a954cba038d3633aa91af53c8826b0327ec45b49090daf70b4e290a568d,p001,p001,swipe_left,44,2,accepted,,train,838,29,0.9439322000016546,29,1.0,0,0.27694547470383934,
swipe_left/p001_swipe_left_0045.npz,442cc546b26642aaae58af814cdca2af4a39230b794e7925f4b6917a3d643a01,d8d6aa49db3c4e4d4e65badccfe17e4dec8e29d387ffa5a1345029dacbc437b4,ee73e5c46a670a46f1a80bb75a8a582a972df43fdd46c0c836aed76de9124e97,p001,p001,swipe_left,45,2,accepted,,train,839,33,1.0718871999997646,33,1.0,0,0.27794351439115,
swipe_left/p001_swipe_left_0046.npz,b16142c381de60d819bc4df84d824178616753c5e7bd2535dddb2032ad2ce088,2a10c5d8157dd15b7a2cc2ec0b45d2fbeb08cc3dfb5ac9b11171bf9574896ec7,d6995a1a81b7561871f1fed9c48ce4d3402a109ecfba049641a150bbd6771a7d,p001,p001,swipe_left,46,2,accepted,,train,840,25,0.8000579999988986,25,1.0,0,0.16593378019696048,
swipe_left/p001_swipe_left_0047.npz,8d02cf6920a1c7dc307095b23e31e67106da3dae745b06a7dce9e4a6aacd484e,8a647abe0521dc5642ffa9615db247dac1ecdb9253dc86d1269b03d15b590f0e,c1ea36de20be2de77b588787ba4089154404b98a101ed56ea1e65227572a91f3,p001,p001,swipe_left,47,2,accepted,,train,841,27,0.8799438000005466,27,1.0,0,0.17996785597548148,
swipe_left/p001_swipe_left_0048.npz,35d8ebd6ced4459ec5564b3356a16345237d9268d7165e4fdd55fc6c7bdf42e7,5ea2dd8381dec4836fa11266c4705ab4bb249d504f83ebb717aa410f4d5c6560,e0d2e9de081059515c58f71146eb04e62af23a2b433e7993403c6b0320d61c14,p001,p001,swipe_left,48,2,accepted,,train,842,28,0.9119596999989881,25,0.8928571428571429,3,0.18304606005037466,
swipe_left/p001_swipe_left_0049.npz,64843514dc77d111194420eac5ba6e2f20403028ad98302e6daedfe478e5345d,7587622a0a496bd46e6ec540de26287c1e3e3ba68d401d2f4f7ab55bb6767781,4ee9610e6506e5527c898c8e25f50ec7172ec82eb8654ffd009b95bd291a7568,p001,p001,swipe_left,49,2,accepted,,train,843,32,1.0397941999999603,32,1.0,0,0.1869380956084094,
swipe_left/p001_swipe_left_0050.npz,26f2babbd733d9a448a076806f691dcf222e27f676ed1eb8c8d47852ad2420b1,c5836c71094dbb59493999d3604e3b3b03ce947c53a94a044b0abaee7902efd9,4f56486852fa633db7cedf221308b423c4f69df530826d91edc9a02095d23005,p001,p001,swipe_left,50,2,accepted,,train,844,27,0.8801055000003544,24,0.8888888888888888,3,0.19333149764247703,
swipe_left/p001_swipe_left_0051.npz,b12f3ef7588cc44f5ffa212f015bcf9982db860bdfca800debb163e66622c438,7201caf5f8e7645fb1ac76c9f2962479c960c21064c79c31c5c58a91b03dee31,d04fcaf0007bc4ae9709290a4b3470e412d320673de190f14c3a818c5eedbd5b,p001,p001,swipe_left,51,2,accepted,,train,845,24,0.7681658000001335,23,0.9583333333333334,1,0.18291493879540294,
swipe_left/p001_swipe_left_0052.npz,637b0e9236d281fb83785bfc1fec8c59362b717dfd74097778393abefe885544,de1103a9f8dfed05433d3cb0912e310aba6a1f5495a7c61c7e0acca37d39b5ab,d1696c0d552d5489b01599335471ea68a114ba43282c2af72f7c38c423f6849d,p001,p001,swipe_left,52,2,accepted,,train,846,32,1.0399870000001101,32,1.0,0,0.1833248439572857,
swipe_left/p001_swipe_left_0053.npz,1d92190522498466be809983d71750741df24552c3b1dc0c17f9432de914d021,0e90b0874a57878d38d68b0ea69c6b3d751f246b316c40ea1f4f6a745b80f072,df985e2cb1f3530a09bd6430373931d633a927b555658336800f9aa6ccbfe3cb,p001,p001,swipe_left,53,2,accepted,,train,847,27,0.8801989999992657,27,1.0,0,0.1877989765469897,
swipe_left/p001_swipe_left_0054.npz,50aded94d2faf7f7dcb885214d986fe6dbcf707f27ed006fc3a7cb275ec66842,cc7722567bf26505c3ae303cb24ac92f2c802fac17c2349c45166759ec532ba8,06ac637685f20804e82a3037e68bdaeb58d3e33358ab64fb22453c1bf2fc4b03,p001,p001,swipe_left,54,2,accepted,,train,848,32,1.0559416999985842,32,1.0,0,0.18528607546821646,
swipe_left/p001_swipe_left_0055.npz,1d84de71618213e989ae63fc5b6729866a9e2e6b616d86fa1488137e71303713,27ea2234fb617849307928a1af2ce5da46ccdfa73c1999a14186ef52038305d5,f10e6d9d619e1d37ca1138ab81a9dcd1c9fe02965475bd5c4c224207e403ceec,p001,p001,swipe_left,55,2,accepted,,train,849,27,0.8800362000001769,27,1.0,0,0.19267272413592326,
swipe_left/p001_swipe_left_0056.npz,020d4f748528baaece6638022ecd2c72a6d54a154d444a6ec7b99017893ce748,d29ecd11da5fc8d6b544cc496565572f78395e667f22d542a6a6fdc112ce23f6,76e18ea6af77a36cbf6864afd41f3c6502a5e92c65195696701a08d2c3e42116,p001,p001,swipe_left,56,2,accepted,,train,850,26,0.8319050999998581,22,0.8461538461538461,4,0.1812780048294423,
swipe_left/p001_swipe_left_0057.npz,841f471770798084b720748903db86b313a719970ed7aacabaea3f685f41052e,fdf44bb34c896f906a3b1ed19e5b2e979a348e0155536fea1ae1b7d1fc788082,574fe1a3b29a7580ab27c6b20542afa49d436ae51123fd89b45d1de267760430,p001,p001,swipe_left,57,2,accepted,,train,851,35,1.1516959000000497,31,0.8857142857142857,4,0.18121496038256799,
swipe_left/p001_swipe_left_0058.npz,d7afc774a50b25f1aedf7ad90b52c91b5e42493dc5c5bc3bd020a502cccb5281,0d23e6ab2195c1bf39b801d30a2a362050186479aac71214619bb26bce3cd743,607b16855e5958ff084f3a66caa3bb4bd1cc1b9c17209ac7d76ce045d9607646,p001,p001,swipe_left,58,2,accepted,,train,852,34,1.119977199999994,30,0.8823529411764706,4,0.16391875894741642,
swipe_left/p001_swipe_left_0059.npz,4262cd9ace254e2b4023db92bc7a4cfbb7f3c08e0ee5014de75ba8b7410a7391,cb124e61f44929b533dc752761db3c1a1cb84278d23f30c39c7fb8b950158378,84d0340eea370322c7b75da08e22891756a39af12b003ec3e02421a611482cb2,p001,p001,swipe_left,59,2,accepted,,train,853,33,1.0720032999997784,30,0.9090909090909091,3,0.19166220077374896,
swipe_left/p001_swipe_left_0060.npz,d850cef8cc114bb1ab73c53bd27f5f65e44604a76b7e64c1ed032398bd3c0eac,620f94795082b0dba783c704e7d40abfa77f696d1226bbba249f4b8263479820,1e765c12f466f1f2fa76e6487b1c9feea6f3200ec713ada0f57ff0f787f87acf,p001,p001,swipe_left,60,2,accepted,,train,854,25,0.8160105000006297,22,0.88,3,0.1612464214118956,
swipe_left/p001_swipe_left_0061.npz,ae0b340cf82332c18e7a53e864e97b7c84f7a7e2e1d4756ef7da70c8fbcc61a0,a9e5025cff542d708d0733f07f7f1a7f28ab7ff93396a5cdd0a3ce892e667614,d6f5de2b92338bb164eade219bc62fdc3a36b5d345cd3346feb2ec4adf2f058f,p001,p001,swipe_left,61,2,accepted,,train,855,26,0.8317164000000048,22,0.8461538461538461,3,0.19997296031992978,
swipe_left/p001_swipe_left_0062.npz,6c860ef2be19a4e8d2ecbe7e9357e3d8b3ff3407d812c84ca207941ea13839df,055f8f719ce80969fae41f60c672362612869ad62e8e9e74b6ad9e099916d72d,74f4936fc9aa6c8fae280ccf4cc15978d591cc74f5ffc129fe4df3c22d6c579f,p001,p001,swipe_left,62,2,accepted,,train,856,27,0.880038199999035,27,1.0,0,0.20515314961463088,
swipe_left/p001_swipe_left_0063.npz,746e5c4f3755f38528ea2b19d6e9c58c613a2980365b8ee374a5d596ffe5a902,840497702e670441e40269e09b2b5214905888f49e6cb5ce93b50a689b31932a,d5ae6f2099b4627a3afe4da98a3aeb5822c53ab766c899786042f66e9694c891,p001,p001,swipe_left,63,2,accepted,,train,857,29,0.943742999999813,29,1.0,0,0.2101222459598902,
swipe_left/p001_swipe_left_0064.npz,104750aa2783584252eef5fed6a097e64b3ad86691c96ded6e045e4bc5a28664,e9ae0594c2af6cd531919b2d05606a1860ae2ae38aba96d3b35c0c35b9b76ec1,e3f278512fbe126404661774eee0318ca73066c2e6d4cb7cf48e894939c9ed12,p001,p001,swipe_left,64,2,accepted,,train,858,26,0.8319171000002825,24,0.9230769230769231,2,0.20341745045863163,
swipe_left/p001_swipe_left_0065.npz,bd71c59a52f323172ec35566fedfb901ccc0fb1a0974515d797f5b2547e52811,68d86ae8eb3a06d06c422308879ccb5e314ff0d1b080b5d71ea398960ff16037,3be2d1fd92d611a246090326bc0283981c707794180f89fc5caa8e5b6c0fb7ac,p001,p001,swipe_left,65,2,accepted,,train,859,24,0.7839501000016753,21,0.875,3,0.2044057431840946,
swipe_left/p001_swipe_left_0066.npz,cf6cda2bc6e3614cc18667389918237ccc362b32f4a6cc99e40f42fd52d40561,0b9c76638e8b71e3ece91c3abd98cb1ea307f10cb5424bb18774a6b3245bc026,6719a841b1e9e8419d343f45b90c8f2e0952d8ce3ac489ced08e90804690821b,p001,p001,swipe_left,66,2,accepted,,train,860,30,0.9759476999988692,29,0.9666666666666667,1,0.21076753483341684,
swipe_left/p001_swipe_left_0067.npz,ee30768500ba6962023d86728404e44ad0f6078a43452ef7f230c0ce3462e8e2,f365716314386c040a5672515ecf0fdf583781b08008197046e4958065e3b353,9faaf90c944159656aecd621da758d4f96e9b9d15169e34f4ce3cb4275fc596f,p001,p001,swipe_left,67,2,accepted,,train,861,33,1.0879447999996046,32,0.9696969696969697,1,0.2150998380795313,
swipe_left/p001_swipe_left_0068.npz,30ea807c53578114831009610d6ff41d266d9bd72feba5423e162beb45e8340d,43b47a928c4979df3808a9c7c9e80ac57017d481e4708b8df39f7f74a1f94b84,7e9e3bef0937d77a11c9360faf5c1c1002e342e7a91fe405ca0bc98431a8e0bd,p001,p001,swipe_left,68,2,accepted,,train,862,28,0.9120732999999746,24,0.8571428571428571,4,0.21520827805033876,
swipe_left/p001_swipe_left_0069.npz,d2ec1bed647ce554e82865026ebeaf5c53f8c6b7477811cbaae5b67adde672ce,a43efaeb4c3267492fda45a3de5a46ce63936134f8441c8c32447c48c5c3404a,837c42eab8c5088dc45f4a30a7e017c6335b648c20445a046d43b2af8f2659bb,p001,p001,swipe_left,69,2,accepted,,train,863,26,0.8479772999999113,22,0.8461538461538461,4,0.3510831062014631,
swipe_left/p001_swipe_left_0070.npz,652863f4f3da05a9f6adf4aaa9e7bb15d3848d2e393cbe3a74b380e7ecce11e8,f8c36068a85dcbef3940ee31f7dba519091bb211089e3ec08d1a82ddc8267a54,995551e63ceb6365e985d4269e3cd87f226eed9b473a3695af4f3e50e8d619bb,p001,p001,swipe_left,70,2,accepted,,train,864,28,0.912039900000309,23,0.8214285714285714,3,0.3310456685564229,
swipe_left/p001_swipe_left_0071.npz,d242634eadb9280aa330cb99fac817354763038a47461922b3f29214de84ca29,3efe62e5dad93ff26971bf6a431d73b986a388f4a3756f91a536b51b35847d89,d02536eb35c6964dd03b6dd7757afb8931cf4e757c8e5b101b12507c4541590b,p001,p001,swipe_left,71,2,accepted,,train,865,31,1.0077614000001631,31,1.0,0,0.3507272979158873,
swipe_left/p001_swipe_left_0072.npz,182b086694d4b98c0c3142c90f31dcead0bb3f202ce7cf329a41c6e3a0509c09,08b81c95413762cad8aacd17914328578cc4661c4cab79a6bca897a2c207f107,19d8266f701b5526c021d7c7e43ec131d05424dc9039769233f74a0f99c15a29,p001,p001,swipe_left,72,2,accepted,,train,866,32,1.0558711000012408,32,1.0,0,0.31656185322928715,
swipe_left/p001_swipe_left_0073.npz,8865c895d91284df973911c1d1ed63959855dc9b8280351027f290342060365f,346dead7cf1874d55433a10b7f5d3c8569fed4f5c755ecd474d2d4fcd036ab67,cdaf424a762d04524e375d8e31e06cce29a6d5e775585fc85f5ee08c79d8d90b,p001,p001,swipe_left,73,2,accepted,,train,867,32,1.0559310000007827,32,1.0,0,0.31401662494977667,
swipe_left/p001_swipe_left_0074.npz,0e98dffd8c76d44a7e07f1583281699ebdfd0474ad3928728d0b7df9f32bf31c,90cc8c63cf703c501d7a167e88658119d15a3057ed78e092ffe5ae540faa0964,040d23cb6bdde7e27a8a0abbc863a4c735c7b61d15dbff5364dd76e68fff8339,p001,p001,swipe_left,74,2,accepted,,train,868,36,1.1841942000010022,36,1.0,0,0.3055515708831759,
swipe_left/p001_swipe_left_0075.npz,d6111b5b8133b4334fbb58724811584cb409667f5fbbf8b07c0276ee404863b1,1973251cd1dfad098ecbc14273307ac7400a33de538dd392a3e1bdd0abb43e2e,18babd845e9de39bc63d00bd1f7ab3b6ab06e5b6d377efaa8fa29373a2ce059e,p001,p001,swipe_left,75,2,accepted,,train,869,33,1.0717654000000039,33,1.0,0,0.30048644559690285,
swipe_left/p001_swipe_left_0076.npz,91cd33a23a5e5561e4dbc3482f1a93e9e796ddaed47639bb66ecfb7e292e8c20,6f9fc7f39bb33f1737e777e320154babb78ecfc3888e95271556d35e09db98db,fa3212cc046ce50c3e5feff1f00df2afbca89d0b9f6990d30aed31ee1af62f30,p001,p001,swipe_left,76,2,accepted,,train,870,30,0.9759151000016573,30,1.0,0,0.2924832893322489,
swipe_left/p001_swipe_left_0077.npz,dcfac8a8b39707031e263208ffd4f9485cd2f484f67f97281cabe14cc7a783f2,6b8f7c30aa26f5f28e2d8901b93c370b1695b0ace58056cf643bd3a719985b05,905ff2f695b13a65b3f7f8c9a309b145d2e29e2a7c4c067a2ac6284415232921,p001,p001,swipe_left,77,2,accepted,,train,871,30,0.9921661000007589,26,0.8666666666666667,4,0.3008945381402584,
swipe_left/p001_swipe_left_0078.npz,6e48162e2cb0c85d9e0031c6f2195ace248a743ca0da5efe7eb5b33d447ae0a6,3cb52934779b2329e960ba847f7d59478347a1794418c356ac734df9a273e87f,73b6b48b9fdaf9a04010406a358f266866aa24a25ab2b1ab1023ddab9bda3040,p001,p001,swipe_left,78,2,accepted,,train,872,27,0.8800428999984433,27,1.0,0,0.278117852378353,
swipe_left/p001_swipe_left_0079.npz,d76be9a591a2ccf2e65c9d07f6d145c116b1d557649197c3ef65d27601b084c1,d1beff309608c51c1f602d84bca2e73c7460c13b1f34f09a1a9de11c95fa2a41,89a6ae2cd389ffe64002c56e67b408481d391546edd765e5a0f6c03f6a597f98,p001,p001,swipe_left,79,2,accepted,,train,873,26,0.8478973999990558,22,0.8461538461538461,4,0.28139508915354094,
swipe_left/p001_swipe_left_0080.npz,3d4ec184c89d14d8caf7c4ccbe33da0748eb817e2ee5477b2eaf3a1a67428b10,edc308fee581d36ce8fd09677c0e449fbd124e75168da9e780f90b40752f2c0b,babb8c4dc32e8d9c6365b53ce7fa90896c588d28384ddf0cf33c235a07d80d65,p001,p001,swipe_left,80,2,accepted,,train,874,26,0.8479017999998177,23,0.8846153846153846,3,0.27043089134686443,
swipe_left/p001_swipe_left_0081.npz,c80ab7ac537d3fbcd699d4bda33e5bb262ad3b2225d9f608c9e35ed80ad053b5,4e869ca362a45594ce0e9d6191a0d4604a3d5a052609da2d22f9b5b6e9f7e0ff,8b49f3e7632ffaae60940eb5ac72cedfa62a8fbb67c45fc5050bcca280222e89,p001,p001,swipe_left,81,2,accepted,,train,875,26,0.8482112000001507,26,1.0,0,0.19941132433501027,
swipe_left/p001_swipe_left_0082.npz,4cf4363d82085b6f9f43ba3876db9c0bff2279ff74727133d26978ed4a18b8a4,b9ee36e79cfada58c9cabbe980ab0d2f806b2a9901a217a16fb3971af4267721,41cd10e1f694bcfeb34a49a9bd4cb461c412e782565d7d4941bcf2296de378bc,p001,p001,swipe_left,82,2,accepted,,train,876,28,0.9122141000007105,28,1.0,0,0.21427784786805265,
swipe_left/p001_swipe_left_0083.npz,9dde57c9bf13da5d35e0a83f75cba3f6124bae7a56e75f90f81a3057fd284c44,07a41ccd57bb2acadedfe6dd8b45a49ba2c6d8002f453f534a59bca22b9262d0,ff4bfd37d77589935684a96bbdde6f1f76827f9ba488bdfa204136af6e83ca7b,p001,p001,swipe_left,83,2,accepted,,train,877,30,0.9762745999996696,30,1.0,0,0.19521269722143736,
swipe_left/p001_swipe_left_0084.npz,b99f2f397b9df465a6e38401478fa203612d6e01561a8954256781afcf13eac0,3c6de33bba712ff394aff84b769ab8473384aa0624d7daa009d0352f29f763a8,18567eb65aa109cc16196b577265a54a82dd4279a77936fce3bd1a0fbcd0afa3,p001,p001,swipe_left,84,2,accepted,,train,878,27,0.8802110000015091,27,1.0,0,0.22693261586589253,
swipe_left/p001_swipe_left_0085.npz,2bde1c503bc24d23e718aedae9fc94bb73c75bbaf6ba980b888038d51e59cfa8,6b4ad504bc12693b14269dab7bc3bb246c9ca508c07df260b9344cc95dd327e5,4d77d71be62c774aa4f1bb52bb111c23008a796872ff7962f85cb129f030823b,p001,p001,swipe_left,85,2,accepted,,train,879,27,0.8800886999997601,25,0.9259259259259259,2,0.2239608024712614,
swipe_left/p001_swipe_left_0086.npz,76fb5102fcb33002063d0349883e74d7a0ab28fe8842efd7bce8213bac3cd986,9bfdfd4b4cac278ff706baac52f7944d68ff880edda044da614dffd43cd0a3b0,7a4f9d7e952c1074d130e5357a1ffd9025071c04ff0d4b447c29c5911d61d989,p001,p001,swipe_left,86,2,accepted,,train,880,27,0.8801007000001846,22,0.8148148148148148,5,0.2048634591442552,
swipe_left/p001_swipe_left_0087.npz,fb5f888f659b6d1f3e372abd217b4c47326fe7f33927145d0a1c02657f3b1202,d6eb6ba449ea30b052edb3d8e0dd7476ea22b51475e2bd13ded813771bd7b982,9a1f7a669ac099753c338bdbfcb3205c7a7ca3705019db3c463b456a234ce04c,p001,p001,swipe_left,87,2,accepted,,train,881,27,0.8800517999989097,23,0.8518518518518519,3,0.19293429705672047,
swipe_left/p001_swipe_left_0088.npz,9907b1457890b88da4e44e9ecbc083fffe0abbb7d3065a29eb41383ccac9a95d,5fc48fe40ba14e0ca619df29f283307f3dab9258f244e093cdf854527ec15495,56f83d962e40639447ab744fde25b3afd78b6d1c8866f9add135fc92845f2c0e,p001,p001,swipe_left,88,2,accepted,,train,882,22,0.7040835999996489,18,0.8181818181818182,4,0.19797442965244244,
swipe_left/p001_swipe_left_0089.npz,f4bb1b0de63c8627441ea5ff8e36939c5717161be9df166e21496e93082bef34,9c136f1fabb7714e85de7b3150059040831e0d837166a9735c20c6f6246a0ec9,2aeddd4650bad25c6b7b91ec1f58d743e8c8bbca1145310d6cd37cb58695b5ba,p001,p001,swipe_left,89,2,accepted,,train,883,24,0.7840357999994012,23,0.9583333333333334,1,0.20050804150423135,
swipe_left/p001_swipe_left_0090.npz,edfcc5005926ffe37f790d0b10e7f5aac36fdd49749688b703dffebbb0a7766c,15819c1930a3d5efc3717591f2af13e513f9b73c6791269787387b7b56aaed7a,71283ac9df9c02925f6b29e5994c48b076fe3ef67743c388d190520a8ee537f7,p001,p001,swipe_left,90,2,accepted,,train,884,26,0.8318875000004482,23,0.8846153846153846,2,0.19961970820046165,
swipe_left/p001_swipe_left_0091.npz,176ff59a6828c39afd534974e1b59210c4dae33f16f274a538d723d7b11b4039,7235593ce47606c4de21d6e2e2c1b87c8849176bb6100ef26f71bf4cce4cfff3,e826094ed5e02e43d8e4bc3030dad1e13305bd9a235209982e13796f3f3677eb,p001,p001,swipe_left,91,2,accepted,,train,885,24,0.7680637000012212,23,0.9583333333333334,1,0.19856486434932455,
swipe_left/p001_swipe_left_0092.npz,f6cdee976e76a7a57b9d72abc5b52e5b71a22aa61ee2aaf40cb17b6fd8e8b823,cadf639073cd49482d0750cd33228dcb1fb6fa150a5fc9ab9d2cadab101b7903,1b124bcddc71b74d14eba2f0ae7b318ca4f987a1dfed5ff8440d8a6d657b09e8,p001,p001,swipe_left,92,2,accepted,,train,886,28,0.9123428999992029,26,0.9285714285714286,1,0.1942302183943086,
swipe_left/p001_swipe_left_0093.npz,ccb60fad1c724793a883e6415506787980d6aee990776668cbffa937c2df4364,6b5a7c7bedc910c5880bcce0d54f0ca19dce9600e3b62f2471949553b5a1a29a,1822175e30112b2b8a1e480598d5423843c12ebb36152eb0f4d5f82636b343a8,p001,p001,swipe_left,93,2,accepted,,train,887,27,0.8798054999988381,25,0.9259259259259259,2,0.1869782954896728,
swipe_left/p001_swipe_left_0094.npz,d7be0aa0e11fc09f4d6d642d1254cfa633bda80b65c516f3bb90cfb0b79eb0eb,38c072d5afbb5d6015017c7bece64e72dbdc47f7dde5791665d872387cc1adea,29cc902f532e21e91356edf2ea841891d6565b78709ef1dc8fad87ad13a4deb6,p001,p001,swipe_left,94,2,accepted,,train,888,29,0.9435286999996606,29,1.0,0,0.20292231877260253,
swipe_left/p001_swipe_left_0095.npz,e8f93270d5402bc80055834e803cbc6ea7b8e74f7b8c7e6e5fb4851a108bfe18,51212083a5b48d1e82cc1f6e1c3ba1fa2b738c088b495196970983830f6271e7,f2228e87766786fda5f26aad952aed1b3bd0e9f92cde3b700f9e8424b9450a44,p001,p001,swipe_left,95,2,accepted,,train,889,26,0.8478053999988333,23,0.8846153846153846,2,0.21479129299917582,
swipe_left/p001_swipe_left_0096.npz,6df1469d14aa09827eb4c353c898a670387e37e37b9b7112e726804d011469b4,504e68c98182e97e174177101c33826351c18c0d31109462c899bf328c6c93b4,221ba1555af8b0cfb34b8b6096682d431913b95fe11a346f71a0c2c1c18fc677,p001,p001,swipe_left,96,2,accepted,,train,890,26,0.8479619999998249,24,0.9230769230769231,1,0.228544929847914,
swipe_left/p001_swipe_left_0097.npz,ddb681149baa610bd7fc6d8e5cc68d1d78b3ed4fa39c699120f6eb8922d82a96,9956fe443dd463a7533123b8e4cf4e38656622f20ab2fa7cf05e5a8e40ab24ba,2f931d6cb30fe367fc4f84a322637bf1ad142d7dcc6eed346709381cf0e4045b,p001,p001,swipe_left,97,2,accepted,,train,891,29,0.9440938999996433,29,1.0,0,0.22244796301991254,
swipe_left/p001_swipe_left_0098.npz,4527a9257b3ffc2987af23b6d75506bc6c2931bc79799db0e180d26130b7819d,4b75cc2ae7dd1e1c24940cc7e302e7fd637f475f30d894d8814f112c3d459115,7bbfcb9a83b113c43cac6e883a063f41179d4df8e4219e34eb46aa296b6b1909,p001,p001,swipe_left,98,2,accepted,,train,892,24,0.7842099999998027,23,0.9583333333333334,1,0.21361096781919886,
swipe_left/p001_swipe_left_0099.npz,423e0f0f74f0103a90f37cc6b4c85c5cdd49db0b1d658415ed52f87d6f60c822,3abeceba88699adaa344563163b5f45265138a07aa3d0bbf745849bafb415f17,e7227448b1cb6f7e1242a580c4956c2f04d868d5b614c95c1f9a283f90a7367c,p001,p001,swipe_left,99,2,accepted,,train,893,30,0.9760674000008294,30,1.0,0,0.213137895412008,
swipe_left/p001_swipe_left_0100.npz,94b9362595fbba05b5deb977bcb10fb11dfc6a7d0cce7ebc0e78d84d8ab58ee9,d8569b1edc24303aeeba13693d2c0b21c6f52e1fe8d716d6b6c47b49b8f35866,87860f0df351831bb7430ace84829f7ec6b0a8c921d7742899c0fe9c19a3b97d,p001,p001,swipe_left,100,2,accepted,,train,894,29,0.9599745000014082,25,0.8620689655172413,4,0.22247553494752187,
swipe_left/p001_swipe_left_0101.npz,804544a0ad889ff4d7e76ce5f8522bc8dcc3c673ebf143feacdd095f9beea0ac,94c8e6c1669badb9a7d57a36a1c578fb553b278827b021438def314f6914a6b2,ebf015bcec557be8c84caf179e6fa555a48f6708e9ce9f49e8a1e5e7254bf415,p001,p001,swipe_left,101,2,accepted,,train,895,30,0.9761665000005451,30,1.0,0,0.20584838816099565,
swipe_left/p001_swipe_left_0102.npz,22192f0ca7ccd3ad9eed8b1ba844db7319616f557b69352bcad82522adb2474d,ffa119689bf5b08566cfe113ac6e5c097271c1609d6df25add075acadc5ba0b9,e3d167c51738f47c3b529f8f542451413c093f0dfe174fe3571b3c9a15efd711,p001,p001,swipe_left,102,2,accepted,,train,896,26,0.831920300001002,26,1.0,0,0.20356776306086913,
swipe_left/p001_swipe_left_0103.npz,5b8c24761f0d5e010bd2470d67bacfbe3aa4a6c0563a1e6c66cdc3dbac9861d9,83a372baf107868c6a4654f5dac62508a528cb71dded2137c44e008388f13789,ee04ba71d352d2f847d9238fa5376f9132d22cf30db671ef1db505afc8de860e,p001,p001,swipe_left,103,2,accepted,,train,897,27,0.8798322000002372,27,1.0,0,0.19965030999353175,
swipe_left/p001_swipe_left_0104.npz,03448862730518122e58b8e1749f791e758d6b8c17a234820cb458f7926c8670,f993d82c194a0f87e77acb3b514c1aa4feccc55a798ffdc8baf7f5232f09efc3,ab7195e75ddb6bad4d8b89ea737f39b816c94bd2c4e9e72f54cf981c1100e98d,p001,p001,swipe_left,104,2,accepted,,train,898,28,0.9122094000013021,26,0.9285714285714286,2,0.21327620605565073,
swipe_left/p001_swipe_left_0105.npz,27ec22a6671a5b4cbca26973e85c2639fd28dac6e42606b01b44a716a02f3ee5,01859b8fcaee8455c636d855ed0c8b5cb384b775e7a018a8ca18e8886a8f2a52,6ddb5b25ff4639e411721858604ba5ec3a689b6d165a64013d687d75a3d4a776,p001,p001,swipe_left,105,2,accepted,,train,899,31,1.0082844999997178,31,1.0,0,0.20872219410911716,
swipe_left/p001_swipe_left_0106.npz,95340bf8ba1a5d03862658b0dc3280969653b20cba37256a8262740f10a2a12d,54175db506a4525c6d6390109946656183358dc59db6534e92524a8ffbf8b748,4cafae0a72b710a24f5df414d3c3aa068d566323ece90df70fa1fecb0185cc44,p001,p001,swipe_left,106,2,accepted,,train,900,31,1.0081647999995766,30,0.967741935483871,1,0.22156113000270206,
swipe_left/p001_swipe_left_0107.npz,4b726462ed7eb7c6ff49fd512a2a015f2b376be92e79bb7c9a9eeabfcc651dea,aedfe7ba6b347a430c24d87ab72271bb5f68680c8c525205f818f75aea1069c3,1fa13486c6d479b6f2b9c876988601ddd4d251a169815111bbea804a57406336,p001,p001,swipe_left,107,2,accepted,,train,901,25,0.8128132000001642,25,1.0,0,0.22474553437469635,
swipe_left/p001_swipe_left_0108.npz,8c915105bff522024ffa43bd2dd25e60201a8ab500e1233b82a65dc1c07cb0de,8fa58f623e8a9b9682fda3fc5b5385a31a6dcb0dd1280990968c52da1e96cf08,5e6bc76178758e36d5453a3f6134e1b59221498e77e9bddde91fd6ff2fb391dc,p001,p001,swipe_left,108,2,accepted,,train,902,27,0.8801769000001514,27,1.0,0,0.2318705548589028,
swipe_left/p001_swipe_left_0109.npz,c88dd2295d93dddd2a984354be57fc2c9cf90b7320c9a0b18d0f9bbc3a9a6c82,d6cb00884ce763bacae6d5dad03005bb58e390d94a5b8157934b33257e036933,80bf988c742cf61a81aedc518e84b71e12bbb03633e189f8ea73940e56153b22,p001,p001,swipe_left,109,2,accepted,,train,903,28,0.9118042999998579,26,0.9285714285714286,1,0.22181243970121212,
swipe_left/p001_swipe_left_0110.npz,b658086f916edc5e973448e3a495d20158523f9f1b27e725d86cc03f6c16c94b,1fd6646893d0560862c06e6b46c8309140418018f2377b41e192c13160b720e7,1524c41d9e37e96332c1d5799778ce646ff6d4a2d6b67e5c8ce8c0e44e4607f0,p001,p001,swipe_left,110,2,accepted,,train,904,29,0.9439376999998785,29,1.0,0,0.1957831791937072,
swipe_left/p001_swipe_left_0111.npz,733fdcc7fd6823bbc6619d6504c91ba7512244ec78d9840ff1c4c24f773b7bdc,88f36b43503f763600eea36714ce7c52c122c2aa2f9364f784e3fcbd343cf465,791cee05be1bf1b51d5e26017032aa75aaba18604f80ee507182cf784242e2a8,p001,p001,swipe_left,111,2,accepted,,train,905,29,0.9438275999982579,28,0.9655172413793104,1,0.21473423022172405,
swipe_left/p001_swipe_left_0112.npz,6a487bf257f93d19dfb71219a7fd6862e6819b477cdcfcc277b8eef6ee4f4bec,ffcdfd9d1e34508830dec9d96b161107bedde35c90de03247cba13e5c8ba098f,16e87b7d5ea4d42d106a7820889204ce62f1cf9ec1fcdcb2e169c5a3ed9fa2a9,p001,p001,swipe_left,112,2,accepted,,train,906,27,0.8800731999999698,26,0.9629629629629629,1,0.21182478676966687,
swipe_left/p001_swipe_left_0113.npz,215aa45922f84e90594697995b94047227437c30a901ef5d0eafa60d639bcdfe,e1646d7aadb130129d721c87224c0e504520035207e141fc031f65e1e6c7d95e,866c2b13bb1f3585e0893f312c6fb283749b653d28a5141037f1fb056d6823fb,p001,p001,swipe_left,113,2,accepted,,train,907,28,0.9118465999999898,27,0.9642857142857143,1,0.22399994567098683,
swipe_left/p001_swipe_left_0114.npz,8aabf0af9a94afff9f0fbee433067bef87cb19f4194bbac077cef7ebf0812b73,152e661dcfe7de643dfcdfb422e806a4f66c1bd030f3d9c0cddf6a046eac1695,97fd06ae56fe0485fbb2fba103dfc18026e9fa3a248fa5264bc24c0b0411f83a,p001,p001,swipe_left,114,2,accepted,,train,908,27,0.8799534999998286,24,0.8888888888888888,3,0.22089964070343343,
swipe_left/p001_swipe_left_0115.npz,b853ee53e93409164ec3364fe06b5931e16aeca8e743c0a0929b6c4d0d671947,910d21ec12776f32005b5c1388073dd9e23aeb9d1098e2827449cb84e6b74500,bca18e0b7daa26dcd6a6a0c78a45393cee92a1c53135b26d78de1c1a94abceaf,p001,p001,swipe_left,115,2,accepted,,train,909,26,0.847866599999179,22,0.8461538461538461,2,0.1803478558928378,
swipe_left/p001_swipe_left_0116.npz,b0bff18d60f34877bfaa2ef7ad11f86e7de2bfe0c2ec9962c65fa97c61c0d838,f00fcb3810ad8158f0ed840f3c24fb7071c5cbe7dac6e72710cd57992c6fe885,cc45748a063a99a627df7f9f6ef6bb53bca5e5c3f77dac9cc21ff8ac7bf480ae,p001,p001,swipe_left,116,2,accepted,,train,910,30,0.9758316999996168,27,0.9,3,0.1957266153157594,
swipe_left/p001_swipe_left_0117.npz,eb02d35c5a206893790d99d74fff9ff4540f79ce00bb77a589898082f8c86ada,eb45cd09014065a371d25b5839b23d621c567b85df4a5b1f2c222536b7147d74,c391cab81d99135d07c60b8803b00c44c7c5826a951a0c27da53108f937a3106,p001,p001,swipe_left,117,2,accepted,,train,911,26,0.8483059999998659,23,0.8846153846153846,2,0.20091805412919406,
swipe_left/p001_swipe_left_0118.npz,4fabdfa7d25f5bd3ddba9214848f50ff2063d9dbde82c9af306b52f0e7d7abf0,0604f57068a72cad315a04eca9f9fdefa90d51b851b5a5209add26784a656995,b4bb6c38fedca388ff6fbd7935ce6ab352a366162a4d97ea83207eacfb4d31b7,p001,p001,swipe_left,118,2,accepted,,train,912,25,0.8161777999994229,23,0.92,2,0.2096457079867278,
swipe_left/p001_swipe_left_0119.npz,1dafcd3653c23e89178807a83b59c1820106f6d1aa93518814bc13f669866a3d,eff177fd98370ecdb3fd316d7e1593ab7043e6630df3be5f4610013bb7d6f513,87e48f10aa023ea1d8249bd67a563acd8194bb9ac02baf2703862529b0173bd4,p001,p001,swipe_left,119,2,accepted,,train,913,27,0.880089999998745,24,0.8888888888888888,3,0.2047310578728555,
swipe_left/p001_swipe_left_0120.npz,680e1cde65d97621a222ec856fb91df684b8b4c391fd4e82a4e900987d9ae2a2,8aacc206bbbbf90a51405a73e101cf65f945d5b76dd210492d97c73b48da4843,8f67acb5fd73023f4b5a36a62476eb42c86d46dfa8e584648e6e5a09ead84918,p001,p001,swipe_left,120,2,accepted,,train,914,34,1.1200081000006321,31,0.9117647058823529,2,0.20447264836448456,
swipe_left/p001_swipe_left_0121.npz,5f82028fbfe239222156460a18896d74fb6bf65746831396fbb419c57d6015a7,3c1b6e6440d36af0aa42766a07bde61b3f5c239290d5e632a928d36323d39b58,17576eec75c86d082978bfa3e4f63aca35b64004456a02e28dda5b45126c119d,p001,p001,swipe_left,121,2,accepted,,train,915,29,0.9440950999996858,27,0.9310344827586207,1,0.17167160605452958,
swipe_left/p001_swipe_left_0122.npz,ad6c59d0304e1391b7f8491f6c687d9f53410d900e2ddb16ab64eb0f6a8c9062,5767372ec7e976596c6b54318a297dfe8a3d24b1bc04ef792e68e314168360f9,e5438b670a0c76e70e06d1582ca7834bc05742de9b14a158a9e52703ee37d8ba,p001,p001,swipe_left,122,2,accepted,,train,916,28,0.9121672000001126,26,0.9285714285714286,1,0.19429565839876972,
swipe_left/p001_swipe_left_0123.npz,7ec100feb09118d7507580de0deabdbccc8c848d66a100dfbc4bd2c799d1315c,3f4efa73067ce75f217523cb459269fd9f64c07ac02eb85b8fcf78bf653ba994,8431affbab2bca663b495fd3afe1ec439e6a742fd74453ace02b9addcf8f4fb6,p001,p001,swipe_left,123,2,accepted,,train,917,27,0.879928899999868,26,0.9629629629629629,1,0.20653470861199263,
swipe_left/p002_swipe_left_0001.npz,5d1063eee5a94f3cca45b9b502f180105fae505fa3350d5c1b03e9b725181882,c11462e2eac0dce149629f74644ce7605d9904343448095d9c43b20fc8ea76f7,f822295eb7373ae8358316eac8a4e59c0a192259dd6680c07556a14a34ff0986,p002,p002,swipe_left,1,2,accepted,,train,918,63,2.063130100024864,63,1.0,0,0.1947558713084872,
swipe_left/p002_swipe_left_0002.npz,611a6d867856fb8fe402ac78dacba24559c562d6381f812102cc07e57490778a,f699fbce93b2db0fe781701e49031b4fdcafa64128b5837357a2755576934525,b36c6a1a2b6bd4a0fb5547a1bde3e162b038619c030e7d74243b43f0ef7fabb1,p002,p002,swipe_left,2,2,accepted,,train,919,54,1.74588119998225,54,1.0,0,0.1383697671030692,
swipe_left/p002_swipe_left_0003.npz,95f328012360e304f0169c8e1766f353b01729240c56ee86bab5650c77d2fe94,88eaac240e2c6cffb4f132e4e8fccddc75faf93033afd2139fc087d535d6c4d3,ead3b2d3165b1c387a9354829dcd271c7f70722e87d501307479d59575b4e04f,p002,p002,swipe_left,3,2,accepted,,train,920,39,1.240210299991304,39,1.0,0,0.2501164899404668,
swipe_left/p002_swipe_left_0004.npz,a3df9008a93ff816027a1ae0755acf04624e849d21e79dd70f7b8c01b36766b6,d960f192e42757a17aa99a75993554e0ec9cf36cd4b1f9962d592efa70a1a229,d6e726b7242678b825ac38be003d7fbdf0d6582acbbbd7300817c2c72335a722,p002,p002,swipe_left,4,2,accepted,,train,921,26,0.8281152000126895,26,1.0,0,0.2157083805965032,
swipe_left/p002_swipe_left_0005.npz,c67f6616e0deb1235ddfa2e9c04e1d0f2f8fc2abd1cfe4482489f62301dff336,595b90d7b7333a03ff07bd5ca02b7e853bf1bfe3a19e82f9c8631c2c36875b01,e6443da0e17b5c2a63ad0a21ff21663f746248fc9e7ced63d2e40a025e0dbcc4,p002,p002,swipe_left,5,2,accepted,,train,922,50,1.6239786999940407,50,1.0,0,0.21023883154078193,
swipe_left/p002_swipe_left_0006.npz,8a0cfc1765a2a8c3590841a01c89897817cc5ea4ca05c9935e034e3b55e067bd,2fab4197f99a66d3d8c5b442cae6ffdad6652f85cc0a10026ffe5174ebb1c835,ba0642883ca88e02be8c323ddd22b19563618435c4c027af8a9165a80063cd60,p002,p002,swipe_left,6,2,accepted,,train,923,25,0.8018214000039734,25,1.0,0,0.20052175339639852,
swipe_left/p002_swipe_left_0007.npz,4ac80f93be1639d12c0ae6ebe0b15a11388b256a31b9485b01705fba132300fd,f033cf572ed69aebce1ef51053d924c24b48d8e51a6424d239dc13c58a552458,8e19127b8435649ace168e0a8eba1aee6e308e6affbc83d029196cc467d1afee,p002,p002,swipe_left,7,2,accepted,,train,924,25,0.8006175000045914,25,1.0,0,0.2314762512612628,
swipe_left/p002_swipe_left_0008.npz,9ddfe0452b315870df799a66d4430ca527e0f36b1d20f1de289450d9a8de6d14,58bb99cf3943bd7bd6ec6696ef2bf843177ddab1acfb1f9886ac77edb86fdcea,faeb7c4c4cc0f1a8f643e27ea7455682632edc9c7e2e06643e5f21cb7c4118a0,p002,p002,swipe_left,8,2,accepted,,train,925,28,0.8879511000122875,28,1.0,0,0.26387965087235143,
swipe_left/p002_swipe_left_0009.npz,f77aa48aadbb7b099a9890c3af1145bd7281fa655b95d1e3fa148fdfedad2d80,14ed9f50fd3227c6c42e7d285c279455f58c3c7e82347ce16b49e2543bc0fd9c,bd1c0de58b9e778a54c60f2e5e4a431bb227b269eceffdfb4d7e9b6af4c67168,p002,p002,swipe_left,9,2,accepted,,train,926,74,2.437597199983429,74,1.0,0,0.2495101826518215,
swipe_left/p002_swipe_left_0010.npz,bb7ac2316a0b9d2ca07ac7ce504c531d4ea64823165510fb0609a3dcb42190bc,2e00d99eb97ebcdb38d76419563fdbefbbe06e2181d1736ba2e88e167b6d05f8,04de25b33760e99d04b64fe45a22157d92350d4300a6fe13ade0e0f1fd5e70a0,p002,p002,swipe_left,10,2,accepted,,train,927,73,2.3760774999973364,73,1.0,0,0.23800612719791103,
swipe_left/p002_swipe_left_0011.npz,c3021a290f47889cb79b638912c139b32d0dc3604d139472a9a4ecec509eb2ee,38e4b0bf4893734c20716b9e08fc8ea34ab2c00a2589749fec1653eec1244bd2,305ed6cd6f6fcb102cb6640f743ec1583ad7f40a0b23f8433f6435d71c01294a,p002,p002,swipe_left,11,2,excluded,duration_too_long,,,112,3.6930091000103857,112,1.0,0,,
swipe_left/p002_swipe_left_0012.npz,18c852812427e133d8268a19d2c87e0f17ebef5e8a4e2238cdfffe441aa43cd6,1138ab90bb687aeff82ec1ed4cf57b45b8c65e8e00424d6676eaf69560adea2e,6e3693c04a52681c6727ece8c747afa36a02470b4e58df984c7fdcebc9610aa4,p002,p002,swipe_left,12,2,accepted,,train,928,53,1.7358351000002585,53,1.0,0,0.13750424039877426,
swipe_left/p002_swipe_left_0013.npz,6e84fade92ef3f310aac930bb0f3a7e24921ccb5c849fb54718590cdab3631f4,fbf58809f7fc2395bf733efe3507c1f9cdb2b553bdf15f1ab5eabe54e645a4bc,1314c8779490dc0f777cd10cc9b3e998d410725c688772acf407776cc14d6bf3,p002,p002,swipe_left,13,2,accepted,,train,929,27,0.8574731999833602,27,1.0,0,0.28200111909623904,
swipe_left/p002_swipe_left_0014.npz,c2da551ed21af560b8217351adc81db911cdb97a432e7e4afe71849c50829732,3f6b02440e9cc9533dd5dcf87326bf4ea21bdfd6d7b9c8c851d3c6488d0f95ce,d23694ebc283c919e0f1f851d8e6dda56938222f039d542b177c1b5e4202b2dc,p002,p002,swipe_left,14,2,accepted,,train,930,32,1.025326299975859,32,1.0,0,0.34187995896303586,
swipe_left/p002_swipe_left_0015.npz,ca013c9dcf6ff2813ff2593a1eab1de0b076bc0462a91cfd3d9ad40b60f93cd4,dc19baeb0b0fd9306884288b13d3e0f2e1dc4ee4eb4bec8d56cdd7d646c54ce6,a27988acb7668c715a018ded581b68230d0ee45853b71098359d1e67b97fe851,p002,p002,swipe_left,15,2,accepted,,train,931,53,1.743337200023234,53,1.0,0,0.1881033775718773,
swipe_left/p002_swipe_left_0016.npz,8863b1c8d9dfc1121f2ce601f338e8a86ddec519e03e14b1fd3f4aff81b0dbf2,a269dc107f3e139f99cd9b632934744325012c2f903e24fe2f11fcfd8050e6d1,81958d66ddc490f3d997fbac16ad2d8c6aad76a64a46d25ae699b7556e4a1f2d,p002,p002,swipe_left,16,2,accepted,,train,932,62,2.0295410999970045,62,1.0,0,0.1881796419444248,
swipe_left/p002_swipe_left_0017.npz,d648c3a87eebfc4560c0688007353f4076649d0e33ce409c16db29c551cf9349,2f82e7eee73d6bd88021a5affddf108b416f4485bdf634aee63b081193eb8723,3f1c3116b3f5d682d677e0e9d26f4d82e66bd9bc8a6971a4d2cac49f151ebdff,p002,p002,swipe_left,17,2,accepted,,train,933,47,1.5278683000069577,47,1.0,0,0.23388125503712753,
swipe_left/p002_swipe_left_0018.npz,ecd32779c972bbd2d4efd1ec436f5b22b6dcd8c8b348de27a12e63aec7d48f4f,9125cfb2509ca6fe998b8be23db36680912972a343154348c6f6ca3119436876,ef76d54357639ecf15a925333880c87db06dff812ac8b6cee1bd89a28c4777c6,p002,p002,swipe_left,18,2,accepted,,train,934,58,1.9034467000165023,58,1.0,0,0.1845160043734444,
swipe_left/p002_swipe_left_0019.npz,ad6684bb92dc7f160385af09b63b7f48089f5904e0db136d3295df48b5b760db,eb9ea086b7a70ce19f79315273e74a5b5243c4c54a30f40afd56f19d50e4334c,be577320db58dad9f3b9f19b31276ca62d7b38b5b4b00aa75b2118f9c3deee66,p002,p002,swipe_left,19,2,accepted,,train,935,54,1.7711788000015076,54,1.0,0,0.14055123073314518,
swipe_left/p002_swipe_left_0020.npz,bdb9f2fa844725d121292ab9cbce88dac8860940a95b3245d021d0b4a686267a,0b99fff9f109806143a7057a66a0f75735892d2b41ec9a52427410638c84813a,c513ebdfa2674aa18fa438917d303e852dccd482cd43fff413092d568f1030a4,p002,p002,swipe_left,20,2,accepted,,train,936,37,1.1820925999782048,37,1.0,0,0.16845798808199094,
swipe_left/p002_swipe_left_0021.npz,76876c9c5b343f94369d1aad3520662d7c80be24ff101d4b549b55c6226dbdf5,dbb475c02240fdc7a2dcde477d63436a4f88ecbb6e57c756bc76145ece7fb43b,f790af05a832bbf24f7e0adf901a89177601ee586636bd8e81f23aea762ac338,p002,p002,swipe_left,21,2,accepted,,train,937,27,0.8700788999849465,27,1.0,0,0.1775853225099394,
swipe_left/p002_swipe_left_0022.npz,840e8a0923cb78cc4ec15ab00d8bb29c650ac0642b8c9bb8d8a422d6517a5e98,db7270abb113693d147c19873a0c40de4c747030200c4c7198f13a3d6bd3d881,eb17a23fb6f86222c68f623276699f77dc316797787e1d88d30869f32bd40c54,p002,p002,swipe_left,22,2,accepted,,train,938,20,0.6242826999805402,20,1.0,0,0.24771300702232485,
swipe_left/p002_swipe_left_0023.npz,a56c15091c4ee16e5a56361dbdae218a648d974cd946fafd2a11e33dae82bccd,3425d1d9b076250293aeec6b3e89a220d5ee6fc074a66ef0d6f780cdd8de1144,9cd079ac2a859ca439d643a6c9974aecebbff9147521868add0536ad35cb1bb7,p002,p002,swipe_left,23,2,excluded,duration_too_long,,,83,2.715598799986765,83,1.0,0,,
swipe_left/p002_swipe_left_0024.npz,2d785809832f556ea2a1c7db6808fa9866f067cc4e0ffe20e0bb046f6ea18cfc,7e517bea941e691fd166c503560c77b5f66161051f17a1b01433a3fd6b4ba1a8,9c524bc948108679f32926c4eddf2205e9dd861704bc001c6402cc977033603f,p002,p002,swipe_left,24,2,excluded,duration_too_long,,,78,2.5561227000143845,78,1.0,0,,
swipe_left/p002_swipe_left_0025.npz,bf0e609087ec3d3df53c39410ad147e1fa97422151c687d1557fed73d69bbee4,cec22d4726bc89766a696b39d9683c7847e2e06c3d1242fc301322345f45431d,4c1086646a1ee6342048f524d8264299284798d841db10e631efd874a2ff0802,p002,p002,swipe_left,25,2,accepted,,train,939,51,1.6659289999806788,51,1.0,0,0.16595622278398395,
swipe_left/p002_swipe_left_0026.npz,51c47a85f70b6c16d41aeefeb56a81ec59eda0b6521fc2aae93a6bd35bff072d,ce230c1f8236c2093ebeb0308a838b9b535e89f4fe40e5906751729d772b974e,c6c9f0dae1f1093c2bec3f16499a2821bc8affefe30b81d7c40dcddc8072f653,p002,p002,swipe_left,26,2,accepted,,train,940,61,1.9843323999957647,61,1.0,0,0.17432339478549996,
swipe_left/p002_swipe_left_0027.npz,6a84a16404c1d709b414ba9657946c5fa76be492b1cf597dddfc5b8bc9c55f56,8709e3994196db165610f094275cc3d03f50d6608f3f7525df5bba911e1bc52d,b63ae2f39c9a8535914390b74b32a48b7c506ed01de5bff4be30e44970a7552b,p002,p002,swipe_left,27,2,accepted,,train,941,72,2.373065099993255,72,1.0,0,0.16643794077870067,
swipe_left/p002_swipe_left_0028.npz,7d9d0da33a3e219cd25eb8456a4eb2a10ecc54b6b9caea4c90c4f2fcbc2bdb7a,3d5372609bea35e4fb04039cf37617e09391c6c20a3012a0853d128bedb8994e,e1eb76c2af2fc632f151ae8096183a3efe2970cf84f366ffb9057ee99c02fb0f,p002,p002,swipe_left,28,2,accepted,,train,942,63,2.0619959000032395,63,1.0,0,0.11535253136452157,
swipe_left/p002_swipe_left_0029.npz,669ea6e2a644971079c8441872ef86b017297ede7d5259c9f5af4593db62fb58,a28c4c43679017f4de28296cb77621139ab1a2e98a30de7b705e26a53d24a983,8fa2b587bbff1cd55d27f273e2ee17753f09698e0956bdc1434fde796ffc71ec,p002,p002,swipe_left,29,2,accepted,,train,943,48,1.5669957999780308,48,1.0,0,0.2364358805680877,
swipe_left/p002_swipe_left_0030.npz,ebca731e6e0040fce84a92a60c032f4a10a292aacd13968c0522a7e7bd91d613,a8e1e7d2f872ab2a2759026c916f761dd6950f6be1236ef5f564b917a1febc16,6d7177c367b93b4308820e11e4d09e9a94bc65f946c2d052b24388f67ded7407,p002,p002,swipe_left,30,2,accepted,,train,944,53,1.7385623000154737,53,1.0,0,0.2381487194360439,
swipe_left/p002_swipe_left_0031.npz,dbc322b8ba4fbe09aabd95d58003ab7075bd3d736a6d763e01dda5f87b6fdd8a,4ea519d1c290c3b60448a628e2eb03487423d4f10e4c61dc6aa53f864594ba4f,cbf7937c13fc9ab9aa3e4c06fd872bc5941e61e7459c4745a40e716697540b12,p002,p002,swipe_left,31,2,accepted,,train,945,66,2.1551544000103604,66,1.0,0,0.20235681637993438,
swipe_left/p002_swipe_left_0032.npz,e83f391dfae1b4a323172900cbab1a2e126e67ef2dbb345dd222d3f9acb824e8,bd711933173f89c78447720d99e1160766e5c14df74eca56a37658ae359c1b6a,9333e5315799d259dd8dcf7396482f2a8e27ceaf6968b3e71a9c528d2287cc15,p002,p002,swipe_left,32,2,accepted,,train,946,37,1.1823406999756116,37,1.0,0,0.2038291059799711,
swipe_left/p002_swipe_left_0033.npz,e0c4e946c73710b7d7ddb9223da99e1d6b8679e152f9239e2b022bf0e42a9c52,8f58c0ec388e9d13af7d7fa6177c0afe66413d0b0984e01b581db7f056336060,b14ec174616b4b4957790939fb1b187c75d6df7264f72c7543d07a83a6f1dc13,p002,p002,swipe_left,33,2,accepted,,train,947,38,1.2444155999983195,38,1.0,0,0.19911161032983382,
swipe_left/p002_swipe_left_0034.npz,e32c9bb3b2753d00ecc8edc4df0460846be6f927e781b9984820de1807ec359f,2099754d5597124b9f3de9294c970762d0972611089ff521a34116a1267004df,5f82a14daa53e8657aec857f34bd7252a8d88793497a5139306e68ce61c67a70,p002,p002,swipe_left,34,2,accepted,,train,948,53,1.7102577999758068,53,1.0,0,0.1915638393371342,
swipe_left/p002_swipe_left_0035.npz,86552bf89f323208cd39cbd828a07d607f6e186b01040a8837b85425e82b5121,c6d763eaa6fa2b4b59dbf7bcb6f58aebccbce7fec365d8b2ad77c70d3df703af,ea714c80fcf471b5d1cbed9baa1dcbcd21e768aa2a25f92e388266a7a813b327,p002,p002,swipe_left,35,2,accepted,,train,949,33,1.0679528000182472,33,1.0,0,0.20822274437533533,
swipe_left/p002_swipe_left_0036.npz,b26c0f90c7bdeb544711e7c2244523b51c6957672d9086b9649afb9532fde812,453574fda09f8711c190c41b073df5d8d4a574189de0c092ea7e538d2db7bba6,6516a8452ea9fb476220b4dc4f078ffe5d3bdb1e9c9b4a3968022b0dd5e67126,p002,p002,swipe_left,36,2,accepted,,train,950,26,0.8204925000027288,26,1.0,0,0.19505698229279378,
swipe_left/p002_swipe_left_0037.npz,99677b481e797136ecbcddf25eb8ac175e2de12a05fbab0c3985528a07fc2972,170c357fa1b5cd16cff2989d45638c1919e6702ccf569c9dc76afa5f6e4f6a21,d4988d3bd068831000afb545b7821d65eceb9a90d0a8948b410b1ded87228c21,p002,p002,swipe_left,37,2,accepted,,train,951,33,1.0512725999869872,33,1.0,0,0.18339893721489664,
swipe_left/p002_swipe_left_0038.npz,8dafe66239902a43ac9c77b35bdf5fe465a6dc353d64ba9e4e6865bd973cbe18,8822cbdabc57e3541fc88760156a853d2aa3418874cd0b9d9efd6f3d613174a4,d247473344b5be6a07a948318349e1f38b13ff366200156bf328a7a1fc719dce,p002,p002,swipe_left,38,2,accepted,,train,952,32,1.0373389000014868,32,1.0,0,0.18617973530378948,
swipe_left/p002_swipe_left_0039.npz,882fd26f3f0dd556c3f59b78869a1db17de1d636af8bb1e333ec4d583cf0d08e,7ec6fc642b544a268767028ea3f6267e64a23f0bd10e85ec91a5090b768142e4,edda4dd156df1548e687ab1eac653784b95dbdc0170aa9f380bd291f1b56408e,p002,p002,swipe_left,39,2,accepted,,train,953,29,0.9246118000010028,29,1.0,0,0.2098624806025492,
swipe_left/p002_swipe_left_0040.npz,8829abf355bfb6d1c7f1a33f5b99374a370f151e8a138001b6e88ec257a2f4dd,fdc2f5d573a78f32b08415ea05a22673deafbdddbe6c3eb6215a07fc52b056b2,0e688cc4c366e0c0d41cbd096a8c9f765448e828d53f97b7415ef850041c1289,p002,p002,swipe_left,40,2,accepted,,train,954,37,1.2041482999920845,37,1.0,0,0.21277149335500434,
swipe_left/p002_swipe_left_0041.npz,f6d75fd8c37d1fa1668d5b0737dc3a84c0b6363e632a0086d4fa19045302b2f8,01efe7ab01c8e831bf387eabcc50c49f872b2187a83a3b86e5130ffce80263c0,eccb92c6ec21f7a6b2af8eb696b7731740af64710954e5053fd732f593ad8de2,p002,p002,swipe_left,41,2,accepted,,train,955,37,1.2086129000235815,37,1.0,0,0.19099817176066686,
swipe_left/p002_swipe_left_0042.npz,2528bae215dcb255a9162e6767c002c3ffa927cb2b447c4a71447be91e986e36,315b5d2c4ab926c72e94bfc9451798b35303ee5248f0b4c0c666a8139d74e3cd,7fad4e7fb4d5887316c9a0acc1359b18fb7b27e7fc0ec7890eeb76255cf4c76f,p002,p002,swipe_left,42,2,accepted,,train,956,29,0.9504759999981616,29,1.0,0,0.35203244406189155,
swipe_left/p002_swipe_left_0043.npz,29a5723b9bbc02a9bfebc5d4c9910379bfa5c4bdacfffdb09db640a9618709fc,a0a607986635112795976fa8d472c4caa8ea875514988fc4772ab599f9f87acd,7a0d1d29c145bcc59d46b462f3dfe703250ad6ff64888d38bdc4b0bdbf24e3f3,p002,p002,swipe_left,43,2,accepted,,train,957,36,1.1645469999930356,36,1.0,0,0.1543793103519912,
swipe_left/p002_swipe_left_0044.npz,67a43d21df787d2079ca8e3f8f03194aa434f59b1093d95bb921d3d9a74629bb,3bef6c1910d9d2afee70ff7e5762da8bec7ee81710fec8d1ce20090918314627,3386f7080e05a174621ff8049925244ad4e890f77538e7363beee018177c8707,p002,p002,swipe_left,44,2,accepted,,train,958,33,1.079195800004527,33,1.0,0,0.17962903049380458,
swipe_left/p002_swipe_left_0045.npz,e5d29a3bc99f25a78c5fef1bf5c22cb0d7e48c0efdff65dc235a218e429bd644,90deda610491ddb597b93b5f209c506ce8309a2e93530852786b70c4038ef33c,d10817f69c02888b7f7dbc5223563113348fdb453bb3add904d884af17fa158b,p002,p002,swipe_left,45,2,accepted,,train,959,32,1.0349248000129592,32,1.0,0,0.18071238139921975,
swipe_left/p002_swipe_left_0046.npz,8cdd99460cf349ad0d60776db2ce5f1fd4524207cc70554dc5e648946b65acab,98735d55307a90a92379632f018058271097ea9cdd2e969484a04dc8454b3ab7,a0155fb449129b47c18889d0f637d895b26b9bf16456156f9e99e853cc59d665,p002,p002,swipe_left,46,2,accepted,,train,960,30,0.9605225000123028,30,1.0,0,0.17842280414907458,
swipe_left/p002_swipe_left_0047.npz,30bcbe8f88d71565daa2d1a9da932e7d5016db82b1f3ca411a9d1e7e65ddf306,91d4867a932d2a80b5b517d60164d519d04997e4f76dac072a032acbf9de9b4f,b172845419166a21079a362ed923006859ba2738a0ef4ade6cc8f302fd525017,p002,p002,swipe_left,47,2,accepted,,train,961,43,1.4045828999951482,43,1.0,0,0.19739844201513695,
swipe_left/p002_swipe_left_0048.npz,4ad6cc97b15c0f357ff83ffed491387209b795abd006dd34e6515b383729b4f2,81cf3ba448792f0894306fc3f89c9bc379c2f5dc9a2ff90b7f1a1a7f4b3c872f,d1a8bcdc7452921e0817db25b826b05684fd22083edb3d546e197b36b9ee0e5d,p002,p002,swipe_left,48,2,accepted,,train,962,54,1.7659406999882776,54,1.0,0,0.19706942197093136,
swipe_left/p002_swipe_left_0049.npz,3cb760efc2d3f2a98f866a8c7fec12bce87fefd5cbee331e521077cb3415b8bc,09fba32737381989296bbfc6107a742d2c62130aef37459fbc4d9d9b637a339a,5feb97215f9fed2eb375993dac01141673b38878bf57b7e66277051c2fe7f6b1,p002,p002,swipe_left,49,2,accepted,,train,963,54,1.771071800001664,54,1.0,0,0.21359102148927106,
swipe_left/p002_swipe_left_0050.npz,e8a961b186a53f337d0e77e83bc6dd45a36caa2385d22eb1c694be6f2569c072,7e12ad0a9702bc9ba5c778e30ac83352b866432f2b21f145b66eeb78b176b2e4,d3c4dd10cfb268a4028e21262074b5f299190d7785aec9f023ba1e7890661f35,p002,p002,swipe_left,50,2,accepted,,train,964,53,1.752230599988252,53,1.0,0,0.20192659589402184,
swipe_left/p002_swipe_left_0051.npz,47dbc35e20201e36b8c9a12781fdee917d573a3f9ced0c493eff1dbe1057cf64,2efccdb1527212d2a732dba59926407682ebd161695bad9709a2f61285fec864,79d4545d2ab877489b251a8cbfd75c3fa1e237a0ac3fc442ae902b40c1cc344a,p002,p002,swipe_left,51,2,accepted,,train,965,56,1.8224289999925531,56,1.0,0,0.20461527275751967,
swipe_left/p002_swipe_left_0052.npz,a2a0e901be6a4d4f845958cc161bd6cfd870a134e2ed38077eba0285fcfc8e9f,2563cda4423cf6468161613cce1a68b4ddb3cbcbdbac0910c359b622e4a61742,38af9b479a15adfbeff99435edf1fedb77f280cf93ffaef9695cac041c0e26c4,p002,p002,swipe_left,52,2,accepted,,train,966,43,1.394732099986868,43,1.0,0,0.18161150819872943,
swipe_left/p002_swipe_left_0053.npz,33f823ef11f51b1ece38843724c11b17a1d6f535f977ce39dfb7661174cd083e,1a48e8845aadbe76a1b4576a35102b1b591fe843c43cb6fc3ccf05fea83c5537,e3ed2caa285af159dfa4a62d6857d49f2df3813842c47d344714daa75beeaf35,p002,p002,swipe_left,53,2,accepted,,train,967,35,1.1334292000101414,35,1.0,0,0.21767479177153473,
swipe_left/p002_swipe_left_0054.npz,e127cd71b5d87bdb6b0f658844f7fd8f6a4561e6735e7da2ac01adbf94b740f3,06f2edd78d67081992ae81606e1605c4502138c23c03ac75347d1ebd1c66ee65,56c6398fa20d2dc18904a967359d6f630e65643c58004a15b54893c0bf7a8deb,p002,p002,swipe_left,54,2,accepted,,train,968,47,1.5366432000009809,47,1.0,0,0.1994619340380624,
swipe_left/p002_swipe_left_0055.npz,37a28ad3571f7b085dac4210b5c65099a768487e2965d1bd5802ab19e31a6405,b307c0f87b069875ee03c6522c032b5f3b2d6e718400995ad746a8c7685609c7,4c27f7de54b5de892069f5ef51f51de06edcc0127ed95f7c0dc2dbe3e0eb2653,p002,p002,swipe_left,55,2,accepted,,train,969,38,1.2160258000076283,38,1.0,0,0.21155575393627368,
swipe_left/p002_swipe_left_0056.npz,6d18e7d2e85498537760141cffce46820538eb5a646e2dec31fb6e21317dc81d,ded6bad5e89ad4000de7f6e548d534838a73a3481fc8f68cf7aa94842d6ce47d,76b8e9b7ea945f246f41e0f6f5a343711c8f9b2be3af336f77023318baabccb5,p002,p002,swipe_left,56,2,accepted,,train,970,48,1.582984500011662,48,1.0,0,0.213978270966293,
swipe_left/p002_swipe_left_0057.npz,5b9c81f23e285c56ab2c602afb860ad85822c1e345d023a65e3c48f240ebabb5,823f15c2ed5c407c4dc75ca2d4ff6f7582f80b106b80a35296f176ed057f1a55,7a6385bc7611d196a69fcbd56be5ee30ea299810ae20a395ff8fe4577957fef7,p002,p002,swipe_left,57,2,accepted,,train,971,31,1.013443100004224,31,1.0,0,0.2161178413934414,
swipe_left/p002_swipe_left_0058.npz,ab3ba8f8d1c934421fbacab8a6b1e50feced1fea7061d28d8e0d44d93437ec6f,b8187b640b77cf423b6509af766043b8d5ded5be11b709912c9421b09c02f099,9e9bd8fb478fee6622f3121c6047dca5e1686eaa1287947a92e6d0b57d70620d,p002,p002,swipe_left,58,2,accepted,,train,972,33,1.0493745999992825,33,1.0,0,0.1952947723468919,
swipe_left/p002_swipe_left_0059.npz,c05c17bbcc7c5343b277a1ccc707707d51f626968b94d88616bae30f4807756d,4e3b27cb591e1e0c8b9f125475ca68f06ca30aa8d6f943b92f59baa247dad3af,4d7fdcc94e1540b55237f90e8fbce8881f866eb466fe7716b7a0c83fcdd99f64,p002,p002,swipe_left,59,2,accepted,,train,973,35,1.1347783999808598,35,1.0,0,0.2285102578682697,
swipe_left/p002_swipe_left_0060.npz,6885e8cd6ebbf3ea6f95e7228d2f0731ac93318f94728a7215d5d96478bdc2f0,4d65da638f664b422840da3454f5174dd3c423edd58b03004091537371c50fbc,7f52f37130d6fb88ad2873102d69a3e46dd9a4b6f221f786e93f56814233bbf0,p002,p002,swipe_left,60,2,accepted,,train,974,36,1.1582511000160594,36,1.0,0,0.2422959165257138,
swipe_left/p002_swipe_left_0061.npz,15b0eb08474e4ad254d3ee65d2bf3fe701d9137e3f52c402998d9a16cef144a4,80108c51911444de76f1be785725f8fae8d19c6e483011b21d0f6305d78851df,a585499481e7302157f0631503a93af5e86a1ddf1062724ee14549dd89dea6a7,p002,p002,swipe_left,61,2,accepted,,train,975,45,1.4771718000120018,45,1.0,0,0.24887836845726105,
swipe_left/p002_swipe_left_0062.npz,9e65399f76824d3b4972f5a0c973f67cc6629bf057a469f46425274ce5fc786d,0723b6aa18c1c776f6fb3f746164793e77d8368e11235c9fb1bf386ad81ccccf,42d8d70aaac0b8da214336c5a28fc1f720f3f8a705906acfeae40bacaec9d68b,p002,p002,swipe_left,62,2,accepted,,train,976,48,1.539887799997814,48,1.0,0,0.26640601970682254,
swipe_left/p002_swipe_left_0063.npz,63ba24bccfe4f2222e9d7c29480bc6717453b500bf51817b5b5cb110bc0f7887,0dc4681574184cc0480b648ba83563474c3f076746a6e838bb3ced58dad31769,8ebe0193fe61c3db7e6113003451850832096bb957fd5e116523f521e0c0f5f8,p002,p002,swipe_left,63,2,accepted,,train,977,40,1.2977767999982461,40,1.0,0,0.25600729517374343,
swipe_left/p002_swipe_left_0064.npz,caec5b66f5022318afd41206c5fe1e1696f3c428142c45c3059925d2d6ca55c7,d89589d49c77688f17666e8a64c01b2c54aca3c5525b0aa2eac5688a8953d6cc,fc9a1fd6ac77ff322a9ba28ee36e7af4c37ea7d7f49783088d29642991a5ad3a,p002,p002,swipe_left,64,2,accepted,,train,978,51,1.6791431000165176,51,1.0,0,0.2699365790609134,
swipe_left/p002_swipe_left_0065.npz,fdab8c412218ce03d0f81c3cf9d1aa724a9ab6242a316c521c07954f253089a6,7b823a94a1db9b4f0f4d795121061e083ff5217c54680bc572ae32074e1c916f,49402725fe36ec6111f0d9e422c7ba73bf0d5cfac0301ba4285301905f61beeb,p002,p002,swipe_left,65,2,accepted,,train,979,29,0.9195932000002358,29,1.0,0,0.3833273174076731,
swipe_left/p003_swipe_left_0001.npz,e3e1fe4101f163286cb46aff340377eabb63dfd6299b8589eb1838f2b143cf2d,c8d072f6990a10298a2cf0ced2ab19ace0d0bea719052f0d9a93a6320c8c281c,76e41c984d41e843c6a0ff63a3b6628323d40677ebb7471da2128f9f6093e57f,p003,p003,swipe_left,1,2,accepted,,train,980,41,1.3442700000014156,38,0.926829268292683,3,0.23146909346996283,
swipe_left/p003_swipe_left_0002.npz,88aa63d31781f2072874381e85fb3745b1718b7085da68876aa05d568146b544,26b88f9555bd2b4ac2181bcb5787f7ac0b4d749857e6acfc9ebc4fb2fd02152e,e92806dcac074cc8a5d553f44610990affad09e2af28a324feaeb184e41f6a79,p003,p003,swipe_left,2,2,accepted,,train,981,48,1.5877035000012256,45,0.9375,3,0.23349964405585,
swipe_left/p003_swipe_left_0003.npz,013d851d140f200cbffda6dd962297ee3601d4cf415fa290c6a1c5e3ad6fe0cd,b859cfe9d3d572e8c3fadd0a017f822c1fd81da8e413c49c87989e4d9fc2cb1e,abe2db411155f5ffa3682a1bbce0d740388b9665a0d325604455239964c017b6,p003,p003,swipe_left,3,2,accepted,,train,982,74,2.4633878999993613,74,1.0,0,0.24794129172715057,
swipe_left/p003_swipe_left_0004.npz,f9a9dd713d2ec85d617c6e564083aa341ba35f83386f911d5e220915ba061bf2,50b4a7034bc91e58e1eb76e5c4356effdab607a2a78b9b4191c58f1d5f7f436d,4fc2c9bff53b1f3b2ce0e473fb8de01d316ebe89aba7c003b11731344518b95c,p003,p003,swipe_left,4,2,accepted,,train,983,75,2.4965417999992496,75,1.0,0,0.2384718758249948,
swipe_left/p003_swipe_left_0005.npz,4440e4901a0930bdf222a5c407ad71f0a9a81944df5e3c5bb2c4d6e74a13b2c6,d69dc6dd089ee826c3edab42d4d13ea3e14f882fb35a32c8b251ec1b48bfca59,4a76ed176820268ff4d71881e2503f5c274d108f9a48391ac7c5fbaeef400a05,p003,p003,swipe_left,5,2,accepted,,train,984,48,1.5985478999973566,45,0.9375,3,0.2458339965650938,
swipe_left/p003_swipe_left_0006.npz,56173f8e4deb6b1cce23bb9e2c5c52a222f4d24085c1fb423838e93e7d332423,e14bb646c6b600daa76d75caf248ecdddec227b67641e8330c17aaed6448e919,7225767ad839899f7321f440d305af4e5c983b9988502dce9452a8d3e41a12eb,p003,p003,swipe_left,6,2,accepted,,train,985,48,1.5834004999996978,48,1.0,0,0.23090413293051731,
swipe_left/p003_swipe_left_0007.npz,fade44696bea093a62db8efdba890b8151191ffecc05946ba455f362cdfb5df6,57d69f3cc8db2d5148e9277199ce0417fdd6e5e0431d3adb75e4bd26fcc2a01f,87e39b53cb61af227289c91cf468e6ab36a537c5ce76cd11b511748e02335fb0,p003,p003,swipe_left,7,2,accepted,,train,986,37,1.2195423000011942,37,1.0,0,0.23441185880500506,
swipe_left/p003_swipe_left_0008.npz,9b96fcf24fbe5ae41845d22db125062bcfe470fadae294d4cf5e9742b709a59d,3d073495a90aa857eff079c98d6d0aa27c771abbe428967a174e248a0c69a785,72bb9eb50ae3c89866d4966c649793f2c8e3f638970c35c30ee114b6f7c32b54,p003,p003,swipe_left,8,2,accepted,,train,987,59,1.9510549000005994,56,0.9491525423728814,3,0.23179093901131048,
swipe_left/p003_swipe_left_0009.npz,c0c007c43dc56e0311a6828a05b6970df4fdadb7940d0018651b8ba284c072e1,2620b00f0f4be9538191cd043eb005fa7c57f7ba47021f3ca014edfa9447f7df,5919770628ebccf021a97a9dc8d59ab553cd59e7497f5f80e542a5625e6b05e7,p003,p003,swipe_left,9,2,accepted,,train,988,42,1.392493999999715,38,0.9047619047619048,4,0.22416143749296574,
swipe_left/p003_swipe_left_0010.npz,549672fd1a4ea5b6595cb60670a7280440e2b6c60c881d0fde8767499fe5907c,eb01ae2b1d9cceb21a0b89d9c4fa4b135eaf3ad502cf186a1ae650197d75ca7f,7c4b76dffe52b2dc433d372525b199d7835f04f374470c4beec4677bf743418a,p003,p003,swipe_left,10,2,accepted,,train,989,52,1.7137361000022793,52,1.0,0,0.31429724405650594,
swipe_left/p003_swipe_left_0011.npz,a53ff993755707b5a9eefe250722af7c49865d5f560a73e848439c7c18b6c570,aa524c2029a4d661d7e69a3b5e4d3dfbcc5baa19b89b0eec55297b69dbf069aa,3cff5fa1ef70407759cb2cf765c68654b35710a08288ca0dec4d87361dbbb144,p003,p003,swipe_left,11,2,accepted,,train,990,44,1.4549069999993662,39,0.8863636363636364,5,0.31241424695773845,
swipe_left/p003_swipe_left_0012.npz,988bdd80664a4a77a79353f98e3ea439565d838b57a4c8495dd71eb30423c2fe,964136a41ecf118927c2bc0ac9105624de663d8833d08aa4a134eb8cdd2950c0,a0b1ce7747e69a7081a1632f5ba0db64e5f9ca04d12c0af89ebfd335a296b4fe,p003,p003,swipe_left,12,2,accepted,,train,991,47,1.5520838000011281,47,1.0,0,0.3202695029300704,
swipe_left/p003_swipe_left_0013.npz,dd72ebf96f28ee7937f4cd43bed38dfd80c07cb4d984a187b265e38ea74d2126,746c9aa640f1bcb8d16c11b91a6b430a587e8bbb67260c8ef7b396cdae8100ef,ca2d2201851986d18810b3664628e00c3ee8a5504a6b88de2447bce35cda5ce7,p003,p003,swipe_left,13,2,accepted,,train,992,50,1.6637097999991965,50,1.0,0,0.11008610238131046,
swipe_left/p003_swipe_left_0014.npz,c06b84a319adced0ac2292e3b6639c11d7f803fcd4208eacc0d8eb0a8e4653b6,d359332614671ce042c5870df6ad861f6f801d10bfe692c66715f6dd81f79897,0946b5b1e76cca477e29129ee618f09b730ff26da0eadde45b1576c8b5ff2130,p003,p003,swipe_left,14,2,excluded,duration_too_long,,,79,2.640278999999282,79,1.0,0,,
swipe_left/p003_swipe_left_0015.npz,c0595f79e33e039c90846f7223597f3fca52fbd2f81690a7d9aea53c3afd3d45,d6046cc383e395c8e4d83710d33d2b27aa6f91b8fc1fe0b797e59cbc03fc1738,24978a0558d68320a77b969d6e6593c172280561c02a13ebe4341ddcd91c4e40,p003,p003,swipe_left,15,2,accepted,,train,993,52,1.729694699999527,52,1.0,0,0.11275974879542564,
swipe_left/p003_swipe_left_0016.npz,abd1d29dec4caabf773f3637b11de708b540b3ff0bfa41d08c516f11b0dd8131,daced0f1eab3af6dba2e7200a250b40d8033e150b13723a1d4829ad658840b98,455c845c67fd49959a1bbaf8c945acd475bfcaa6e416b1a727fe734a3e6314b4,p003,p003,swipe_left,16,2,accepted,,train,994,60,1.9863678999972763,59,0.9833333333333333,1,0.11170549794615303,
swipe_left/p003_swipe_left_0017.npz,b6c603c7e6d9ad4c2ee92049482d93dd4f83d60823a653f0c0eeefc1d50c62bc,fc2f718e11cb8fae4b1a20ccda7ba2eea926ab40c7f46d4724007636fe244d51,d099f3b886db9562e1c977056c1f3de4faf62ea833534bbd3be5bc21689652e1,p003,p003,swipe_left,17,2,accepted,,train,995,72,2.3843168999992486,72,1.0,0,0.11011153124440415,
swipe_left/p003_swipe_left_0018.npz,3a98f290d0aed1fd574d86e492f4729a4a4ccb5bbee02adb4c6f4b5c7ec757a6,eb3c9c84efc011c16af4b8976ebb4b00503c770240f93c37135fe605552441b1,b967baa70bfc0dbba01cb366a7ad7ff3e80fee17ba96cdc2f4a1750bb68d4911,p003,p003,swipe_left,18,2,excluded,duration_too_long,,,86,2.8636234999976296,86,1.0,0,,
swipe_left/p003_swipe_left_0019.npz,1d34e4b0258eb5bdf42adf5eb3b8f2fe21b31c714f76db8b8794a3a7384896e1,e723ea952a71bf9451156563c72521f3b44050dd96f753fe54a7c02cd19b3007,3bd0b2df8750a7a0093baaed0d2944ca2c6adf904aae1911810855f9fadde579,p003,p003,swipe_left,19,2,accepted,,train,996,56,1.8582464000028267,56,1.0,0,0.10784281873618838,
swipe_left/p003_swipe_left_0020.npz,89fd009b94c6c68a6c0b735b5c7890048c7f3c5590cda1f5c15519869702ab16,825a873e5772e1c108c65db9029dca081759fece4f93cff5009e5cfafb6fa5ef,10c83aac4403855076686b2ffd596dc22d877263b2d59ae4afac71f536546e80,p003,p003,swipe_left,20,2,accepted,,train,997,74,2.464777100001811,74,1.0,0,0.10415578204325249,
swipe_left/p003_swipe_left_0021.npz,86a9331d42ad6aa3f3e7963fd4e251d03e74c4628458740f7587b151a00c19ad,c7b23a306458b36062c664e11b09de6cab9fec62646afda285a48973035a7468,a3b220c4405e1c486eee5d9602b58978436e7b48a8342123422bcf4cf616a1ec,p003,p003,swipe_left,21,2,accepted,,train,998,63,2.0973731000012776,63,1.0,0,0.13481158837558982,
swipe_left/p003_swipe_left_0022.npz,2e55eb192242d66bca21712f32aba6eb5b1afdbb18dae35cce51914ffc6f6453,8fcc3c8596393ca4eea478adbaf2b7a804c38f4036d7e389c76300f02946feac,f0016ae995f1b3b6c40cbd685b2ef6aa2e617d41fb9284954413ccb9e06e6729,p003,p003,swipe_left,22,2,accepted,,train,999,63,2.09703250000166,63,1.0,0,0.13712050406913853,
swipe_left/p003_swipe_left_0023.npz,0ac432520bfff80b7dce07bc3c90e00ec16bce7a68a8fa5529f0c0830d79bd64,730eb50273d7eea0e8a9a1215638e6ec88b15cffe34b61bb607ebd249d0fd67a,5b7b2fb0fd44b273963b43c8f2c23b383f7caa955b68bb55989eac8d761f8546,p003,p003,swipe_left,23,2,accepted,,train,1000,37,1.217502700001205,36,0.972972972972973,1,0.13916395383630337,
swipe_left/p003_swipe_left_0024.npz,4aa4ddaaee1011adcaef12bd7da4f31b543b0d84842d5c681cf47cc2dd9f9dd7,f6be5dd0ee0cdf0728e8784c3e098813063c4b35e8a9b689b268119729346025,09f7a0a5bbffb58699be8fc0959cf73795fd9291101d35e60b626750e330497d,p003,p003,swipe_left,24,2,accepted,,train,1001,37,1.2179145000009157,36,0.972972972972973,1,0.12324571331953657,
swipe_left/p003_swipe_left_0025.npz,59c85e731c1080b324afec38660d8d7c1810cad0020dd1c104b38e2257bc8748,1732500974152d51fc52c9147ae4bc680d75b3b33a8f1b447ce7dbf097610f3f,5f3ea93b3aa8ce52112fad3cbf832240365cf4fc9d0450dd82c9076149253a3d,p003,p003,swipe_left,25,2,accepted,,train,1002,74,2.4637958999992406,73,0.9864864864864865,1,0.12898304409553962,
swipe_left/p003_swipe_left_0026.npz,202d63f41ae551e649b64ab8cfa43dada4d9d5bea80df4d7a20bc635f3a8e712,be71ac41ffc90f92652784097d29092b67abd0952e42280770b78b67c6a6fa58,3889fb94ccbb492955e417edf4872eb3bd0054c2933b3faa21c4c299a0ae12ce,p003,p003,swipe_left,26,2,accepted,,train,1003,49,1.6172097999988182,49,1.0,0,0.13274476591597525,
swipe_left/p003_swipe_left_0027.npz,7aec482d5ec15e6b269629691238929e8e541ea74c629bee2a746d80c92b2924,ffbb5a018434c831eaea6f1ecdd95ca5c22639d1fb2efea4d81cee9ad8ac1e9a,af6eea31ae0754849f6df5f0d0f4f00716c45f56719af54e9f7f7e51ecc0aeb2,p003,p003,swipe_left,27,2,accepted,,train,1004,53,1.7621070999994117,52,0.9811320754716981,1,0.1320204727856769,
swipe_left/p003_swipe_left_0028.npz,fd0a4f523497de8615158a9dc22f420f402ece925b04976ed71e4a8a77f4e905,2c059f1506c3bdf920e974c11af96677a7bf266ac376222a2c48073bf7ae91b9,e0e50bf88f542621e71325fd6c8e0ab8d1991121e41ce5ed4b66d2f46774d6a4,p003,p003,swipe_left,28,2,accepted,,train,1005,58,1.9186005000010482,58,1.0,0,0.13654619523613334,
swipe_left/p003_swipe_left_0029.npz,3e5d7f381523286bff0fa69f300f1309a4d268933891e90c956771586bc134a0,b7dd980de49a8fbde794efd08d5aade188db1ebeb364875cb3085ec28dc1d840,f6298630f3855a3d02e48f0217b57f1068dd9788d640a6fd8e08b4df2c24c1da,p003,p003,swipe_left,29,2,accepted,,train,1006,48,1.5870877000015753,48,1.0,0,0.09610663412923184,
swipe_left/p003_swipe_left_0030.npz,eb28687b491907bdbd50156b364e32c23b5a391141c42ce455d50426fa542c7b,d67d37814d68fcc5dc492203d50573df0089552cedd8b24e557693caf16c4e24,6150f5ebd3076e563d698b24075579505e4bac5c86195ac57d5427618a04828f,p003,p003,swipe_left,30,2,accepted,,train,1007,61,2.0343099999990955,61,1.0,0,0.1094018733250857,
swipe_left/p003_swipe_left_0031.npz,5738060f595686bc25d8b3f9c3d2682d5adfdf4a82b3d88f6df4d99f75ca0bd2,5bc681199b2f06c06691feb46363dc97528d20cab624b59d88ed6cc3085a91a6,ad54e859a9960e50b953d750ea006aca12e243bcb33cccd75e60467b67b881d3,p003,p003,swipe_left,31,2,accepted,,train,1008,36,1.1836361000023317,33,0.9166666666666666,3,0.1007482476301725,
swipe_left/p003_swipe_left_0032.npz,8fce0efa3b92f186915c2abdf1c4c0229c9717e8fc303f7f7b69e28fb718d3ad,51cc25d078314a2dfadad8971291181f9e7dbaa738b311f64ee1f56f2220fe90,6e70724c83ec2fa436053df076244b527eb4acfb4ae3cd3073776c304889bcd7,p003,p003,swipe_left,32,2,accepted,,train,1009,46,1.5211015000022599,46,1.0,0,0.10466660517494944,
swipe_left/p003_swipe_left_0033.npz,4e3d2474ce5d766b8ca52e8a9e26ba9065563f40f1b665721cd470bb2552aac6,e17464216d9333099206b4db3452be9e540b93dfaaff7fb6e1238568fe85b98a,844fa99129272f158ac8178bc1db343612d526c4b7b2f2d9a6360f1eb59eb67b,p003,p003,swipe_left,33,2,accepted,,train,1010,28,0.9102571000003081,27,0.9642857142857143,1,0.108098891988476,
swipe_left/p003_swipe_left_0034.npz,88b2bea2ee6ea763acb01c44ab3dfe5ec6cc676db007848467c7383a772aea60,e959a661359891f184ad68c40dbd208853dd835f0e051444969e76d14687b8bd,c98217642d01f8500110337ec55b6c53cd1c63e033e0e50ac5cb59054c44a2ab,p003,p003,swipe_left,34,2,accepted,,train,1011,33,1.0696642999973847,31,0.9393939393939394,2,0.10874338874767875,
swipe_left/p003_swipe_left_0035.npz,cc7a0aabf62556f12dd08d4fbe831f887dcb0e948a54e302585f9d511d443a1f,a8bcd3e34640ac0273c402e199ffdf34d5ce8d89d4602e760b77dd7ad30d753f,7379312fc19832f0b2e30719922105a284606c08274148d28c1b43fdfc019051,p003,p003,swipe_left,35,2,accepted,,train,1012,20,0.6371803000001819,20,1.0,0,0.1504496738311331,
swipe_left/p003_swipe_left_0036.npz,438d81637a54e2ed999d5815b9293d60aeb3f714d48d33913c7d118b55463844,ef70a626a43bdc4b18786f71957ba892546847b7b4c15ddf2e84d316ce5c4211,e85c041ca599e437e4d4300e71820523169caae8bb23780d4e30f182c72266d7,p003,p003,swipe_left,36,2,accepted,,train,1013,29,0.9465729000003194,29,1.0,0,0.13787667157755476,
swipe_left/p003_swipe_left_0037.npz,78c9d5b36a002c7097bb6f8a43b7c3a1a0ac8793d11f1c27a7f456bbf83e6607,9ae345e40040f7692530ba92556880c7f09edb90de2e05f3cf88c79aba2ad2c1,7fde3dda03ed9e1b95bff3685b9ea9e6eec8bc03b726cb5b24e9aae84f3e1545,p003,p003,swipe_left,37,2,accepted,,train,1014,20,0.6410853000015777,20,1.0,0,0.11714939429823365,
swipe_left/p003_swipe_left_0038.npz,9f004c5b053e9b529dd53314bcb81e59e8b27dbe01c6142b1c570cb59be39f93,52ce207e2b4552bd7f36c1389cb36c2015ecd02df8d5404b92bb0733e2b20f30,13d4761e4bd983212fff34c86fffcc7a977cf91a72aca16305bbdabf37bbbf9e,p003,p003,swipe_left,38,2,accepted,,train,1015,26,0.8322055999997247,26,1.0,0,0.11720836466218515,
swipe_left/p003_swipe_left_0039.npz,97a058c984cc5fc91896ddb4cdfa72ce4b0d0e3dc904ad6bb2bd9bbde798a382,7ef57fd7efe946f82337b76587225c820a8c73d2e53a722f84f198321a5534f5,cc2e7a872b517039882ead0cd1a5b8e4b6a5b4afb4bbe31d91fccf73a5573535,p003,p003,swipe_left,39,2,accepted,,train,1016,36,1.1846761999986484,36,1.0,0,0.11524551975439969,
swipe_left/p003_swipe_left_0040.npz,b32f7c52440799de5bff6bd97162a9fe7eb3dd3fa0492a83eac0df45af2ed78b,196be5c2c312ef3748507fffe95ccde375708401b1e35a6b83e03109e2286a6a,8739d9442fca6cbee66e070d7185fd1461b4a1847bf94c2e9ff998a42dac5c3f,p003,p003,swipe_left,40,2,accepted,,train,1017,25,0.7997278000002552,25,1.0,0,0.10967930816372704,
swipe_left/p003_swipe_left_0041.npz,2493aeaad2c0790e9910038fa6104227d8038d9712c4aacd8747cbfc21fd282b,35e8d82dfa6c3e66241ee53433ef5f823beccc96c99b379636c8bfba9bb61fa8,56dbacfb75e7d851f5446bffd265917d6c964becb03a9f17514579de117d8b75,p003,p003,swipe_left,41,2,accepted,,train,1018,43,1.4077953000014531,43,1.0,0,0.1097844550128694,
swipe_left/p003_swipe_left_0042.npz,957ed20a307ccd43c307c26dfb51c6684480caa79b5f608a2a955815944e422f,38db394c5c04a64d5f8caa25d5b2014f6f159775e6242da13ec3d2907293197f,c1d38d8ed3033cc00a48265effd5972da33ad4dc9e4fcc64028354c3044ba3fe,p003,p003,swipe_left,42,2,accepted,,train,1019,37,1.1969462000015483,35,0.9459459459459459,1,0.10625018124785104,
swipe_left/p003_swipe_left_0043.npz,dc692e7c6aeb8ed8b6d8c8db0a18ecbf091441128c9491f4f529aa5c631363e4,7619845d46adc91fa31684c106b85e6bb689ff6313e4497634cd116f9ff80dfd,ec821d5c0d10dde94e8281d91d06dc81e2d3d19aca2fd0f8945bd54a73b28f4f,p003,p003,swipe_left,43,2,accepted,,train,1020,35,1.1504950999988068,31,0.8857142857142857,2,0.09444386148235719,
swipe_left/p003_swipe_left_0044.npz,2ecccee8c8784c69763c94dbd7ac0ec830a5d4c603ee24fbd03034f0cea6809a,4a5a4d5f08ec106ebcf5219bfa3031d329250c0d11dcf063a12435500fbf9400,5aa931d0eb46c073c5292ff255a21a3082cfe788ef477592a610ca8cbeef0939,p003,p003,swipe_left,44,2,accepted,,train,1021,63,2.095121800000925,62,0.9841269841269841,1,0.10503425940783565,
swipe_left/p003_swipe_left_0045.npz,db47ebf024e5858889e5a076a1aea546e841937629c6ce073e1d6aff457c9ab5,9218b2df65f865cedaa8e53f0ca8489221fa16bd9a797b5df55031fdccd0ba02,5545085c431253b7c2da8f0bb20a1c9356b064dcd618f0b5d397d978899dd8a2,p003,p003,swipe_left,45,2,accepted,,train,1022,50,1.66489619999993,50,1.0,0,0.11535865518646264,
swipe_left/p003_swipe_left_0046.npz,4ca4f00dad6aad7f54ecd44530178aa9c4aa5a323bbc3b38671a60ac46538ee9,0eb01ceda9efc02aa294bd31e7b8b803ddb029e4f3ca04cc420e8ab6444f01b8,13575b5d43efb3920a16bed1e9a01e173779a0b26e99bd3c4b93d866e92b6614,p003,p003,swipe_left,46,2,accepted,,train,1023,42,1.3772391999991669,40,0.9523809523809523,2,0.10903294153321685,
swipe_left/p003_swipe_left_0047.npz,d06dbf7918e24bb17cf4d0b243ff296934e9fa00621b8c311fba71003219bf16,420b6cc1c0c1875ffc5305e64fd09167415acd47676835c6a8e2cf681c83c4f9,4f4514511924854afe65ce07c33ad9738090f5d36919d78ed199f6c7898b2cd7,p003,p003,swipe_left,47,2,accepted,,train,1024,40,1.314222900000459,40,1.0,0,0.11057320077509555,
swipe_left/p003_swipe_left_0048.npz,99ff759419d14bfea23922d912593e40bb1b04a4dab5254691b2625e29d0e037,51394b188143d97180bf33907526509883126bce43709d03fd6e7ad77ba9c7bb,9355405ccdc96c6b7fa864ef6c94a63d9c13c09bf69bff104772d659fb95797e,p003,p003,swipe_left,48,2,accepted,,train,1025,47,1.5489011999998183,47,1.0,0,0.11663083975804972,
swipe_left/p003_swipe_left_0049.npz,b86b7a5d20931f929a615fa0658faf5f41b077cc20c43254237505d8277deae5,35f20124ba55373a4685fa6cdcae94a0947e2352a7d72b6fa9bf9bb76663dd98,aa879b90fec815731dc5c7bd8310d905887381703d0b1134df1d08dde8d19029,p003,p003,swipe_left,49,2,accepted,,train,1026,43,1.4062151000034646,42,0.9767441860465116,1,0.10977856802773187,
swipe_left/p003_swipe_left_0050.npz,ceb61f49c4d73cbf33d89af301822b2ece2c3dbc71c52e68d17bf245059a440b,cc15ce0c546298a2435ba63302fb7a2023c3ed5471e23ee6b1bdd021966fb5d9,f58cd4563d272ebc75809967455e4f0a38be59a1db113c439de0f6438acd4d95,p003,p003,swipe_left,50,2,accepted,,train,1027,48,1.5837379999975383,44,0.9166666666666666,3,0.10299980024860661,
swipe_left/p003_swipe_left_0051.npz,3f131ede1a808d6ba122e38c991115b611663fd26e875f612224a09bad1cd0b6,d6f9b52925966648e630359d6ffe2def9d562dbd601b0042cd87a416de206f30,0b06c3f9289744eca63215008f7c900dde8805bec0da898618db23b3b55c485c,p003,p003,swipe_left,51,2,accepted,,train,1028,35,1.1502796999993734,35,1.0,0,0.10753160192025242,
swipe_left/p003_swipe_left_0052.npz,6795641dc82e4cd753355aea1085a0c445d218855fc77d55797772c11f77ff15,d5682843a1faf199ca1d51d8328f9584ab0ddc0cc8eb2c01191dc0867fef06c7,0dca44f1f17225afdcf7feddece8fd4587f7899f3bb4e98b62d4ec7a2dc742c0,p003,p003,swipe_left,52,2,accepted,,train,1029,42,1.3940158000004885,41,0.9761904761904762,1,0.11233455880673607,
swipe_left/p003_swipe_left_0053.npz,ab3aea8fd1214ad691a1319730bbe83c38559d817072dea5816be987f3244d58,afc11f3f2cc4d72bbc71defcedce6950a6e04cb61469b68bfa55fe9f6caefdc9,e373ba127317bc8958760fe68432a9d7d3baf18c6aace57c6f026bbd2735fd58,p003,p003,swipe_left,53,2,accepted,,train,1030,31,1.0101607000033255,31,1.0,0,0.11936595868138986,
swipe_left/p003_swipe_left_0054.npz,937b191290570d9bad1c574e1f2865ec2d3847e15dd3e957783386fad9df6c30,7508222440d12abebc30e901a01b2a4c9de8dbe6f41340ce558b54c1a4a79f0a,e292aab0838dbfa403bfb22008ffc3bd1df7546ed074e799d242ea6c664751e3,p003,p003,swipe_left,54,2,accepted,,train,1031,25,0.8159149999992223,25,1.0,0,0.2287775571798472,
swipe_left/p003_swipe_left_0055.npz,5516a98aa88702a8d18975047ef50cd68efb1d37b73f28fd0d37c269dc00969f,d348ecb227523ed1b3cc42add6b94422e5c811364745c90c6a33b3e21068960d,39640368d30ae23ac9fdbb6b461569cca027ee3a7ab1498f6991048d454cdaae,p003,p003,swipe_left,55,2,accepted,,train,1032,45,1.4879102000013518,45,1.0,0,0.21989798892574333,
swipe_left/p003_swipe_left_0056.npz,f2f2d6d6d7989e5a98cb256d5e3cc52326d1ffe22f3c884b89f730adc7e4d302,f2f5c1e8146765722dcb59c67651b7f3f47584227f176857750d1eeb1d73d575,a17133cad10f408abc4ad4dcf4783cc23fad833da1f53e283a62256219824114,p003,p003,swipe_left,56,2,accepted,,train,1033,35,1.134767200001079,35,1.0,0,0.23735772385675624,
swipe_left/p003_swipe_left_0057.npz,c1e71e32fa3f27383c13837dfbcac7b72c74ea6b738c03e1acad43493376a669,ae06c7e5855ccb3a9e757265ea9c784d0e57a12ad8cb8aa17251a87b720eb87d,413ee29ea2213228e06c04ec3e13a3c657db5af9c59a111c8cda4433b9a68589,p003,p003,swipe_left,57,2,accepted,,train,1034,38,1.2645441999993636,34,0.8947368421052632,3,0.24714099531621114,
swipe_left/p003_swipe_left_0058.npz,2d7aecf2463d02b172f52178883ecc95f16cbb16537a8e961bba901949ee570c,0d0c0821370a08984874f9117096a979931f71b5932d7c64d88f9263810aaaaf,6c01a8ecd36144ef83cc048c5211ca60cb4d92774e153a3f9f2cbe0eb894fce0,p003,p003,swipe_left,58,2,accepted,,train,1035,28,0.9130560999983572,28,1.0,0,0.22933827390183753,
swipe_left/p003_swipe_left_0059.npz,d2c5e5c3e883da74155ce24fda78353ec8f4dfeaa0bb92dce850a1aba81a99fc,bacff1a1264cc2ccf86c28db7b2767c1c7efef90202dafc8bcaa4444dae4cf71,cadb0abac269140da402eadb85df4d24052e1fd8e5717c88f95c784379c8c047,p003,p003,swipe_left,59,2,accepted,,train,1036,42,1.393379899996944,42,1.0,0,0.205726489913331,
swipe_left/p003_swipe_left_0060.npz,b4eeb8510fa63a43e0715e4a5e8f13e838e15e97c19d739830ab0087150e57fb,f9d8941c169c2b273961561b8da0d0e5ad42a51b7b0b84efdc7772db644c69ed,0e19994972cd2b944b9d60c8b8e5906d81f177438b0b19d670f5f307029bc3c2,p003,p003,swipe_left,60,2,accepted,,train,1037,25,0.8148775999979989,25,1.0,0,0.2279685085806728,
swipe_left/p003_swipe_left_0061.npz,35c31ff02958f1cb815a823ab56a0cd6abb70a32f00650db4e1995ee8dba0897,c6b07e14038ec186c8a3167bef6bb8bf4f2d11f0195b226251cf832bbb805083,c13bc086ecdf91440cca0e3886e0a5f4fd80321b912c01789a7da9fe2f29a9db,p003,p003,swipe_left,61,2,accepted,,train,1038,38,1.24946760000239,38,1.0,0,0.22211758531907122,
swipe_left/p003_swipe_left_0062.npz,97b6e1d28f4f9882f072782dd5d532ec3cdac90f03b3124b3ad01d70cd45ab82,f61847f01c7ff97d08a4331f3552b3a6fb1471e0eda89b6069249cc645000920,46b757ac00b7b1271cc0309d4ae4aba9e145c2203d3f7adf8365bafe96e9b19c,p003,p003,swipe_left,62,2,accepted,,train,1039,52,1.7252065000029688,52,1.0,0,0.19755544957904753,
swipe_left/p003_swipe_left_0063.npz,61ad17502672167994dd1ba1b8823fab356d857cdd07363004716fad2eaed2f4,dfa1addc66f7b464f25fadcd83081f38d29aea233872e9e26dbc854dfa6273cb,bb9e7ac003100e1528ed238d0bb1de7a33299484efca551bece27c447a2610f8,p003,p003,swipe_left,63,2,accepted,,train,1040,37,1.2166990999976406,36,0.972972972972973,1,0.21161298438837345,
swipe_left/p003_swipe_left_0064.npz,0ce10af1066fd2116aed4eb7c98caec4ea8997d060f1875105cf88f84d5ebd59,b563f73488368af9972cbbe55e994e488403c6a3d0575d031e8e9a9ec0602151,a5ddabe0bf4651b0a1f39b173fb57e87f7472ddd3d996a04a27495bbd66e8a6a,p003,p003,swipe_left,64,2,accepted,,train,1041,41,1.3594284999999218,41,1.0,0,0.2154694303864066,
swipe_left/p003_swipe_left_0065.npz,da536367761f39f8d45b6cfea6c47445f874bbb0397295485db63d94cd5c95c7,e4c4311f31d9fd18f8d37c5ccf57e62074b0f7da5ff92fc744c79c0f51da00ba,2fd7d9d91453fdaf769fb1bd47335cf2f75e55c16b5d9e2a47528fa61ed6494c,p003,p003,swipe_left,65,2,accepted,,train,1042,47,1.553504100000282,47,1.0,0,0.2115278819571802,
swipe_left/p003_swipe_left_0066.npz,0dcb8b24928a80c919f8946d5d1d679a3be9ee7391a12a953449a59a1f00a56b,a61d443ba92dc891848eb11ccf95d24419607383f060ab4df0789c19d30eaf85,57b2393f003387209b662e59f6794ff45a4a562ab8b71c36b904ef2eee24eca9,p003,p003,swipe_left,66,2,accepted,,train,1043,47,1.5510211000000709,42,0.8936170212765957,5,0.22384188776883174,
swipe_left/p003_swipe_left_0067.npz,79d1f1b3e5d7cd67cdb61ae626a236cc19fcb467d9f61ddd4b668d0295b77542,cabd097ca27a63d4d57cba8a0b824761e266c4049283249cc135839231ceb5b3,67ff5321ad7a94cc537e5336c12e9b87b9c3c4a57acfc6271ce18c2d400c8b98,p003,p003,swipe_left,67,2,accepted,,train,1044,31,1.0082587000033527,28,0.9032258064516129,2,0.20493701820665916,
swipe_left/p003_swipe_left_0068.npz,a2fb3b32e188e396100d04748092d3f4f8291a5b71b6aeb37f10fd87154c0c55,7f47a55c33225bf079154fd6e01bdcf40879e2194a9ec03744de788449fe30a0,ddb9ee4b7707c4aa96ec3eda2b5962769c6e906f275e564d9cc3aa829a3ce5ac,p003,p003,swipe_left,68,2,accepted,,train,1045,34,1.122965500002465,34,1.0,0,0.20103975401337326,
swipe_left/p003_swipe_left_0069.npz,93019dd8dace79a953e66d8244425222d541a0a50aeaa5b8516d97177cadef6f,6932d601a52508e03045407c8b96e9e17feb2015e3977b4d66712ebe9ac00738,1d2502918e7c52362bbf3d6671591afc01895f9805b1916cfd7a22535428318a,p003,p003,swipe_left,69,2,accepted,,train,1046,25,0.8141541000004509,23,0.92,2,0.2097981974321025,
swipe_left/p003_swipe_left_0070.npz,46ef9c367294dafba157b2e47f27eb6a4ae9821091def020ed1903d19312a0be,3e1bea2c638326e36d0415eb9ae4c5a7d00073a7ef5a8a8dd5fbba473546f02e,8d4893af389747e53e840945fc5f3a19e2ffa89c8b10297e4347cb46192d6773,p003,p003,swipe_left,70,2,accepted,,train,1047,24,0.7696804000006523,24,1.0,0,0.21240531613277067,
swipe_left/p003_swipe_left_0071.npz,9f3b7b73d5d2b39ad1bbfaf5755be913e9f7cd0d67b29d90a0d34851e1eb78fc,446f971cf55baa9a9c907b76d96a6bea618f8cc040ed893ec9ed32c0bbeb8cbb,e68bc3711b780016a12102ac3090cda362ff6638da92dbe04ca929b99302972e,p003,p003,swipe_left,71,2,accepted,,train,1048,31,1.007870000001276,27,0.8709677419354839,4,0.2115990689347137,
swipe_left/p003_swipe_left_0072.npz,206c30d7b71232112b7c0a6db8e9c4c97d95c9a1b41e10f1c0a6b4159425b628,c47a0b783d67f6bcfa4bf392e8d2d5b0be14db8794e90fe4922ee601b4e24fe5,f08e5207535f989f3d641ad93289401557aeb88e32888bfb75c2fb2d06410ee3,p003,p003,swipe_left,72,2,accepted,,train,1049,27,0.8813872999999148,22,0.8148148148148148,5,0.2213565907470099,
swipe_left/p003_swipe_left_0073.npz,8983492bf9735b084c74e5aff87bad581edbde347a28d45c1ae431780cbf845c,7ddb3dca4cf058b89764c5a8dca98bc45139ff8796bda6270a54e19b850b3e67,0f0806036c85887be7e2c64c06d0297fd45f5b635f199f6b507452bbaef84176,p003,p003,swipe_left,73,2,accepted,,train,1050,25,0.8136621000012383,25,1.0,0,0.21595911774247753,
swipe_left/p003_swipe_left_0074.npz,0eb37af65f2fef88540abad2e74ee45fb5072857b9148af9ee18e2372cc176ed,55d111759d81dfccea187ed536fbf8570094bc6f9f4e85098a7f5decf8eaa66e,fa83ebc12b309c32f8f68d9405e5a8d1dfc7cb6dc420e8c63afdc6f2bd3da2f6,p003,p003,swipe_left,74,2,accepted,,train,1051,24,0.7687590999994427,24,1.0,0,0.20564547792020982,
swipe_left/p003_swipe_left_0075.npz,b46a688c71a0fcc83b89dad41915e3b5651b33f29482938dd890d4b0ad7abd23,efbb705b87e7e9fb3ccf9d70453fab7f25acd19a9f7ef9f7442c5592433ab973,ef56c14647787bd805f28a61713d0a8556fd92fc53e4d5681f99b8f2d983dc22,p003,p003,swipe_left,75,2,accepted,,train,1052,23,0.7364860999987286,19,0.8260869565217391,2,0.11163406264606561,
swipe_left/p003_swipe_left_0076.npz,22aa2b61493c9bbdabf9446486d9d780e6ab10122dc564cf176e3879557406fc,40c9191a6bb3f60dbce506c74baddd41d64ea61bbedb7d0d8ca87be9752c176d,1283c877a0b2aa557eab7ff7289fddf59327beb728c14fe88d0983898b6393b2,p003,p003,swipe_left,76,2,accepted,,train,1053,26,0.830354300000181,26,1.0,0,0.13653866676682974,
swipe_left/p003_swipe_left_0077.npz,e79e6310bdcb48755f345b0804a7a69e723ef56e916fec17adaa514adb6ed0c1,514a66112e0838ace94f7874f041b74dc8ecdc0846511ba00d503ce21d8ce1f1,ef430d761280463c8cb689f7264ae454410ba402beb676633b5d041bb3b8de94,p003,p003,swipe_left,77,2,accepted,,train,1054,24,0.7837760000002163,20,0.8333333333333334,4,0.12553519745545993,
swipe_left/p003_swipe_left_0078.npz,d6a22f0e027c56786de325e3e39dda39ba41506ea67e971e7131cdc440ed93c3,0aa91f880c99b89fb43d86f7f08aa39c924bca129ea803839226ebe740307164,4c8a69699a1922d4d738608efac3efc61b0c97e4e238a3926d2b933a92b99a7c,p003,p003,swipe_left,78,2,accepted,,train,1055,25,0.8156736999990244,21,0.84,2,0.12043681877812626,
swipe_left/p003_swipe_left_0079.npz,19a5ab6e539fc6421aa1a667751d2f9cedcdda508882df86fcd42a2f15959b3f,6009f667302c33e90ca51cd816a21380775005850b8f959979a3e50dea2a268b,866153a293db51e74ba4a3acc9a637d375e88ea8d429233800018551b9fd5834,p003,p003,swipe_left,79,2,accepted,,train,1056,21,0.6694639999986975,19,0.9047619047619048,1,0.12088184118622779,
swipe_left/p004_swipe_left_0001.npz,1f98c2671a7129929e2276617fbe254c557c86f518849a57a73335f2928eacae,3196a30d3b83bde0edb48c7e0eba4c95cf3b953efd097e2f06ba3345288facf7,b79b644710b7238dfc04efb3a12902cbf058ce6b8ce59720c02b3f9ccbf7a62c,p004,p004,swipe_left,1,2,accepted,,val,198,49,1.583261699999639,49,1.0,0,0.2691053807901635,
swipe_left/p004_swipe_left_0002.npz,c5228d2533b409a02bfcd5cb5939d8dc9b7bd6018544bf9495d3155167fecdf0,33a45e2b9ea7f4d1e0ec57320b849a0edf54db5a3b82e08c8af7ed5f91dd2f7b,9d306bf38a3f95d1b2a0b7177c6e28a7d1b5c089c19700a618f9c500e385069b,p004,p004,swipe_left,2,2,accepted,,val,199,47,1.5363787000005686,47,1.0,0,0.27334393761639103,
swipe_left/p004_swipe_left_0003.npz,482d9f0019eb973931d32a8cece8cd089680943da25f6b8dc15c3d679070c2ef,f527fa2b00afe859e89b3baa4a0d96001fa8ee14e5a16336138235f17c284c5c,7cff8b026199d2c9e7df5b4c78d85b314d59db72bf6633830528c1b88680636d,p004,p004,swipe_left,3,2,accepted,,val,200,47,1.539110099998652,44,0.9361702127659575,3,0.2866853550854054,
swipe_left/p004_swipe_left_0004.npz,9def6b6748da170e3619ee1ba015874c561d22dab441385f25c79d44e2543eba,0f9f4d86efbecd751ea015ea163c8aa5ae04c15a6cac72ea46702c108f6c798e,34d7d5aa825fcd5c68954ffe69f69a19ed8f68d6e7ff2cf51388159240f786fe,p004,p004,swipe_left,4,2,accepted,,val,201,53,1.7374822000001586,53,1.0,0,0.26149588133100266,
swipe_left/p004_swipe_left_0005.npz,93b09fb1c837f32a98ef377d7fcfd2e94655f0c92b0cf9ea377941c8610b5866,08972a25a4e1ae3e96c793548ae03f8e90ad8f8fbd9a56dc189af69c5411d151,61f5daf8dab8f228869bcedd87d05a2473301c7ab8727786b25927fa3c7743e3,p004,p004,swipe_left,5,2,accepted,,val,202,51,1.6746421999996528,47,0.9215686274509803,4,0.2857545134297984,
swipe_left/p004_swipe_left_0006.npz,4efd08de6a1dba39ca9284fe4d5dd3b67e077627669738d88aca01e83d3d2776,1cd6bb023e747b5ca5f4b3e170bfcfe40abdcf15b14066e22065b47daa22d1d5,32eeb9db9c62de92bcf5238cc72a76207eaf9f45e4ad2a0f097cad7303c55726,p004,p004,swipe_left,6,2,accepted,,val,203,56,1.835563299999194,51,0.9107142857142857,5,0.23166326936745327,
swipe_left/p004_swipe_left_0007.npz,1ac6ffe321ed240bbd728a8569dc8b1ff231ca195cb5bfa5040722527b79427f,e661b242dc6e5c738b64fa6a15edc7768601f7cee75d9bd89f429224b746b2e3,23fa10061956aa20d295ff54bbf2d9973657969d258da2191dfe928f4a42a306,p004,p004,swipe_left,7,2,accepted,,val,204,47,1.5254791000006662,47,1.0,0,0.2675151278775895,
swipe_left/p004_swipe_left_0008.npz,73d5ae58036d23c3f5786259c680daa85fe7be2b21aeb522e7416534a1e37359,738e13404f4279b9c2cb6f72787e6fa409bf94cda7a6a8cf297226d69750992b,0ba56c0641c97cf003b1dfe59075fd35d48b6423c67862531641b09d78776281,p004,p004,swipe_left,8,2,accepted,,val,205,48,1.5690770000001066,48,1.0,0,0.2518446902155612,
swipe_left/p004_swipe_left_0009.npz,070d51aaea3b902c9ee0c688e55c2f9770c1496552ed613f271880edeebf539e,18e9c65aeaa4c70eea2041a515d8687d782d3cb95e1346bbba6bc18b5ef3ab8d,b29ca3d9ece1be4fef916c3f50ce06a10173151201a924e148414a4662f63819,p004,p004,swipe_left,9,2,accepted,,val,206,55,1.8199232000006305,54,0.9818181818181818,1,0.24850938911662923,
swipe_left/p004_swipe_left_0010.npz,ef8bf167289a782a61e627c882207549ed7ed3f2f4604059a807cf358bcf67ea,92d2e9895386da4a3a31ecb2b7c2a09b88e449c50b3ab20ee008fb802b0680a9,69e282761ddab2da7b507f3196a073035a66aa8aa90c83fab01a005203bc1268,p004,p004,swipe_left,10,2,accepted,,val,207,50,1.637345600000117,50,1.0,0,0.2547288411209656,
swipe_left/p004_swipe_left_0011.npz,d1b8d74be5d5a9c7c5d375134e00f43ef0534913c9543301749f5b50ab6a4189,7410e0f44a7d22de709480d5c47178f8694b0b1ba0c2cc4ba4a03074c772a1b3,d6539ecbe4b4335ec6af996fef7ba8b350861d1b83d95a6d599b18218b4643b0,p004,p004,swipe_left,11,2,accepted,,val,208,51,1.6766170999999304,51,1.0,0,0.24506337859821206,
swipe_left/p004_swipe_left_0012.npz,e4c50198ae6253890a0a710011e470b345aead22f56ebcaddc6ab6940d3dc92a,6aa935c3e86b8f46beb815d249ede037aeb8884e18969128122213cbc54d6a53,73bf57635fae9c7f873f58a5639d304241511d2cad389bc68061bed1903f845e,p004,p004,swipe_left,12,2,accepted,,val,209,60,1.967015000000174,58,0.9666666666666667,2,0.24148924934795668,
swipe_left/p004_swipe_left_0013.npz,a40aebdea91a6ea1eac6a20413f2ccbbc7835fa420eb6ce83c7a8c50fc526ae4,ee2b868755153c53c29670b754b48212d0d3798fdd1b533c4453c117d7cc9b8f,fd7126714f31fc8a8b908779099df6e22d53d391704cc3da3f02c99f9cf0692a,p004,p004,swipe_left,13,2,accepted,,val,210,56,1.8340052000003197,56,1.0,0,0.2360620232834672,
swipe_left/p004_swipe_left_0014.npz,7e7168c74f3e60a726b46e6077d5ea25d57c0b99f21e0ed0232f7cc3c53791cc,981c29aeb8d408b0b9e971dbd2253d84a50ebf60e4cb18be419beb880f8fd50a,42364495ac582a0febca7b5b0a24cf81c0a743856cf460dfc1d21796f66abe0b,p004,p004,swipe_left,14,2,accepted,,val,211,58,1.9147830000001704,58,1.0,0,0.24695037205870737,
swipe_left/p004_swipe_left_0015.npz,97d754b4e8908ef82c2331fe079fe052b682d9a3cf4721d8a407226146aad08b,1197a2ebb25f9526607104287e84e5918f8c6751eed15a6fc89dee686650df31,3edccafcff49df349480ae45cc68e5ad934a837fd29181b325924d285a217fc8,p004,p004,swipe_left,15,2,accepted,,val,212,53,1.7286502999995719,53,1.0,0,0.2597654900632964,
swipe_left/p004_swipe_left_0016.npz,f2c9f8879c481dd1c683bc508b5ac94673076900916adca11353447a2426d425,cccb18c3fd8606a640ce8a764708c54e8dafceb66292fa87ea87bb83ad3556b0,b241bdde1b5be67a076fca8ce6938fe53c19560d63093aa75d2839a82fb9f478,p004,p004,swipe_left,16,2,accepted,,val,213,55,1.792691399999967,55,1.0,0,0.21460581974622617,
swipe_left/p004_swipe_left_0017.npz,fe17c2fc05c8264e6bc62536e1c0f5bc5d7f9c3feddbd57d132aab79f9f371f4,fedaa30be2a532bf19ff478b87ba40c0b46370ade8ef0260566b2e0359673d92,6b11a546669f03d42ae15f37564ee37745f1657ffed5b4f94154a5a3b81a1239,p004,p004,swipe_left,17,2,accepted,,val,214,55,1.8204267999990407,55,1.0,0,0.1797390151392077,
swipe_left/p004_swipe_left_0018.npz,1e86ba983f4f667896084a79e0b41680c711e4309eab848a0f1099624404de64,3b5e56d83ed5707a1032d4439ff5c2aa97beb2e1bcb71b96226b6739eb96a3d3,14b0d958a029a69a1a8a4313077a2f690706cbd30b1f4b54c7b53a5c51054deb,p004,p004,swipe_left,18,2,accepted,,val,215,69,2.266967300000033,69,1.0,0,0.18326357560107664,
swipe_left/p004_swipe_left_0019.npz,6f43351ead580249c60af93a3a79fef3a02b5aaab7df628a76f0590407306d37,48c2e86e30e933c7b95c9b42809c71264d26b2722c20d64cf79e2e9b2b61342a,1c57fdec69abcda32315edced37f801814b04d1b7eea2f761d7817c624344de7,p004,p004,swipe_left,19,2,accepted,,val,216,57,1.875851099999636,57,1.0,0,0.18300899974308493,
swipe_left/p004_swipe_left_0020.npz,9ea041f4b898f3c84207d2cab728aec461ae332074164114d0ba3412785979db,d553d67ad847bdb9901a59a61bd5d67db0b048638f3c8246d21b5da80d58187c,028fe1cc1f08ca8efa8b7e23cfb094cb9baae82b62f307aba9a93c5eed18dd18,p004,p004,swipe_left,20,2,accepted,,val,217,53,1.7503648999991128,53,1.0,0,0.2773631224616576,
swipe_left/p004_swipe_left_0021.npz,e0bf30b14ecce3eaba3adb3879dea1ba40d5248415ed45c0239592756d33880c,b8e5b7e411297c03ccad6af3f11e861f4ef9f2f3272082a55f7258c7f9226445,4f1a2b11a262994a78b4e5cf98cfb3dc2356086b0912e9633307455865a43fb0,p004,p004,swipe_left,21,2,accepted,,val,218,48,1.5724333000016486,48,1.0,0,0.2310019290963085,
swipe_left/p004_swipe_left_0022.npz,da41ccbfe3dc0e50f3ff9fbfbd21b767ae9b1d4b21a71e75a574841bfc570b68,19bed30ca5984e76d2fc3239775bd902e38739679fedd7542ad3efbcdfb0abe7,b590960587456f064b7ebb94c79acbcac4c93af2f72f1ab746611127a90e79f1,p004,p004,swipe_left,22,2,accepted,,val,219,50,1.6333952000004501,50,1.0,0,0.23785919516955284,
swipe_left/p004_swipe_left_0023.npz,4067e5377405d04cd0b6372ec59b96edfa22e6aeac1383d4eeeba9a6ba2b8c18,6e3807aeb20ef11617662b0ddcb9e338dae9201ed8a7f35850ef88f894e45dda,5789f8a7b3c1a08bb4b79eebcde090d4ebdab98cdd29219e5abd1c79acfebbfb,p004,p004,swipe_left,23,2,accepted,,val,220,54,1.77089370000067,54,1.0,0,0.23207529694842094,
swipe_left/p004_swipe_left_0024.npz,caa1aa82d7ce6635bc05400926c825d70613f5a026ebc693a450883b0e76514b,f461bc90b53f2254ba78b59c106bad312c3b5f46e686f958c7f000c72e30ec24,25368ef16b2c97924123abd19550489e63579076ba1fe66dc12bf8378d0f6f05,p004,p004,swipe_left,24,2,accepted,,val,221,48,1.5862345000005007,48,1.0,0,0.2532754836623716,
swipe_left/p004_swipe_left_0025.npz,e42e08d8ca91746319fb242e780c09d53938b598e3c4723698fe3c18e9a5bfe8,413aee01d0030729c83fd9c3b116bf68f09145e043dd220edbe033d4d4f0439d,533d09f7b67a97d86e40c8bf72fffe1d940e495f5e98b84f6cd58f40f73424b6,p004,p004,swipe_left,25,2,accepted,,val,222,56,1.8341925000004267,56,1.0,0,0.2506899554186087,
swipe_left/p004_swipe_left_0026.npz,7bd5af70b583ccaa8941d6ef8395d85731ffe084e239dc4cbaa4a00f9c2f70af,4f7784ceef170e34811edb4d9921508e50ceccd906908df2edf50ece6e9a9344,796e3f09bf64631009805de8bb702dd0bd3f8709858d9c63511eb844eee4f4f9,p004,p004,swipe_left,26,2,accepted,,val,223,56,1.8470837000004394,52,0.9285714285714286,4,0.22391139570597565,
swipe_left/p004_swipe_left_0027.npz,701117096590390a855540e4c70697470c134193b33bcceae9df755ececf493c,bb0872a5d4b99e3359ee6334fa8b3c3352aa77c8e823c2c726bfebc6722cde1a,5834adc14c2382f27bfe67ad640c0d361ab267fb05ef4f9e322e3f47f81c78ff,p004,p004,swipe_left,27,2,accepted,,val,224,59,1.9527328999993188,54,0.9152542372881356,5,0.23029093488176233,
swipe_left/p004_swipe_left_0028.npz,bd216eff926912d819a413e71ca3e7c367fc4fe0dacf1c2e21bd00984d72dfbd,657762d247efe2ff4d308cbca119f1a4ebf683421be98b7c30e7489161db65b2,dd2ad8a19dbbee7dfbc72490ae1f4bc824cee3741ac33d69be62b10487403e99,p004,p004,swipe_left,28,2,accepted,,val,225,49,1.601121100000455,49,1.0,0,0.2263210325926879,
swipe_left/p004_swipe_left_0029.npz,555a37e0c3d30937dba576b9d1ef0b8f4792e81b5373799db1cf2dc7c1ed1a58,9932098d4fa81d987d00cbdf98dd724e8d52f244a435b02e32390f9d2ea4881e,212639eee03cec3966404f2e30d5ca75531454c271b2c9ae1743fcee3a1ce58e,p004,p004,swipe_left,29,2,accepted,,val,226,52,1.6948739999988902,52,1.0,0,0.2570380556823085,
swipe_left/p004_swipe_left_0030.npz,d0873541e8ee835cb04f69952e6e75994afb48f4c61767dcdbcc6942f7701b34,bc6499e95056f4e3a5300b2febe0f4834366b609c878f5f3b4e4fb89370544ee,4e92265e3dde380fcc541c7153b6579769bf2e3f2d64c2eb92b12544a7d29394,p004,p004,swipe_left,30,2,accepted,,val,227,49,1.5997002999993128,49,1.0,0,0.24784689263489362,
swipe_left/p004_swipe_left_0031.npz,8ae213a0b43b049dde24cbcc3e310f4fceb34a25a54b33a8be6b19691d2ad581,4e8d5aebe3d18d34bbea420a235c807ee32b8fcd62d29e2f8c2d85395994f521,e299f9c35d426d8d2058d9481772dabfefa775782c05fccea8cd6cd6888e6fe3,p004,p004,swipe_left,31,2,accepted,,val,228,59,1.9418896999995923,59,1.0,0,0.25420693029097974,
swipe_left/p004_swipe_left_0032.npz,6710dd3fbc2d6637419c0fab907e8d671ae385a6a11cd022000241ce1835db5d,ab8b5e9b0d7cdd4ad7689db0a4c53832c27ef53fe9c3f00bc03ec67005ff600b,dce062e9c83b6c8ba338655a4ed0e70fe74c495e63a713baf22e734911165e24,p004,p004,swipe_left,32,2,accepted,,val,229,44,1.441989900000408,44,1.0,0,0.31676573459060986,
swipe_left/p004_swipe_left_0033.npz,65353f9768eb362f4c0c56f5f08df831d91c804b8974a818c17f757c984586c0,ef671fe5a0d1f3e3ba5b0bd357a765ab1ccb548d268e73cab2a0e06e23c9f972,0e779c8075219d2c092ce153ddc42d4add05614e8411ce479cd1d05b3eaff8b8,p004,p004,swipe_left,33,2,accepted,,val,230,60,1.9699221999999281,60,1.0,0,0.22618125004881226,
swipe_left/p004_swipe_left_0034.npz,0507060000300b3ea2d1a82fa3a0c66649c1eb9cdc069aa42aa90db30480c060,a777782f4dd042f306bbb0ad8f754560b7bc23b568898259bb67bc55e9ff1074,75eab9b9fa28b8587fe7825213897e212474d9a688a37740e3bc62acc39fae82,p004,p004,swipe_left,34,2,accepted,,val,231,68,2.240773400000762,68,1.0,0,0.23613832196266055,
swipe_left/p004_swipe_left_0035.npz,4f0933d50b697547298b0d4f62c5bfed29003f27e6addf0bd2fc136a00091873,46b6ef20c4fb49f9c24167230ee18032fc16005de85806cface9258f66498593,d408c3812b73010f98a4ca6ccc571e36f90ecc0c36c5d86e5f5d2da396b40fa2,p004,p004,swipe_left,35,2,accepted,,val,232,60,1.9594368999987637,60,1.0,0,0.22089567478691813,
swipe_left/p004_swipe_left_0036.npz,c78aea9b96eb985215cfa1c90567a91b0d29b9dbba45194646c218348b0dc385,cceac5fa126d036828d8c89135d6bab7c2104c59974f419e39af681562399e30,5ea25d89834c8955838e5a26fdb3736caf4bacd13378012a28cdd7b33a53df60,p004,p004,swipe_left,36,2,accepted,,val,233,62,2.0524463999990985,62,1.0,0,0.21504164401371412,
swipe_left/p004_swipe_left_0037.npz,7e6b9a585d22d4e8b630c3aaccca99a20672dc286ca0eccd17536f62b8138e6b,c2613506d8a9e9ef475bd36f708d646dcd7dbacd4c4637dfa65eb8006856dde6,60f43e645d20e12087b6fce63871a529387d2b4c84c5afbf16a401de0e199f94,p004,p004,swipe_left,37,2,accepted,,val,234,53,1.7526796000001923,53,1.0,0,0.2349641298894539,
swipe_left/p004_swipe_left_0038.npz,0a6d434e0ac9592acc6eb7091e6f1bcd74e31d82acb1a5920830e960d394a02c,2383100116742ca3c7b9b0e09eb89d807e20c9215c0e65eb051861d443497339,f83d254b2f2aa3fabbb1410568d953a3ecdcdcf6e666575afa60fcb2c9f68ced,p004,p004,swipe_left,38,2,accepted,,val,235,57,1.8712634999992588,57,1.0,0,0.2438942472325999,
swipe_left/p004_swipe_left_0039.npz,ccaaf256d23516f7c2c35a2fda0b89305e56b8c01bfded12199a438b6e354feb,7bc8b4e802dfb3f947bc1a192259b8b5efc5c201e9a00f47a99020e709f310ea,6b6f3fdc4a70618f47567007a1cc6df947b1677aacab35f5ce49c593c09d4269,p004,p004,swipe_left,39,2,accepted,,val,236,58,1.8974517000006017,58,1.0,0,0.2202272951790057,
swipe_left/p004_swipe_left_0040.npz,8abbeebeb1e7c426e3b4c748aa9c16a8489502b1754fc76fc9995791b55f617a,6ba860cb5ee4b4a203530a416c4d0e135409ae9248b242122171e5fe199081f1,b5c737f7ef23623ab67e9c487928bf31b40eee7ab65b392aeee4f4d5fa5f2aa7,p004,p004,swipe_left,40,2,accepted,,val,237,49,1.6125494000007166,49,1.0,0,0.3042179733463085,
swipe_left/p004_swipe_left_0041.npz,889808f35f684596e68d18755c05a98565defe8b086b24cf9450ba45a91b3980,d5d247427f20828d1014a1800d421b329a8021343b512fd1d3cefb94175d54df,a9a2c8d9439bf3a4faa0aea1a572e88ab21f51739dc73650dccb9fc0580e50c1,p004,p004,swipe_left,41,2,accepted,,val,238,53,1.7533101999997598,53,1.0,0,0.25972610708577176,
swipe_left/p004_swipe_left_0042.npz,d0fbf4f571f5e1f054bdd9cba56b18981e059e84e185cedc6de145ee0e4defad,52a7594c2112cf8ae1b8ade6960eac1a392b5474d17bec9ce3970b0d8c8cf597,2bd21ab97aa25bc13fb4482d2ad264b067d7d798e021e01868254c2722c1267d,p004,p004,swipe_left,42,2,accepted,,val,239,54,1.7746129000006476,53,0.9814814814814815,1,0.24080788734981232,
swipe_left/p004_swipe_left_0043.npz,e382e394e592ab69d1a5a8be0b1dfa456cd71fba7073b495b301fbba65ca82e8,40c55f508ab8a6c19c20f1494896da210e98f3b108867424310867c3ac6ea0ee,ae3fbaf85b48192ac6b43073254212f387cb9226cc262f0c64d67c4ebf877ff0,p004,p004,swipe_left,43,2,accepted,,val,240,54,1.7593701999994664,54,1.0,0,0.256749423720131,
swipe_left/p004_swipe_left_0044.npz,c1a6ec1aac0ddd3e7313cc6e1282691b2ea67fcd9a2dfa55a71bf0d1c9e87150,a34c53ceed3ffed24e70610738640123b4a4f32fb9e42d58210482ee543ecd9a,d5d6001b97b6824d2d3a6b295974c3663328ca244bef6cf376d5d136028b4437,p004,p004,swipe_left,44,2,accepted,,val,241,60,1.9783090000000811,60,1.0,0,0.2612434394756099,
swipe_left/p004_swipe_left_0045.npz,252bb27ab4095a07f86eaa06832d815501e6cfd911f4a01763a400e347ed1f77,e3d149f1db3f7890afcba2ebc386f1fc009d625bdce033bb26ba81f250d66779,c2a79ee3f5744d7f1b8c203d1afe5a4a85f8c12be97855a24c569470ceb827db,p004,p004,swipe_left,45,2,accepted,,val,242,51,1.6815260000003036,50,0.9803921568627451,1,0.24464038901177618,
swipe_left/p004_swipe_left_0046.npz,0351f2381800421bcb2f470d11f7a3e1587acfbb065e8de36db40d45a3c7aa47,04dd4801c40818ae1bac9fb41c164bf26807575e965e8c9286c8fbe9dd0aac4f,00b3f10ee7a342f5b185e0f20b05ef9a8b9210e83b6ef0572af23db0fa03e65a,p004,p004,swipe_left,46,2,accepted,,val,243,59,1.9556061000002956,56,0.9491525423728814,3,0.2266784759186523,
swipe_left/p004_swipe_left_0047.npz,2f596cf2d85480db0d04022dab05157f06508258cb731eeee66e73f960a2fefd,65fe5ba9ea8112d5e542853d78b0c6af85873c3696adae76c6a24053b2be519b,312eeb4101f0dd664f092fccb307f2a488d97d2b888058df06a332b1e27975f5,p004,p004,swipe_left,47,2,accepted,,val,244,56,1.8507961999985127,52,0.9285714285714286,4,0.23052443718300036,
swipe_left/p004_swipe_left_0048.npz,7cddb29487bd80657b7c71f23b526aea8bc1e4c3aa5bcb4393433e676ec19312,e76be3213bf98bfe360d1df3d248546b517c82bb92a22ee9e49f11898b197e08,8f10af859f64e7e70446ef1fd0e2c477815f9c19c06a8ab41f65f029d33ab698,p004,p004,swipe_left,48,2,accepted,,val,245,42,1.3640277000013157,38,0.9047619047619048,3,0.24385966321903585,
swipe_left/p004_swipe_left_0049.npz,36a5c55e705250ed908ccc342fae00a49261df8975f2d04d95bfc96f3e1e0891,d43aa24db243e9b7f6fd47dad42ef3632d1be3b2833ede090d948361493a8122,37557692a3caff684d3496289ef8ce48d88ab0d2cca209eeda9bce1e20091531,p004,p004,swipe_left,49,2,accepted,,val,246,54,1.785084099999949,54,1.0,0,0.30627415156309606,
swipe_left/p004_swipe_left_0050.npz,6a2693a28f45c9e79808e9b245566f92040b00def6425903a8630a085da9249a,ca8535cf8458b30f864cd6dade84e2971eef48db245ed23753f287c5f97a8b83,a28c2f22be540114c4c3f0bfef0f68992033a5bec60a11073b7a82cd2a9c2ee4,p004,p004,swipe_left,50,2,accepted,,val,247,54,1.7690802000015537,54,1.0,0,0.272111957754423,
swipe_left/p004_swipe_left_0051.npz,38b9aae2feab2ffdb4dd22604947a14d35c9e472d7d2c0b3778a32b30ad7f765,c4ce788a18874484522114fd3b1f74a4db219b3703cdfbb9518ff446146f41d8,1ca94df8dc24983830e4d9d43a4303502fff8009b6f8fe3c6297e89933429a5f,p004,p004,swipe_left,51,2,accepted,,val,248,43,1.4069602999989002,43,1.0,0,0.33394940634149,
swipe_left/p004_swipe_left_0052.npz,48ebe72427bbce813fe3c075817d878a5fdef3edc3297ffc949426ac19d37e9e,d3ef699e593c9e76eb099f2529c794e85677968775041c33515b533d9c187233,cd711c7f3024552302525bd0c8ff395c99275a5ebc3ac5934a25c2d47a6b1567,p004,p004,swipe_left,52,2,accepted,,val,249,42,1.367230899999413,42,1.0,0,0.3653413937371892,
swipe_left/p004_swipe_left_0053.npz,599de44267744ce4bd45683832804b1ea8ff51064c29db4ccc9ee91d415c5cb4,4bd44ed7863fd20097c20a99dfda958d5ba034c44d511562a6b6b13f99746e7a,dde85e4282e1c9ac59293ca500666a5084cf554995362b4bc789f8fe7bdd599c,p004,p004,swipe_left,53,2,accepted,,val,250,50,1.6247194999996282,50,1.0,0,0.3186565904326216,
swipe_left/p004_swipe_left_0054.npz,2752d50b3236e46b70f4a99e5662d85cef04cb9e766509bccf641e8eed81a729,1ff0f942bb52890fa9c3b1a68dad4b8b512d111a7a5eabf0da99484abdc4b0a5,ada8d2ff3816d1e23a3b10dc09d17f062e60b7804ab27a6a9a9e8854867b61a5,p004,p004,swipe_left,54,2,accepted,,val,251,48,1.5719308000007004,48,1.0,0,0.33139689753263,
swipe_left/p004_swipe_left_0055.npz,f6eb6afac21e6f034d4a01501cb7e715189e1e5b65dc2ac2c777bdec25f5113e,08c01634bf3c2fc4ac84023dff4ce2e0f903c9d2e05cff0f545c3608aa719232,cddc4f1de6ebe468c0ab9b88c7d18be1b562ce5b419015e426ab00dea74ee383,p004,p004,swipe_left,55,2,accepted,,val,252,53,1.7533722999978636,53,1.0,0,0.27875334875878877,
swipe_left/p004_swipe_left_0056.npz,242b17a4b6f548a796a1db9580377389d62c9a5a373c7e69031bfebdb1c487b3,5a9575036acb16548d74514daa64e5a3b5b74bda82c6f50c5064762e0bc10eef,f15ca041a7f18ae646b0d7e7b8b92d3317a5c6d273540dd6bfab69d3577eb965,p004,p004,swipe_left,56,2,accepted,,val,253,47,1.5190228999999817,42,0.8936170212765957,5,0.340672601701556,
swipe_left/p004_swipe_left_0057.npz,3b56b1ee825879c178759826a6da008fa4c906b2b92d9ac195a5070309267a62,1135ec364c7eba88fc4dac0d9d63c1827c8a26d64121a8ae75aac7c1f54ddff2,a96c5910b2aaa693e7ae9925405dfc60fffab42da2f4e2ecf95782ed1e0f27c9,p004,p004,swipe_left,57,2,accepted,,val,254,45,1.461518199997954,45,1.0,0,0.3118348599211287,
swipe_left/p004_swipe_left_0058.npz,bd4c44e0eda323e535bb52eede8f6b441ebcc0f3d4eb3ca65bf0597dad190b27,2419140600e652d032de607dd9963df64f7f7e1cf92974cee1203139fb713079,b4fd3a60783044c7057dca8d4f2247a25350974fb7a667b3b5d0fcd342f6b340,p004,p004,swipe_left,58,2,accepted,,val,255,52,1.7016497000004165,52,1.0,0,0.3112488437821277,
swipe_left/p004_swipe_left_0059.npz,52a4cc79054d1b615c2d0833572af132847bcf02612c29e567fdaf8eaa70c843,502c8acf58e16750ef629db903908ed239696e8913159d6a95bcbc057c9b4fdf,cbf510622b1a3721410066a98bebcfe5e316ea8df133a726c946a5b9c747c3b8,p004,p004,swipe_left,59,2,accepted,,val,256,45,1.475055999999313,45,1.0,0,0.3214265925182852,
swipe_left/p004_swipe_left_0060.npz,0ed07bf25dff7ad349a24ae78d5033df48a28ebef3108ed179993599268a192b,43a3493be20cede4ab4891fd2d29095aafde64d92b6646029b2b80360383acd6,4e3126c5e2354a00285ff09e3a97e6b18a3e1aac24dca315fd52ce45040f5189,p004,p004,swipe_left,60,2,accepted,,val,257,47,1.5382025000035355,47,1.0,0,0.28850669257628064,
swipe_left/p004_swipe_left_0061.npz,a73a3e919720040d5450be532ae1cc45c4779b55a8e8224b9e46c6319e4c5226,f0a6a4f0a0c3df6ab37cf3dc9b35a3d8d191840c3353a0971bf8e13cd25d9ded,e68e15526d4935deb88f5a901e654d0325736936b1278f8c26559a619afda2bf,p004,p004,swipe_left,61,2,accepted,,val,258,56,1.820846900001925,56,1.0,0,0.31651319621440377,
swipe_left/p004_swipe_left_0062.npz,34ae9fbfc1a370f5cd6168c618bc43da1ad56c581ebeb7b7f9a2077c9bbce9b9,bd8e4c1708a622adb08dd19df64a750aeb2746ab4f2e7b85738bd679fb126396,e640d5243d2c7cb481c579148349261d952e6fa9d509eea637458c6aadd161ee,p004,p004,swipe_left,62,2,accepted,,val,259,43,1.416288699998404,43,1.0,0,0.331161226984728,
swipe_left/p004_swipe_left_0063.npz,46c88e79f308aa53cba9b32eb7dfa6579175ad0b9cfb206503fc1ac8127a26c2,744d8ddb15cad473750b613e47410180002d518ff8dcdef7782c1f83f2fa6b61,dff1bbca995b93f8e6222624fc14acec1e0a5206790439649ac87f28119e2e24,p004,p004,swipe_left,63,2,accepted,,val,260,41,1.3349454999988666,41,1.0,0,0.34041058557525267,
swipe_left/p004_swipe_left_0064.npz,f91f38e56ffbd9b0956bffe18cdfda7eb1c9e78b75f704a7a77b50559d6e6369,221367a69ebf5769bf9f1873ac2a73700e3fbf1819a7ae70c743574e2854c2c8,25078b74d590b6c7e5c91c21fe7ec4447c92378530bbeeb1a3a72a33cac91e2a,p004,p004,swipe_left,64,2,accepted,,val,261,48,1.5533484000006865,48,1.0,0,0.332047802000512,
swipe_left/p004_swipe_left_0065.npz,8dfe1f86dfb25e1517bab2cf1a06a0650046fe85030feab9c7fa94a9292837e6,91f80d4810bbf5fdfd8b8c01327be40bee493937194aecd29577a3c809606844,c37da057866523d0c1e0342f18084cff753403e08bd5706295681918d4d9f05a,p004,p004,swipe_left,65,2,accepted,,val,262,47,1.5529630000019097,47,1.0,0,0.32289898775557757,
swipe_left/p004_swipe_left_0066.npz,e0732361083b95dc55521142dfc5913d9f9df500f98823867887f551b198df86,5ad6772c2afd02160ac2eb8b89c03b7588ecdf2a7556bbf7aa2eaa84cf30adf8,7c916e7329bd716252d245239393da85ae7f4e7c772c894551488367a0175b3f,p004,p004,swipe_left,66,2,accepted,,val,263,44,1.4297733999992488,44,1.0,0,0.29323587374567306,
swipe_left/p004_swipe_left_0067.npz,1a739c1d3e73a18393ba18f25c5b23083a6bd63077f0f7f5131890fdc2446b69,166253ac18a5d5202e11f19fa075349bd07d80d1848c4a86a58d8bc3d7b4dd08,d01dc5de804f7ea93a118205ed8a14aa1587998691ed695032eb51ad7a7637bb,p004,p004,swipe_left,67,2,accepted,,val,264,44,1.4394874999998137,44,1.0,0,0.3112919183481946,
swipe_left/p004_swipe_left_0068.npz,47f7af5ff50b05a05e341e5cad1002dd20ddc1ddfac134e6122c0dd76825c0bb,e55da237ccb5bdc67b148e6f3ea575f99a835e3273289e9984f09a4ba070909d,e95b289d71b48413a38ab6f3c25977c72d335850bd22243ec93c1c92a42b7070,p004,p004,swipe_left,68,2,accepted,,val,265,50,1.632322599998588,50,1.0,0,0.3042789323009188,
swipe_left/p004_swipe_left_0069.npz,857c5fc044ab91a8ede79b31419872bd26ca4174d47200240d0d435007e46d4b,607481bd542fe7fb7894bff6b2bd6f1b9db9eabe75f775d35bf13efe8a0b2c88,a38db57aa27afc92784c0c2c83489a37bee1db1cf7bc456a77b029a0ceb86ca7,p004,p004,swipe_left,69,2,accepted,,val,266,43,1.4245839999966847,43,1.0,0,0.31465626134504954,
swipe_left/p004_swipe_left_0070.npz,b58f8824d8d1a65685d62d4f4b2938e4fe1620dfaa0fbefa0c2c28ac962105ec,41cd8c56481c9124ad10b6d3b664ad54e2181b38c43c3539f108616b1c32cdce,abcc7c6283cf7ef1da11f2cdfec0cbea316bd69f64c0e2f7b296713d7b00e04b,p004,p004,swipe_left,70,2,accepted,,val,267,46,1.4934796999987157,46,1.0,0,0.30425629705177104,
swipe_left/p004_swipe_left_0071.npz,2d2b685eec907a3e3c70d28f87df76cc55fb33e15e0377a29aead24d86037be2,1c36c8f43065d08cb3b92f48fd0e2bffbb7c24fd0d002853840faa7243416d9f,0cf342d315b11746ae0058d69abf1edea36262430d3e713e919415ebb80f002a,p004,p004,swipe_left,71,2,accepted,,val,268,53,1.7295329999979003,53,1.0,0,0.30111349506659285,
swipe_left/p004_swipe_left_0072.npz,b89fe77451e249f0ad470f1cde49c98588c560a7995adfbd654d310cdc707feb,66864ad78db1941b0c663d64a75195af0bf39063d471792404a8a635abffa00c,92d47bea3f2ab1a893b3e6e47644fbba030ce869e64de578ca2eb92e027d2126,p004,p004,swipe_left,72,2,accepted,,val,269,57,1.8820852999997442,57,1.0,0,0.2868274838327646,
swipe_left/p004_swipe_left_0073.npz,ba1a955c72fba4297cb9c2a0db96ed68ed25b7f69722e6473a1dbf5bf507e7e0,4dce21ebb4032b3afc792c7b5c92a7203456729eb254fd846da4453388e9c865,562d0c8a555bfc67542c8c66a222234199beea121de8bcfa4dd8a4e0ab213a73,p004,p004,swipe_left,73,2,accepted,,val,270,49,1.6199060999970243,49,1.0,0,0.30049177092243085,
swipe_left/p004_swipe_left_0074.npz,b3d8f3d338bbf0c8af6aefe35f0d099470ee69e3380a7175a4cc919cc1e3e6e6,38f8d91a577c808e2fa7041f3975dec55533b946e2a13d14fc2f3ac4c1e74681,10e5a6ace5185f78021997df92f75da98f3be604764d6570792d0b26f15c741b,p004,p004,swipe_left,74,2,accepted,,val,271,57,1.8785905000004277,57,1.0,0,0.23622195067058116,
swipe_left/p004_swipe_left_0075.npz,ab14f542e17d5a634c00cdd9f7ce252bc9d046ba9826ddba5c7b629bc642da03,073699c5569f22f59c3db49c761d0d6d8683d35517f7f35d43d039db35ac73a0,0db8b9c3311a9574c7b4e7db6170dacfbf008be7d3c78a3723fdb2a6dafa21ac,p004,p004,swipe_left,75,2,accepted,,val,272,53,1.7386871999988216,53,1.0,0,0.25177659840362243,
swipe_left/p004_swipe_left_0076.npz,59b20c0beaebc911ed1b7062a88b463dfbb814144f054ae7313503b7b21bfd37,b2896c0043f43783ea0f36e4bf7154eccd30f51f892cace27c1b119a135be8ba,7232d6e7b2cc16044d35e6f17020b6cc3a2da52287f62f8265d2c57076b2009a,p004,p004,swipe_left,76,2,accepted,,val,273,52,1.7125010000017937,52,1.0,0,0.254245373805413,
swipe_left/p004_swipe_left_0077.npz,804706cba9aba598de32804b1e7c16d414e69333dba6765428ced4d227de5707,9e9e4de9deebaf5a4ad9ca83082721c8daa29df856098ae4401e6cf939ebe92e,2ad4cbd6a139b249b46ab264429fd2e776ab25530bbbb01f67bfb24f52e0fcc6,p004,p004,swipe_left,77,2,accepted,,val,274,49,1.595473999997921,49,1.0,0,0.2755823530907476,
swipe_left/p004_swipe_left_0078.npz,30f82f4e815b35e57293dc05a60595fc44edf2f972413ea0f763a01a766e6446,08c0478f3d86fe5693b01d45e6295ffa9f627a2948b7070f49dd90ebde290502,e7858eb40fb2309dd7f96694abb2b7ef7d246d7b308cf9931eff72aba3b8b58a,p004,p004,swipe_left,78,2,accepted,,val,275,55,1.7978352999998606,55,1.0,0,0.29433127856863145,
swipe_left/p004_swipe_left_0079.npz,1c36eb2d1a960a66d3224a960295d1784173d694a70be54e87beafd5fcb3b2c9,7fffdcc2ef1dade4f7a65bce42d6d8eaaa4b1dc8301af1e88cb035f0d60494c3,758fba7efe071ad6518f258fa8c00d4f6cb9ee7e655f1cb2a128b6795796b5ee,p004,p004,swipe_left,79,2,accepted,,val,276,50,1.6490754000005836,50,1.0,0,0.2824769021853188,
swipe_left/p004_swipe_left_0080.npz,825cae71847c8f9925804cdb3b8b2614b1b8a4f4035f3e5ab775bf90be92352e,e38ac48b627921def8f28a7ed9ed89acf903ce1b1241c4e01cba89663be87cb6,ab6cce3ea7aef9daff5341a5cc608ae035f29d0ba4684883ee21411940564434,p004,p004,swipe_left,80,2,accepted,,val,277,47,1.5498936000003596,47,1.0,0,0.2895632748923792,
swipe_left/p004_swipe_left_0081.npz,5f2ffaa37fea49ec5d34b4f756a4d2f1ddca5fa7f03638fa94e7375187dca198,fc04601ca1805a2438a75231b96f809807d270ffbf38db8b0c1bf5e983ca0dca,7d3e50e9c326806897b9bb58495264ba2d4cb8232dda1320fd12194940b79c91,p004,p004,swipe_left,81,2,accepted,,val,278,47,1.5258199999989301,47,1.0,0,0.3179646918027776,
swipe_left/p004_swipe_left_0082.npz,d3fd14aa5d19691dad48520f87a5bd2af8c96166e79d30394b74be9701b7292a,173135f9d66bcd671e624657cfb8ef9a3e148b1afa9a76b3f2aca576139bade4,df0411b811c21fe31937382d107b4fca7bb219f4315863fec6fb7bbb159280ce,p004,p004,swipe_left,82,2,accepted,,val,279,48,1.5847752000008768,48,1.0,0,0.3044768288913423,
swipe_left/p004_swipe_left_0083.npz,73077f635b00a1d1d176a63bc02d72bc46eb11c3fb70d9099ef8c3c5bd4cbb1a,007a63a6f18717479e30c43c5ecbd1f103718e7854575cb46af12f796b294b84,d57e9edcc9903d426481d20c6f3b5abc7f2ac41bd281ad8731515243125b5870,p004,p004,swipe_left,83,2,accepted,,val,280,53,1.7299702000018442,53,1.0,0,0.31318131707983937,
swipe_left/p004_swipe_left_0084.npz,78874ccc5d40ba31ae6ff13aaf1d29628e9a2bb746a31cc0ed84a9d0e066a90d,5143b7b2cdfce64ab4ef74f02b682b8f9fe352c9e4d8c4e5099c39263f2c0272,76e09b580bdbd904f4502d907453ae7d3c80cd9476c4bd31edfc334623ac5221,p004,p004,swipe_left,84,2,accepted,,val,281,51,1.6741903000001912,51,1.0,0,0.3091727734758905,
swipe_left/p004_swipe_left_0085.npz,7f796c74a5f1c31614d5831de1776047e503c5d76718612bee6aa70a00abdb64,a3a3063f819b93248e3cbb3abb3cf1886de8c5f4ece5ced3702d8cb69a2e581f,9d1aa466de3caaabc328dda9e739bef11fab04d4440ab7525fe2da7873b96445,p004,p004,swipe_left,85,2,accepted,,val,282,50,1.6490112999999837,50,1.0,0,0.3252537521196658,
swipe_left/p004_swipe_left_0086.npz,f8ebdbf316f0c15c8a1ea0733aa6b5cebb5e2da55198a35b2fada13625df49c5,76edbf0f4aac41fefe025c59d0ebbd7ba9ab4a946e8e160bd23cd76718c0b4ef,5735ab47a44f6da06022e9c74cddfb804d3211edc740e1a81a890224b32bb01b,p004,p004,swipe_left,86,2,accepted,,val,283,45,1.479321799997706,45,1.0,0,0.34214473030835807,
swipe_left/p004_swipe_left_0087.npz,801721bcadacfdc7e22030d82765d7b65785c7c066760161716a9dd0c845dbf4,5d19c4114758759d77e59d0fe33db0f9b3dc8c10bad5e633e9db5d563d584774,9de881982e7f96fcb99a658d4a2a6d948263955f85fa3c6c77b4b3a35a227305,p004,p004,swipe_left,87,2,accepted,,val,284,45,1.4898174000009021,45,1.0,0,0.31178441366059956,
swipe_left/p004_swipe_left_0088.npz,871a70f173989d430c0a3be32d802be1370e57e3a6ba92698a8898587cf05561,f2ef695374484c312729b3b9070aa5c61cbd800ea1d0e62027141242dd8e8029,10cee20aa58271a625b2281edd4fb5760dbdcf147d3dccdf4976f53d06d02f57,p004,p004,swipe_left,88,2,accepted,,val,285,47,1.5593622000014875,47,1.0,0,0.34249546018399946,
swipe_left/p004_swipe_left_0089.npz,b526ee49dd09d441f8be80967b5f5e71dfdcb3b6c685f4dcbacc8e154d9a13a1,d1c1dce270dee6b7684c42811d6b8f18831a25ea7977a6e41479b071353c06c4,08719d2e5645f5cfd77d302c5ae7355210985cea963346e4464811e8002d2b11,p004,p004,swipe_left,89,2,accepted,,val,286,51,1.6646643999993103,51,1.0,0,0.29805692234979814,
swipe_left/p004_swipe_left_0090.npz,afc3b0d19b9800adf24e3c687b85797328467dcfa4088748b9bf87c1c82b0870,854d76af2fdf3b737a5436d472e91d64079a5dda6359f76c0028576d94148645,d8d41c53a67e9e8616ec0bd6ae040011a1e66d340118bfa1785f8a7938e2a133,p004,p004,swipe_left,90,2,accepted,,val,287,48,1.5689166000011028,48,1.0,0,0.32631676693286094,
swipe_left/p004_swipe_left_0091.npz,2bca705dd962b19df971f322247e825ef77f7f3e2f86fb2425040364a6534cdf,478a8ff11623a1ed69327ed718e7f75f4ed4fec73db51a677cb3f2e8f1f2c907,68d4d50a6ff935c2d284ed6f5bf3b6045825cdf4a9451e6c0c717b74d6d0fe3c,p004,p004,swipe_left,91,2,accepted,,val,288,47,1.5382347999984631,47,1.0,0,0.32177620688286324,
swipe_left/p004_swipe_left_0092.npz,d199f91f39b5e36ea99c9b1a2604c2091c97dc961816848646c7c22c253e6594,79b5c21d9a7520102995c1133e141f55e5e2825219f083af3f84026b4c6adfc7,11c358d2082e82a8382ff9224a88e6063a1611c3a3636cdd6947be066fb63213,p004,p004,swipe_left,92,2,accepted,,val,289,44,1.4294000999980199,44,1.0,0,0.32402965569554315,
swipe_left/p004_swipe_left_0093.npz,45718ceb55e568993d16bd331d782f2372d11ae5c2897a9788437051ee924cb1,0709e8d54da1e24d2f32e0aa2ceba1bad3f6c19746d119c4a89269ff9c3d38d1,cc433d8cf5f59413181d387e90f841f1d2f8bb1ab5391b0203715aad84130b06,p004,p004,swipe_left,93,2,accepted,,val,290,48,1.579353799999808,48,1.0,0,0.30865272069236344,
swipe_left/p004_swipe_left_0094.npz,bfa74619bb3b779d00407c6c62b86e2d071c5379e95ba31d837ca219c2efcc2b,98f9cdac1f6b7a125c621eb734fa5a66754da79ec78db1575442e9bb0b536d83,32d8fc12b9c5579572be82173540c2db22eca930550e0cc5706537a10384bd87,p004,p004,swipe_left,94,2,accepted,,val,291,47,1.5245637000007264,47,1.0,0,0.28396705455141896,
swipe_left/p004_swipe_left_0095.npz,77683df4cd65a9d2185389a2a8c5a7e8dedf37623c65c685959b1c16b85989a1,ea869bdb985b18dbe06a679aad6a21c53f7299dba059c5f3c9c4d1e963c042c3,b85d350a65f9f626ae093e58d79b6582b5054560c127c085f2180e2c14ad7d73,p004,p004,swipe_left,95,2,accepted,,val,292,43,1.402301099999022,43,1.0,0,0.298844672064189,
swipe_left/p004_swipe_left_0096.npz,33579d8b3edda60f74e38fb92f8b6bdb4c8908df56938f2f9c257d5aead8580e,9e1f3fc1a3507f0302671e345f27b9c28f4e648fa93f57f30add007f513160cb,cab5a6732692eb8b5c705eb69d6d43667a7adc2f7484e5dda027ba2b31eaf232,p004,p004,swipe_left,96,2,accepted,,val,293,43,1.428237000000081,43,1.0,0,0.30367455292159334,
swipe_left/p004_swipe_left_0097.npz,edd63e75696a1217ed87cf47cd443c9da18e5a99f37f76c2a4a1297600e7340f,8dd0277a6e35c59c55386a6eafa5c7286191a072c6cb1dac2eb5635b1d1bfb00,059ad7d9addad88393657659f077e17b0d59cbb8c109c20668ce015651133752,p004,p004,swipe_left,97,2,accepted,,val,294,47,1.554040700000769,47,1.0,0,0.3209399051467609,
swipe_left/p004_swipe_left_0098.npz,5520ee55dcbe595845dce24876db100c0e3981acedcc62681d323556ce972f17,9d5021720057cd2da4608da74c0dcdd76e3a83069d22314ef78c37d2dae3da56,a31356aac48a2519d1607a3a4bf74640b6f25e5dbe45f488605613774f4bfd92,p004,p004,swipe_left,98,2,accepted,,val,295,49,1.6173149999995076,49,1.0,0,0.2681205064377992,
swipe_left/p004_swipe_left_0099.npz,5fbea40013906280ca5e6c6ccb03b2fc938c173b44c6f3dc25a5f4ab493c361e,8cc22ef6ef35764e12797bdbe06fcfc015e372657c5b87b3d70f0a06f1785fa5,14c97692afb7cafa5e1067ffcd513718441f86eb9a296e1dd51d28bf2d23d128,p004,p004,swipe_left,99,2,accepted,,val,296,51,1.6637864999975136,51,1.0,0,0.31519152924210153,
swipe_left/p004_swipe_left_0100.npz,4319a7bbc39544aa73732a76dce8e97a2904a3fd78b67bf9625856c65b05da78,35bcc2b42ae62772d03c8012191e8a76546a233c866e750b8b6904d5e3372b2e,4037d5bff9f3b8d7d9ccffb289a4f8b8993a155e38236b339837a34d695c5840,p004,p004,swipe_left,100,2,accepted,,val,297,57,1.853541899999982,57,1.0,0,0.318660185480842,
swipe_left/p005_swipe_left_0001.npz,e42a444a8b19b183666c804c06d16e4cf8c7ec5e629d53eaf28ef5a1578c3de7,56cb9938fa3dadf899cfd8c4f1fbebbc7946dd39ca3fa1c7223d1485952f55f3,40faebc151e13246cc9dd8a54a1b8189f9b01d9112e7a4ec4f2bf84d381c363c,p005,p005,swipe_left,1,2,accepted,,train,1057,30,0.9760306999960449,26,0.8666666666666667,4,0.2486825255586504,
swipe_left/p005_swipe_left_0002.npz,fc9820c429e347ae1fe2ce2eda2708af77af1fbcbf84fdc089ed60e0da0b56af,93ce332b23459dd8f0357e9d7a435e086eb6fed46176da86eef5540209f66a96,12ced7403682ee39b3e4878b73866c413a93c63fe218691a6eea4c29680d8598,p005,p005,swipe_left,2,2,accepted,,train,1058,32,1.057784000004176,30,0.9375,2,0.24204039523596088,
swipe_left/p005_swipe_left_0003.npz,7e9680d8fa293952c87134f40087d6e669703e34aae807a2da36e5ea835f4a88,a8e200f8b567ba8101ecd9a5c56286fb03726906c18a96f4df4e4da3ddc1f60e,cf6ee71040f3cf1f2aa206fba64afc4ebe571d3f97d008f63f2508f5a8bfce1a,p005,p005,swipe_left,3,2,accepted,,train,1059,41,1.3450301999982912,41,1.0,0,0.2485647599168747,
swipe_left/p005_swipe_left_0004.npz,25fd9eefb91517743aee5cf42adc011cb20e5b11712769a506ebfbeafb89b6be,3e7fae7acc778f9fd11b12b3f63dc0577a327b6548c8a4ddf598772edd0348d3,3a0ed0640f09d22574cc8573873706a0b8ee1fe745d2425e2368e2ca70f4b166,p005,p005,swipe_left,4,2,accepted,,train,1060,36,1.184381700004451,36,1.0,0,0.2426042780979593,
swipe_left/p005_swipe_left_0005.npz,52cfa7c8db92ba5a4a70ed51f229052a90102d730299c34716748228a0bab434,56176e4c390cac57e582ffb78144d0c8250cc79c2beee53431271b560f1639b1,66597109f6aff0eccff15d0753408125d5afc53abc6a7fce75f39502d12af359,p005,p005,swipe_left,5,2,accepted,,train,1061,33,1.0718887000111863,30,0.9090909090909091,3,0.23042656126494215,
swipe_left/p005_swipe_left_0006.npz,e325dd2e820c8292a6522f8c3709f9606169d5d2ff46b9b06fd8f1131ff70395,8291c9122b24aedcc7f16f93018f87456d3ec770a2165c76823735cfd1bdbebb,05f39ef64958a9ceead14052c28bd3dcc36a5c99789db6530a1f1d5904d07555,p005,p005,swipe_left,6,2,accepted,,train,1062,35,1.151421400019899,32,0.9142857142857143,3,0.21243332463147302,
swipe_left/p005_swipe_left_0007.npz,d11e0adc7c8590c5f3e708f1e42738b652db5c1af98e523b4b09be0d0e1a669d,c469abfa1a38d4c4d2723062a2e18cfd795fc56398eb3c15bb7c94a32aee0a99,6d2c726e606f19b79eb068e359a458f53182614c446f808c28c7ba13fdfc4afb,p005,p005,swipe_left,7,2,accepted,,train,1063,35,1.1520790999929886,32,0.9142857142857143,3,0.18071239869901562,
swipe_left/p005_swipe_left_0008.npz,3a53a0bdca4cc20b5386ee56b7a52bb665635486ea0579034481219ff85c277c,44e0c0afb68456952def6d8ea162fad97da8e15b4a3da2c10e52a884f5beacb4,43c10b266ea23ca67e65b4d7944555a4d017727d097f5f9cf98529417c5c63f7,p005,p005,swipe_left,8,2,accepted,,train,1064,31,1.0076109999790788,29,0.9354838709677419,2,0.21130181071979495,
swipe_left/p005_swipe_left_0009.npz,1d95913f9163f18aa8e62b6276b3bf273a2efdc2e0b84936b808afcf8fcdb035,91e4be3c29cee1072db2542972d25691945698daceca59e3c9d2a6320436704c,cb4b9097d14f79fd07bac61e475099c65b5a88e0e140710bf0ddd5f7aab2a00e,p005,p005,swipe_left,9,2,accepted,,train,1065,29,0.9440542999946047,25,0.8620689655172413,4,0.17812266001518492,
swipe_left/p005_swipe_left_0010.npz,53eccd39bc88258acdb9037671d36e03c58a91ea1bef9e8693ce928dbe4b5a93,25d8ce6cf9c1dbffcb2176a30eb225a7256dfabf283e0677afbdfbe35c79c1a1,c136cb4d3e751044065623f1f0ae9fe87941105a0f88122bfc04bc57b5d040f0,p005,p005,swipe_left,10,2,accepted,,train,1066,37,1.2159898999962024,33,0.8918918918918919,4,0.20585181065971248,
swipe_left/p005_swipe_left_0011.npz,bd74f6f7f840a090b4b74039198901ceadf51fe026a1df7bb67e6e7046e3b1d9,7dd5795f2444c7cc0eadb25666272d869f1fe93b69cdb517403503b01652e681,f69f27925e191c2ee83339c5c0375f0df558b0250e1f3ae17464dfe38412b673,p005,p005,swipe_left,11,2,accepted,,train,1067,34,1.119407099991804,31,0.9117647058823529,3,0.2055968629865714,
swipe_left/p005_swipe_left_0012.npz,34c13c95bfcc834508cfa78fd538204a12d9627feb6c7c6e3e28627576853131,ea8a22d06bb9c20e00399765ca2eae369dcb81dd2ca22506a3bb7fac6145c4ac,78a51d53a2407b19e75fd4184e7d25a63787dde3070db60b1b9863ab9f52e248,p005,p005,swipe_left,12,2,accepted,,train,1068,49,1.6174379999865778,45,0.9183673469387755,4,0.16721250681193656,
swipe_left/p005_swipe_left_0013.npz,47b83d069929a1d3e710ea2ded5a382b5ed76bba61f78d14ac0da0c288bf3430,f2d9bf990c53db43f4f82f1ab580b1a171180dd077a941d99d4bc290515ba172,5d26dd7a8554a83486a7349df7d03275b77983284c140c3d85118af5d02ca910,p005,p005,swipe_left,13,2,accepted,,train,1069,30,0.9761418999987654,28,0.9333333333333333,2,0.20660022413377988,
swipe_left/p005_swipe_left_0014.npz,458411e19022bca53efd5b283969bd6f6db4e76892c0ddd3e87c30d90086ec85,c36e8033de579c04d85e0290307df713ee23a9052bf72db30f6914e0610c0427,7a51056a3d87a179e56013a374d39f835f6647e90595e604b8350281f1db844b,p005,p005,swipe_left,14,2,accepted,,train,1070,34,1.1044399999955203,31,0.9117647058823529,3,0.20086844691787645,
swipe_left/p005_swipe_left_0015.npz,df84f8ce6c407a9036871053f1c5237bb5d55ca67162e7c48b92e41a68ee630d,8532846c41c30a7abd1ba8adbc0c95ad8009e98686c7021425e6f49c4ddf2e00,714716d055cd3fce2e5390134aee83211bd6e51c6be5d6de4ecdad665c532405,p005,p005,swipe_left,15,2,accepted,,train,1071,33,1.087778499990236,30,0.9090909090909091,3,0.20937433895728924,
swipe_left/p005_swipe_left_0016.npz,f4a4cc8e0216ea1a2851c4d3821df4d8ecbd37f736d8ee5350312a5fc15751fc,8d47a76dde2aaa38c0d446478287f7f5323c53ae87ec1159b6d3498f92d94479,a38b3ab5f8e9bd5eddb58facf49e6b6da76a5331d0162be4e2c426b7d4bd7af7,p005,p005,swipe_left,16,2,accepted,,train,1072,27,0.8646780000126455,27,1.0,0,0.0897210402513091,
swipe_left/p005_swipe_left_0017.npz,826edf69e3e5d2fefc05900cff80c66a9f899c13dcbdf2b4624048a784d171a4,0daf383c2f306b5c50e527e2d02122e6206d3741a81fa166ffe416edbbd74692,a42256de27250941105f04011f035289189f627b6920ace16d9f36ce19a81fee,p005,p005,swipe_left,17,2,accepted,,train,1073,29,0.9430053000105545,29,1.0,0,0.08986294819095504,
swipe_left/p005_swipe_left_0018.npz,7c83c741971da422f09b8b89b7d453e2e0deb3c6d3a1f69527e975cf184f080e,425a9f2910ce4c4ff5e940b56650e53cededc7c47432e1b4714e38de848506d9,f1d1b6f0c6e57c0737b1ed260b156a46810a33fec1c2ba078c10cd1a08ae5fd4,p005,p005,swipe_left,18,2,accepted,,train,1074,27,0.8626565000158735,22,0.8148148148148148,3,0.09388352312557488,
swipe_left/p005_swipe_left_0019.npz,5a7f54aab3d5fe259f4d2b64ac90828d7c7f01f348ef63128115242f4289cae5,2e24b421e10ea9511161ea74045ed416cf428aa14a073ed06369b72426499426,9f277e75ced1e22f3aa281599d5b26e820889270de4bc5b7a78e41855a1170d6,p005,p005,swipe_left,19,2,accepted,,train,1075,29,0.9442591999832075,25,0.8620689655172413,4,0.16283142682204252,
swipe_left/p005_swipe_left_0020.npz,a78b7acb4ae57ba0fd368da833237b837fc3efc0fcdaa81c33467725eb1e0a87,e8d21d5498a89f71b1bcb09727e140cad382b092b4736b43497c36c1ef99472b,9aab8f424fc49dbe3a9e396aac6aebf05406e9aadfd44334d41f02e7408fec4b,p005,p005,swipe_left,20,2,accepted,,train,1076,24,0.7678367999906186,20,0.8333333333333334,4,0.12681009257637332,
swipe_left/p005_swipe_left_0021.npz,16ce0877176454455db0b989b4a17764f9ca7ebe8d07f944357383a92a5a0919,30a3641aba3693688b9a14629dd22676b632de9bba57bd0b87c085c7a16f7307,f818077b1de150e962c032c3f12fe2b40cb9759fbe9b2420d897639c38ea7c67,p005,p005,swipe_left,21,2,accepted,,train,1077,28,0.9118125999812037,25,0.8928571428571429,3,0.14624437571321264,
swipe_left/p005_swipe_left_0022.npz,89ab978bbfe90546035942347d4381c2763ff2cff81aca32b45e3f2674ad48f4,422ab69d97e07ebd7d2426ba5c7d655a40b3d016d0bd25f850f7cbfe304f2ce4,fc76d11ef538c6943c3594098eeff6e2de026c0a4367db88b6afeae5a5ecc746,p005,p005,swipe_left,22,2,accepted,,train,1078,29,0.9443391000095289,29,1.0,0,0.12225570387573231,
swipe_left/p005_swipe_left_0023.npz,6a5d1e26a5daa2affc3aabdd7dd0969f85be66e4d630782cc237e3312bc052e4,ba0b3243ff72c2beeed158b25d6ba0c58d225861fbf3e7967a9795f57a7e7607,2edd045d5f5b7e1f586777ed775b18034a43ead5c3b05801a1893368d4fd399e,p005,p005,swipe_left,23,2,accepted,,train,1079,43,1.4234812000067905,43,1.0,0,0.12009559617810082,
swipe_left/p005_swipe_left_0024.npz,0b087ff691bcb931c664a006a8c7ee62d75bc0ccf6e8220b744d91f2076906f0,4c6557cf3e2c4280d28d2470ffd5eb9cccb5d77974ae2504bf795fec04080f48,6711728b8d929e46d1cde8321ed084fffde36057099f183b9e50310abf2596ed,p005,p005,swipe_left,24,2,accepted,,train,1080,34,1.1039992999867536,30,0.8823529411764706,4,0.12099879172107006,
swipe_left/p005_swipe_left_0025.npz,ef36169e8ef941ac80bb5dfbeeb2aea6fc0256839b31a5938824594009113608,f548355f53726d39ce9a0a47e032f97bfce5b065346bdbfdff024a40823564db,d7b93c01b4e006d57925452911549ffed8542d953bbe3b3ce923d5b066c30360,p005,p005,swipe_left,25,2,accepted,,train,1081,44,1.4440673000062816,40,0.9090909090909091,2,0.14568485550443722,
swipe_left/p005_swipe_left_0026.npz,3895670f88d21fbadd204fa4234e3fc53b9404de32e3523ff2dbb448a0d4f12d,fcb9aedce408d107a231203477eb72602eb281890f2d4a2896dfbbcd2bec87b8,1deb17f4dee35692376593a4f4cd1be1c41333cb22ea4e002c9bfe25b16bca69,p005,p005,swipe_left,26,2,accepted,,train,1082,33,1.0724409999966156,33,1.0,0,0.12503572985581973,
swipe_left/p005_swipe_left_0027.npz,b1b26a7e36cb9b0f3f3d1744d88799cf4ca458bc7fcb1901e86ba03795b68f0d,fdcc3918d0c7c361e5bb659ba842bb474ef8a5da11287e6b17ce80e2066066d0,bfbf21fdddef98226f8ceb2f3ca56d997bac136d78d80aaf23fb3326695f046a,p005,p005,swipe_left,27,2,accepted,,train,1083,36,1.1755177000013646,31,0.8611111111111112,5,0.11012081015230833,
swipe_left/p005_swipe_left_0028.npz,63eea974d26dceb6316e3b8ad92cb49b062738122243ccb44ca306a3db6aa7bc,edb3a6a7ece5979aa5d9517b02831a8c84182c74c74f556dd484e3c458718c93,83733017f491636b836c0ebf08bd978e27c825ac20b3f3817aeef0032334c223,p005,p005,swipe_left,28,2,accepted,,train,1084,34,1.1194500000274274,33,0.9705882352941176,1,0.13515727301913236,
swipe_left/p005_swipe_left_0029.npz,426432183308aeadc55c6156486a9e3b20dcc39c53ab52ea932fba87722aebf6,4c60d16392fb7bfe55df60e71e92a5517756ded7beca9272fe214a1a0e913a80,895a59a89b530c237bdb09d037bdc3831c2f34fe86c8998b3f70cdc577799043,p005,p005,swipe_left,29,2,accepted,,train,1085,32,1.0562160999979824,27,0.84375,2,0.13424314696147283,
swipe_left/p005_swipe_left_0030.npz,182e2c8a199213df7e65d6b030ec52b694e675dec8732352a4e943d7f1f05eee,8bdf405475f0c5f2723eb15244f16852a3ec1afe76c5cb0a9a31d940531a5a87,533dc5712fe06835085eaabebc9eabd2cd2023cb96f7527968be587e791641d9,p005,p005,swipe_left,30,2,accepted,,train,1086,32,1.056319600000279,27,0.84375,5,0.13804290200080183,
swipe_left/p005_swipe_left_0031.npz,b885d11a2aaaf175cedcadeb8ac4d8e3c21956ddbfdf39adee01e30f7e051942,778651f543014df0cc40898cf5305e7f54a68c6518d18d2efdb8b0c9837dd9aa,6ba33db54dd71cbdb2e21d737c8e0df1bed7f63d9ac79ce71d6deeb2b3d42a32,p005,p005,swipe_left,31,2,accepted,,train,1087,35,1.1506025999842677,32,0.9142857142857143,3,0.1350672405889521,
swipe_left/p005_swipe_left_0032.npz,6addd139210956a6072747e18dc2062505ccdf4afe8e51d190215d17b1c34f0a,9d839409efca977eb43b2f40058f1c68923b6e391270535fd8df2348c7085676,39f418a85091418d9cede5b096a27f2f8b1d704ac165daae8c19047a71c4e9dc,p005,p005,swipe_left,32,2,accepted,,train,1088,27,0.8813077000086196,25,0.9259259259259259,1,0.1181238374407272,
swipe_left/p005_swipe_left_0033.npz,5a28925d272cfa49c1a41615762750c98b79230e6e2205d00aa9e7c0602f119d,27f1b0f13300b0f3b026f09a2eb920da0485ddd451def1cc80f1b3e982efa462,f6fd94c3c1297f938e9f3aeba82adac8508104fa48b868d1bedea465969fabcc,p005,p005,swipe_left,33,2,accepted,,train,1089,48,1.5840461000043433,41,0.8541666666666666,4,0.16916958839749638,
swipe_left/p005_swipe_left_0034.npz,a0187747a01d878d851eb2e116a4ebfdb9e1ae4dfca9d06191b200d0d4592ea8,8c464a644f66d673f2fc236387b699646848fa3ebecf793037c7f8907f7f17a4,85da4acead87ddb13d01e100aa85d5fe89673e52f1ae32d881624b3fd8abbb44,p005,p005,swipe_left,34,2,accepted,,train,1090,29,0.943137399997795,26,0.896551724137931,2,0.11518869247285712,
swipe_left/p005_swipe_left_0035.npz,5ee647f2f6aab469732713e5ed41e25fb99613b137efbb17ed1fd91f1aecf87a,b2126e73db3ff6e7501063c19cff643eb1ae4c05d335bd7801ac5aa0b4ea2ca6,6966d13bb26beda16b8afeea7a24e0626ca5a9966edd81512cd842058d9e7b2a,p005,p005,swipe_left,35,2,accepted,,train,1091,41,1.3605912000057288,41,1.0,0,0.16716901305320864,
swipe_left/p005_swipe_left_0036.npz,564c6b14562ab48b95d736c7016e10ec85f80d31080110881981e14b3db9a09e,794113d7f2cd25447e81d85cfb6eff0b0bb0f41e3a50f0c5f6ef099858a46a66,7608330f29a9d2fe26f2da153a37130cd9867f0acb83d5ce36d33683de22f933,p005,p005,swipe_left,36,2,accepted,,train,1092,36,1.1827211999916472,33,0.9166666666666666,3,0.1249312516775071,
swipe_left/p005_swipe_left_0037.npz,949d9d4569a3e8550fb3efea6dc79350f376c91fe692c88e29edc8aab93e57f8,70603b530f750c268e702f1a490de11ba65364ba46bb1b6809ffb47e18f7e5d4,a9bad6b9e4815d8ba4c9e718d219dec944faabfc31c70699c06da2826714149d,p005,p005,swipe_left,37,2,accepted,,train,1093,24,0.7839676000003237,22,0.9166666666666666,2,0.1334389353507076,
swipe_left/p005_swipe_left_0038.npz,5c92e11e7827b09ae97d6b209d08a7718ea8550ed9108b7b83904529e9b61175,2c24ef6559826730cc43e231507d7a3769d32692a3ab44b9436b4294e5557eaf,b9372e93ccf67a55befb7e216d3754f0f89700a60682e5689fec96d52a87767f,p005,p005,swipe_left,38,2,accepted,,train,1094,26,0.8323050999897532,23,0.8846153846153846,3,0.14251461419569908,
swipe_left/p005_swipe_left_0039.npz,2212c6bf70f0af5e8a6ca5935b556ee213cc10e1fbbeb9dcf4000805d989b33b,fadb3598b61ce6ed2027083e5e141fd40e85bce763f66faeb6c707c5d6574696,88166b205241314d26aab2a0542a4d928aa13443774d8d179bba46b33635d378,p005,p005,swipe_left,39,2,accepted,,train,1095,26,0.8468702999816742,21,0.8076923076923077,5,0.1283325559283835,
swipe_left/p005_swipe_left_0040.npz,3aaa4da39001072eb705d2e5c4e40fb67ddb0b87af3540a19a53d8fee8b90930,929328ffcb66c1206dc064a8492f76d776559c83c6f2f06e6ba989ce7f26fa6f,c19a3bb53f6a28de34b5506529ecfc7587d2ff56487ee4cec9362e9ec1c5442b,p005,p005,swipe_left,40,2,accepted,,train,1096,23,0.7357187999878079,20,0.8695652173913043,3,0.14589429692980505,
swipe_left/p005_swipe_left_0041.npz,9d282e9c3d7e7aea9e065ab0bbd77767aed40d9b4dd92a4b4195d6a32ac56520,dd35feb11dcb9bb456e5c328e69c736698e81863203e57202b21a7277280f91c,2c8ee0ef45f3a9184eee6e7adbbd1039e529b207bb1525226027fe87435e7e73,p005,p005,swipe_left,41,2,accepted,,train,1097,28,0.9119769999815617,24,0.8571428571428571,4,0.12332953601630414,
swipe_left/p005_swipe_left_0042.npz,6e3e1f967b423e5ff364ae74d370fbac99ccc4d373ef988860af5672e413d7fe,58747a9e27d792d332e1978d161184ce15f5be4ec6cf1fbed7270fea7ce853e0,22c852f1391ef8e64026b05fe89e97f478060b3a651d465b591c77c531459443,p005,p005,swipe_left,42,2,accepted,,train,1098,26,0.849172299989732,23,0.8846153846153846,3,0.12977956638850283,
swipe_left/p005_swipe_left_0043.npz,145a56b4b8bf886440e2e3f6a4e7f5156c0d0c11df563444e77f6feb55ee92f3,26975dbc2d72e7d918d0b4d535e542ba19b00f54595032a6f6e794575eeca15e,de8b5fa7e53d69c4a4fef98438c78f9d3a361d2b77c10bd3594dccf691d8f408,p005,p005,swipe_left,43,2,accepted,,train,1099,30,0.9758343999856152,27,0.9,3,0.1463911356614261,
swipe_left/p005_swipe_left_0044.npz,5d0c90810c3adfd4332423bace83179f3056fbf7ded5a9d3563de48656e2d911,0c2d2a094449e578de5e8d0150e97f88dd2e3752b0d5e23584a44dddebeec6e3,055e4a5036a591a9456ab7844ef6b3bd2ed88bc03eb786255c4f8659093500db,p005,p005,swipe_left,44,2,accepted,,train,1100,42,1.3763923000078648,38,0.9047619047619048,4,0.13867809721538168,
swipe_left/p005_swipe_left_0045.npz,5ff7848acc5ed5511fa0891932384db536555c9764bc15e52ce2db29473e012b,bc1e30993b596631e255c98f5833b6092d2f33793ed89be6b797b5f7bb75a3e7,7ebfce005afc83624f3f327c4e7ae556f9679cacbc5fc768ec94669eab597a7d,p005,p005,swipe_left,45,2,accepted,,train,1101,30,0.9761651000007987,26,0.8666666666666667,4,0.139736247482542,
swipe_left/p005_swipe_left_0046.npz,fe790dd9227d51e2de9236aaf3d63a0f3d39a72c2392acb514f8c6d00f98d843,4d7b26a6223feccc26a78ee259eef2e01a3ef3912baa93a74c70bc44ef1ef5a4,9050cbadf6cca3418b0b8fcec7ca381bbc94b12625784711a2a976915db2ed3e,p005,p005,swipe_left,46,2,accepted,,train,1102,27,0.8809100000071339,25,0.9259259259259259,2,0.14086325452623122,
swipe_left/p005_swipe_left_0047.npz,f5eac2f52ddc8cef8c0b959ebae9ce4045b03a501697a10610e7d854b5a4942c,ebedf6c4f3d9fb638b6145606e80540638b11e91a4ab612eddee6dd493aa01de,de8b2a1184bbe7759a307a5ada84358dd92f4350b7a36381058523f54f1ce19c,p005,p005,swipe_left,47,2,accepted,,train,1103,24,0.7678532999998424,22,0.9166666666666666,1,0.13619660434584263,
swipe_left/p005_swipe_left_0048.npz,ef8f2ffec2a3c33e46234054735f64270843c5954c17ee1a5080f445c629c4de,6ce4cf3f923ef6f3d3ae5c5a8946f371b090ab7205603632b9e89e4c77bc04a6,27a74faf2dfc6aa754ceb49a027a0c51fbf44dd14d71cda0d099c49d94c8c101,p005,p005,swipe_left,48,2,accepted,,train,1104,33,1.071775999997044,30,0.9090909090909091,3,0.16021952836165365,
swipe_left/p005_swipe_left_0049.npz,0d71db73840d54425211e3b0632fc2e64aae3db7101665c155318ce1f413e0a5,5c991915bb9986d3e0768c0305e77414c24e492da1674a56db58b799d8761957,aa8ab256069f105cbc6b8c942e841cdeba2bcf807d9f6b4b29bbb5e495aca077,p005,p005,swipe_left,49,2,accepted,,train,1105,26,0.8322453000000678,25,0.9615384615384616,1,0.12826145433626476,
swipe_left/p005_swipe_left_0050.npz,391b3ac542d3d50956c5be6433771485f6fc6e5be0f71687234c54c02ff7fc71,d4be04a1b469b17b961841bbf37f591ca56395b108cc17ca4bf26a010499fbce,16c2f7b5a1395700558bad8a44fffde03dae94f0d5bc605a43f444f901c56c4b,p005,p005,swipe_left,50,2,accepted,,train,1106,32,1.0401719000074081,31,0.96875,1,0.12380514541363893,
swipe_left/p006_swipe_left_0001.npz,ecedd72a46900a9bffd492d4438b168523bd1c6979b71ce3532ad656a7183bdd,f8711d1ba02ee17dcaf643ceda249192e816263360e14b6373bc219da4d2c5c4,6d0ec3ca6df0fe38972104249b7835a7e86fd01b6133af84aee08d2aa0a80edc,p006,p006,swipe_left,1,2,accepted,,test,120,37,1.2003984000002674,37,1.0,0,0.3025670924152937,
swipe_left/p006_swipe_left_0002.npz,3d4a4115244a3b8dacce8bcc27a6e7bcaf4efd90f4b7e779b8ee6a20306f4106,1f59665cebe51ba8600afc0e605ea7d3e3bcee159160c4bf2eec7050e4358d2b,95e846c96047251d57f415e3e75d05bfd78b616b8c5070f9d30cd00aa46cf9ab,p006,p006,swipe_left,2,2,accepted,,test,121,40,1.2965909999984433,40,1.0,0,0.3237991657495142,
swipe_left/p006_swipe_left_0003.npz,b96b6f066b045ee032e345bfe3fbcfdb53a61b182de256b36669a197a52cfd7d,2998ee15e131db2f6262740da0705c5c38c9d64d2b96829fc2a098e3332c360b,c15142b94a912e89d6969bc70b0f7cf2c3aed2ca509caf8abf73cc22cb70a6dc,p006,p006,swipe_left,3,2,accepted,,test,122,38,1.2318875000000844,38,1.0,0,0.3587854110565979,
swipe_left/p006_swipe_left_0004.npz,bc3bbf4eaa9045f81a95f620337ea7f85f55dfe20348274fd6bdaba004228e23,9e1422743a6a92ab193b549fc2fef120d8a982c5bfd1c340b04fda2b88521bbf,80ad6a1bd757a4b01f3b41401e8b9d7b279f4ba1205a7a72ecde78095bad83fb,p006,p006,swipe_left,4,2,accepted,,test,123,41,1.344208399999843,41,1.0,0,0.2655389448450693,
swipe_left/p006_swipe_left_0005.npz,137b89325d56c3119303293c66db5fb9e67a2a4603802c4a19c6dc985a125a60,2848b1197f959da0845cb738ad36b6556347208408bca554bbf61f96d4b6c72d,d6176a2ae843899389e19c137beb56742cc8b704a02c11687383d0b45f32abf6,p006,p006,swipe_left,5,2,accepted,,test,124,40,1.3132709000001341,40,1.0,0,0.28937550248813704,
swipe_left/p006_swipe_left_0006.npz,1e6640a87fb2cae19d4403eabd4b16eef0f009d001f75304cc554884be6a0140,f28dd4efdede17feb2b092d9e7850e592f8beb6dd7f3bee944abaf2e615ee29d,29e5c73e89edb845a98a46aa62282fa0fef11f90b561c0a8cae4774cc6f8c973,p006,p006,swipe_left,6,2,accepted,,test,125,42,1.3758625999998912,42,1.0,0,0.2753758074313437,
swipe_left/p006_swipe_left_0007.npz,23a3535cc3fc966c3d73a5c2b109659592d7699503cad3c5bda9c9dcf77f88c7,7329ba472d924df39e05793797b75ccb774a2fea50ecd24cc258ece714233ab5,7efc64bb4f776469a6c5dede22119c6e544f3a240a1f3a50c329855af025e3f8,p006,p006,swipe_left,7,2,accepted,,test,126,32,1.0230928999990283,32,1.0,0,0.28548543407074406,
swipe_left/p006_swipe_left_0008.npz,00bb57926c6e22b4e596c80c11f2d745c1ed1c800f8ec824ce8bab0207b92627,20a737a017d04897e9e55cf5baefc73ee5653b1eafbae9e83eff48532987d1e5,057405eeb572f9914b5e7412d3862aa35cd6566cc58f2eaad752653546bbf3a1,p006,p006,swipe_left,8,2,accepted,,test,127,44,1.4400045000002137,39,0.8863636363636364,5,0.2862392476294822,
swipe_left/p006_swipe_left_0009.npz,976b24ed6980fb7e032ea0506d0c851d474eb1a85d445bbd27a8bae6de521aa0,9d6cf9da408560eea81cd82d96ab1a4433e204b34224f7de0d25b001f93eae02,2465d8bee7ed07ad6b4765a838b7ab8bbbaa62cd24c0833988173003b4bda2ef,p006,p006,swipe_left,9,2,accepted,,test,128,32,1.0412745000012364,32,1.0,0,0.2921535577583477,
swipe_left/p006_swipe_left_0010.npz,f162cda1c42e41164240c7bbe5b5389da962250371400715960afda26a7d659f,771535589472b6a3fca57cc5d6f9f73fa7b42b3bcc0bd57c2dd31101cb3fe1a1,b309203376c658f3d4008ecd1a3ea54809e495e826fa50860d05a7d9e3ec1eda,p006,p006,swipe_left,10,2,accepted,,test,129,40,1.2950567999996565,40,1.0,0,0.20254678545822813,
swipe_left/p006_swipe_left_0011.npz,4f60a895bb4f592c5a97b6077ce2ff201c48fe1315d8bd3681847bea2ffde50b,7e422041d4546d84a7a28c1c3affbed82b2018a0c42a49e04d1267f1e9622bc6,c64a9984720e2488793b4d2ceee1fbdb75b7d5f80aa98158a897d3fada612464,p006,p006,swipe_left,11,2,accepted,,test,130,32,1.0245120999989012,32,1.0,0,0.19752125982586582,
swipe_left/p006_swipe_left_0012.npz,d96518fda1e10a9c79fd6495c6fa2f7cd583b2c1bb7fe3147f447f4dc59965f4,f360dde36e003d4cb4ede904bf4d303360a66de0448bceae49898add9453eec2,a187aef00261370a511ae2fa29b4d14292655c0947cbc1fc55cffdcaf55919dc,p006,p006,swipe_left,12,2,accepted,,test,131,47,1.535866399999577,42,0.8936170212765957,5,0.18139233015673747,
swipe_left/p006_swipe_left_0013.npz,1b523701c556279fc992d8b2dcba1b89fcf436f9616cec05816e70340bc5d288,e805c57a66ad02223c180350a66ac0a30a840f9fb14b61e3e694e82eb23c863a,4263708ed4474ee8e776c388c31e14608fb1b0cd7977353ab31433d51fe6a6eb,p006,p006,swipe_left,13,2,accepted,,test,132,41,1.3287992999994458,41,1.0,0,0.19549928575975212,
swipe_left/p006_swipe_left_0014.npz,5284c632cb2934e53e441bdcc4c96abc1ba016ccf9d05223eaea2b68f6c80700,3b713c5f1812ed1db6c95cbe7d5232bdd41706ab8b774a30b4354a49f89e3ddf,5c2eecb6c509bd4dec7d40ea804a9de8517bc7284162a97f22cf337c6362707c,p006,p006,swipe_left,14,2,accepted,,test,133,50,1.630582100000538,44,0.88,5,0.18447983389097108,
swipe_left/p006_swipe_left_0015.npz,cd84e4619adeb974635bf2d3a5de6a1dfccf73abff29bf404a35ee6397e630cc,2a22753628b8473113ed2c118b1b92d419e2eb8bb01bc6205dace872d0f08ad2,08d7d84fc244aaf90642005db45783d3295f4339e3f0d41fdeaa953c3673fd0e,p006,p006,swipe_left,15,2,accepted,,test,134,40,1.2952760000007402,38,0.95,2,0.19887511992133255,
swipe_left/p006_swipe_left_0016.npz,90e46df38dcc5de8791589207935affca7c583726c2b733d3b69b1a95c1cb8b8,ede045798b38ca3191b6d3096c67e8646a7787f72c43a4711e1f8013d578a5d8,c3e692a640bd81a7d6d6109ddc853f72381b32b5a899ffd0f667540ab9574427,p006,p006,swipe_left,16,2,accepted,,test,135,44,1.4235809999991034,44,1.0,0,0.19411157122498185,
swipe_left/p006_swipe_left_0017.npz,6b0f91a9b0ea6d2dc7ac80ec6eaed1cafdf2c793dbe6366ccdc5574d1f2929d8,5e3041684442db9ba62975b92765d38a92d763a945a9e636ad3e1ddf97acb988,c674545e6905b3ee1bf1c16077ad9d51cf96343f4953fdb1849b2ad2a3afab94,p006,p006,swipe_left,17,2,accepted,,test,136,38,1.2321298999995633,38,1.0,0,0.2023534191223405,
swipe_left/p006_swipe_left_0018.npz,c0f2e575bdf1633bffa51aefe59c27e08d118d0f98ab7eaf52133d3ac6f45cba,fbac851af3545369b4dbd08bf4430ad77f23a97d0c7707f54d080cdc4be0c898,ecec2e296f9436fadead46f7297b359fffd7b2e6e76fc8cbd5b0bbded42c3ada,p006,p006,swipe_left,18,2,accepted,,test,137,50,1.6327773000011803,50,1.0,0,0.19647515991880854,
swipe_left/p006_swipe_left_0019.npz,c08ac05ac278cad29102cebd4980c0ad9f52d3b34c9b102a97c0bf2830130f87,6a3a7c1a0a87c58a2888a6a6f8620408d377b9f8a91dc0b47d80998dc7e275c8,e73f4aa68fb7dbccad412fdb0fb539171c69c23dc1cd903089b0d9efa1162716,p006,p006,swipe_left,19,2,accepted,,test,138,56,1.8247408999995969,51,0.9107142857142857,5,0.18597880081330467,
swipe_left/p006_swipe_left_0020.npz,fb63252b9a2fc94b78e24e6ade682e68f91ec481bf2b4712f74a1526b1c06575,5c3827a061b18399adb97ecc1a4b38c5c10903ef392a95a4b0c541e45a1541b7,e1e3f5aa6bbefb70d2915fc9dcacc4ade6c15544b1353055366a0bbab2f83f29,p006,p006,swipe_left,20,2,accepted,,test,139,48,1.567771599999105,48,1.0,0,0.20579637028555647,
swipe_left/p006_swipe_left_0021.npz,eae7718147b382e6b9fefe01449ad0372e260fa787dd60b241b6e3ff91ca0cf0,f5d6a198f8e523e0643911e13888e4325cc0512e6d6718b3246b6e1591d17d32,d065d6cf3cde29b0f73322bcaaa1ad7af8b5fdfc8dc327b1f51f5bf0e89bfaf0,p006,p006,swipe_left,21,2,accepted,,test,140,53,1.728617700000541,50,0.9433962264150944,3,0.1949994215253404,
swipe_left/p006_swipe_left_0022.npz,faca73e1a5280c49eeca3f957fc9ad8778ec969bbffa481ea5fec0fb6f1f01a7,ebfb792af906671b6f2f8102974bc6e431d3ef3845d7242f50f0a05e16d99481,5ce555bdbbe9489e9b4af4e393303461795ff145fe51ab45ac4f4133db7644db,p006,p006,swipe_left,22,2,accepted,,test,141,56,1.8242878999990353,56,1.0,0,0.199415097631088,
swipe_left/p006_swipe_left_0023.npz,97b503bd63a7782d0b87fedcdf8ab1f2213fb7ea74e36a62578986d90d7ea64f,4a079c8f0802ad9c7de74134b7e6a9bc19679dbef26d3311b0380e68acf0293f,379ddc1415c9d889b758f3d55e61eba7975e4347641c54881222e5dcab130001,p006,p006,swipe_left,23,2,accepted,,test,142,48,1.5685102000006736,48,1.0,0,0.1979796996403233,
swipe_left/p006_swipe_left_0024.npz,bee3ecc28766bb81ba94bc97c4b661403d724fac3f16ef77de9cc7da6cf2fde8,7500f75a00f486523438bd3af81acb5c2208f84ac98c94bb7b6e9b973cd352cf,36012ee6a21a16994ab2abc3b59abb0fd0adaf45dde0f96a480c388de7b5c4d3,p006,p006,swipe_left,24,2,accepted,,test,143,53,1.7268529000011767,53,1.0,0,0.20157176890733822,
swipe_left/p006_swipe_left_0025.npz,df4537b8af7ee2ac3428c28a47833e3a10da240e2513bdca7470199dcae79be4,fb5b07f42c29dc8cbbedafcdc9117b712791dc1cd302e3704da481d5b041a0c7,d9744babc81632aa1807fd46d60a861731934ac989e31b046352422f20781c97,p006,p006,swipe_left,25,2,accepted,,test,144,59,1.9356954000013502,56,0.9491525423728814,3,0.1850145168219518,
swipe_left/p006_swipe_left_0026.npz,8ded2fb04d411af91c3262db9384081a338359802ce43621fe06611040fab95c,75a8f47dcbf295ad34bef339a109eac99dcd17b66ac75b724815e838f1fe94b1,2098826314c09b0bb70e74627d7eadb3f71138ac3654d61a9e9629cece66b1e8,p006,p006,swipe_left,26,2,accepted,,test,145,47,1.5202928999988217,47,1.0,0,0.19609616344201303,
swipe_left/p006_swipe_left_0027.npz,971610aa16eb4f926501d5b086613e8a986c9a2b6ed30effe3e5d8573ee78d8c,bb4bbcc6fd3babbaf4e19b5f615b4d49a5a049c2b6eee76f0ca9952dcf8af086,ad514c6890bfce686a0927c714ce00de06f5567e526fc4b81f3338ddb5d6c3a4,p006,p006,swipe_left,27,2,accepted,,test,146,55,1.7928732999989734,54,0.9818181818181818,1,0.19226266170555553,
swipe_left/p006_swipe_left_0028.npz,6e1e177e6641ec90e55336885cc691e1db8a1369358c9db1411ba6e2c732b392,f574737d22a09f70e6ad69dadd78e31a6f77813e15a349b746d0a277015d363c,54a2b512ca15cb06f596248544612e5cdf1b1c73adc199eb742460f625c9a155,p006,p006,swipe_left,28,2,accepted,,test,147,52,1.6966673999995692,52,1.0,0,0.19336086248909684,
swipe_left/p006_swipe_left_0029.npz,7537b179a58e25d6ad15c031876ca531b919dea1d0cfba2933b61942bf4172df,7b86b9bcd591b997b221886f5ad0d56dac63939830f9261f9b8b6bc2b96dcd02,fc15df7726913248e139ac382dd9b47c2e45ae03c7f8c71f35270cd05432fd0e,p006,p006,swipe_left,29,2,accepted,,test,148,48,1.5531967999995686,48,1.0,0,0.19586470325395888,
swipe_left/p006_swipe_left_0030.npz,ea562a13052811689f5688805cece87f3fd04d0253ea601d87562fbe93c66cc3,fef0126956f1012e482e7eb21f18c577d9f01b563d09145a457eb9c91f1477a2,7907fe989087e79a17edd0066524495699bf05990e91f7415b46ba324c0b3992,p006,p006,swipe_left,30,2,accepted,,test,149,53,1.7433627999998862,53,1.0,0,0.19810733880894332,
swipe_left/p006_swipe_left_0031.npz,5c191e2f7ac0f7c6242d87e35efa4c82f0eef5ef633d042f8163f2874c3bbd54,707e49540d32a29e8bdb3cff96a51ef1b4751db87ba0c77a2a0cb2246f07360e,4f529cc35a00d34efc2c348a5c3f684f39bf42ed619b7aab36e163ab986b243d,p006,p006,swipe_left,31,2,accepted,,test,150,57,1.8563720000001922,52,0.9122807017543859,5,0.20481450349892563,
swipe_left/p006_swipe_left_0032.npz,50b0506b2ec6b55ef5f826e9340ca34b2df355f5690b6a6656dd6160e739c82b,174c146497bbec2482657fc09fee96191fb4aa1e58bdee16a60f9386ba57c18d,2d6f0f0757aa7e431b35b39ddf91aa0231bae3578dc8305cb8d716020be28b35,p006,p006,swipe_left,32,2,accepted,,test,151,49,1.5834754000006797,49,1.0,0,0.2134614741014457,
swipe_left/p006_swipe_left_0033.npz,26d5ff64f1b8249d53b4637cd13ab046600d66311e3dd20179b46fb157ba7b7d,7c5be0f4bede73390650641e305a25126a2870a5dfb1945843974813c848968c,7ea1ccb36261c585b02fec1f015dd9977e9ca65a7117c3d383649dee0d822bfe,p006,p006,swipe_left,33,2,accepted,,test,152,51,1.6641417000009824,51,1.0,0,0.1967098240739555,
swipe_left/p006_swipe_left_0034.npz,f82f94a6640491187dbc37a7863a0b9e028642c278677d27049c9ae10b0bef8b,6c7af83f8be19f3f602d6425a202d386001a57cb2aa2e18c750cab0c5aaabf89,119db5832620deb7cf3436c471fc1c985485fc9897995c411aa055559c0312a1,p006,p006,swipe_left,34,2,accepted,,test,153,54,1.7604680999993434,50,0.9259259259259259,4,0.18624735260388772,
swipe_left/p006_swipe_left_0035.npz,779a6f288829528a39e8c79c3e98b4cb6295ac5c94559cba348905f35fb32ad6,3a9c980946e265d73007f7864b1db33eb13c4d8f8989afb6350c3a76043bf833,0e25e80d16b34392e2b1fdadf357ccaaac96be47d9ea13d0975bf7c99c2aa640,p006,p006,swipe_left,35,2,accepted,,test,154,55,1.7917864999999438,51,0.9272727272727272,4,0.20328044865170897,
swipe_left/p006_swipe_left_0036.npz,d618a6a976e86c6fd8ae0c0c6bd7709a50cee696ad962c4151384c7c6310b560,3cb3d2cb35b2fe9bcff53097e32587882c832ef446cdeeb133704f9c458c96ea,48346f38d6853d1441e0599e6c1b696a83782f1a5e940664ac0cf4d4c28d8ae9,p006,p006,swipe_left,36,2,accepted,,test,155,54,1.7610906999998406,51,0.9444444444444444,3,0.19823736485069138,
swipe_left/p006_swipe_left_0037.npz,2512a0cc42840873c3d13b239395b67d884c3716ef6c94eb6249605e365eb436,8f1ee267c44a9166b9e807411c98c60e0bb812536bb9b0056ce79d44714a830f,827c88ab0898a0375f7795e7d568f1ec4872c62910d942d92234cf18cf4dee95,p006,p006,swipe_left,37,2,accepted,,test,156,49,1.5998335000003863,44,0.8979591836734694,5,0.18444284146584727,
swipe_left/p006_swipe_left_0038.npz,efc1b9ad733569216b383c1a9921757029c0e0d069a2e9aea7718375ee0188f7,05b330dd06de98d1d7703dc486fe0f66ab372e10a8028940a8d5f56f449fb46a,9c18170201b223e59870d0531b1b9a03449b0cafdc7be9e1753015a70620ee9d,p006,p006,swipe_left,38,2,accepted,,test,157,42,1.3602389999996376,39,0.9285714285714286,3,0.21437996346301808,
swipe_left/p006_swipe_left_0039.npz,b36a8477ab77fa650a28148ea7655f6cdc8fae7b5d1b31c983fd40b0cc4f2944,2e5dff58bad93ed91f109cbda65462f7114e6ab178b0f952f7baac6007e21829,33d08f346e5fd0364482a0767dc6a705b6be4a919e9d5afbb84967037d83b5d2,p006,p006,swipe_left,39,2,accepted,,test,158,52,1.6951742000001104,48,0.9230769230769231,4,0.18910827152602477,
swipe_left/p006_swipe_left_0040.npz,f51f5f3e412dc44e5d3aa34318349d51b3525ccb7bca38e51721ee39e260761a,119ec202e3a2819a2c5ed03f4f6aa3d3ed572b5dd4013a5b87b9cb4f056fde2a,61c9cc829ec7d481e037f73222baabf6aa29283c1a7aa65122c769cabb532948,p006,p006,swipe_left,40,2,accepted,,test,159,47,1.535738800001127,46,0.9787234042553191,1,0.20257571386795994,
swipe_left/p006_swipe_left_0041.npz,4160582223fce768c7b223561954cbcf817908a1e7ea9bfa3edee72a710aa7f9,77ac5a7629fa02e5ee65ff2b979722b474e2887beebeb1e1ed52e9dc4f138e6d,ad866e9ee9374163b42415cfc5ae99c836936777d949b061a89724c9efc60d19,p006,p006,swipe_left,41,2,accepted,,test,160,46,1.4884873000009975,46,1.0,0,0.2118870928529229,
swipe_left/p006_swipe_left_0042.npz,463fea90218a2d41c49d45ae7d7d254eb2b667bedb4db990e2206414c3d4aa99,e2e5254d70dd09654068b3d210ec4c5e5f98cf460ff87ca9ae9d075bec6445c3,b94fd54b9d0b3ae3ed551a086536ee99e13e9e6d3c7515530683deb48b736538,p006,p006,swipe_left,42,2,accepted,,test,161,47,1.5349026000003505,44,0.9361702127659575,3,0.16490581808981591,
swipe_left/p006_swipe_left_0043.npz,9a10f934d69b79d55ed0aea5363a9d3dc7c34b379ae777b43245062a23cca1b4,016a31faca25dd479678295eceb24dfa135db22f890588c3ef6414e3c74d8b6e,7f2991467373f89482cd3a48a32ccfd63dda0f9222835aec8c928d0c0464f752,p006,p006,swipe_left,43,2,accepted,,test,162,43,1.3914691999998468,43,1.0,0,0.20764551260549874,
swipe_left/p006_swipe_left_0044.npz,0227235f50baf781a40a7fb8a5af7e91327426444940edaf741ce7983a88e23e,ac235b9a2e2ab272dd0b7b4e98adcae04c2226eb13e6688f1494b069c77a4898,c60c9e1db2a4b51546f84f460ba2545d1a0ec57c51db88eec96a2941cb3c1502,p006,p006,swipe_left,44,2,accepted,,test,163,44,1.4387289000005694,41,0.9318181818181818,3,0.20408776599142997,
swipe_left/p006_swipe_left_0045.npz,9ea8b3f0acae84e5cc64507d9d383c39abd24dba8477c5a0bdd39086e3ce0896,188f860be8739fa12c27dd46c555b171c7611cdefd2eccc680a20316c66642a3,88c2241d208651f8f271446b4c8bcf409019cbcc66fb0aa2b00725ff75284bea,p006,p006,swipe_left,45,2,accepted,,test,164,38,1.2320966000006592,38,1.0,0,0.20107079892516022,
swipe_left/p006_swipe_left_0046.npz,bffedcc50dcd370b941affa935155bcd0e021b06915c0c1320800ff63035d3a4,5a20197134053478da1d9fa1a0a84a83fee9753146fe5a03ad27a10275ecf432,4907d0292c51a7d4e70dd64b95afcb6cd6b68d5511243135fe657acbdb43a859,p006,p006,swipe_left,46,2,accepted,,test,165,41,1.3280627000003733,39,0.9512195121951219,1,0.2025558976101185,
swipe_left/p006_swipe_left_0047.npz,df2cf6182f257cf65752c3575454a118985960ddc12262adff5275c4b737624b,e12f2e4b5a55c2cdcbe103bfb7e9122e78ca6e76e8bfa5787296f2fb39a90e25,97fe2b6df305660cdbc88278b67ad4d1b5fb747699954bbc66b2be054a632bc9,p006,p006,swipe_left,47,2,accepted,,test,166,47,1.5198694999999134,46,0.9787234042553191,1,0.2008936317550215,
swipe_left/p006_swipe_left_0048.npz,5e128fcafeb3ff0f4bb6e74edf8e37e14c9f84890786d849a720fe3e7d78718d,ec3b08b28690a3ef9c96e5fa472b908e127d380b9ad4c681a72577a4a025b355,4892df01d8bf25b05c42d3d17ccbc85968562319f149175b787bed8ed85051bf,p006,p006,swipe_left,48,2,accepted,,test,167,40,1.296103900000162,40,1.0,0,0.20189594816982054,
swipe_left/p006_swipe_left_0049.npz,b08e1866f203075c75ec9b6b3333a0112bac96e456663dbd8d80cb0ec9221904,a4ed5b0b802eeba810b49f439c478fa07704f9d3cbe71819aedeb62e4d4d7a2e,03ca5b0eeac36c9dedeec94220cb7cc3bef7c5086ab35d953eda9912dd46f9cd,p006,p006,swipe_left,49,2,accepted,,test,168,37,1.2003996999992523,33,0.8918918918918919,4,0.18988474580702291,
swipe_left/p006_swipe_left_0050.npz,5a862063de636e8b184b0f0cff7ef0252ff3b0cea1c0f33c169d7b6f880c3e27,0593ec370258b097737cef926f965e09acf459a3fa6d1a4cd36065f5943d0dc3,68f2f4a24b195272510dec8bf8326a12619c64bd29b9fad28c80a9a4068d732c,p006,p006,swipe_left,50,2,accepted,,test,169,66,2.1768914999993285,66,1.0,0,0.23065308394568448,
