filepath,participant_id,label,sample_id,num_frames,duration,detection_rate,handedness,created_at
dataset/swipe_left/user00_swipe_left_0001.npz,user00,swipe_left,1,46,1.5043,100.0,Right,2026-09-04T17:50:58+09:00
dataset/swipe_left/user00_swipe_left_0002.npz,user00,swipe_left,2,45,1.4623,100.0,Right,2026-09-04T17:51:01+09:00
dataset/swipe_left/user00_swipe_left_0003.npz,user00,swipe_left,3,44,1.4238,100.0,Right,2026-09-04T17:51:04+09:00
dataset/swipe_left/user00_swipe_left_0004.npz,user00,swipe_left,4,38,1.2801,100.0,Right,2026-09-04T17:51:08+09:00
dataset/swipe_left/user00_swipe_left_0005.npz,user00,swipe_left,5,36,1.2479,100.0,Right,2026-09-04T17:51:11+09:00
dataset/swipe_left/user00_swipe_left_0006.npz,user00,swipe_left,6,39,1.2477,100.0,Right,2026-09-04T17:51:17+09:00
dataset/swipe_left/user00_swipe_left_0007.npz,user00,swipe_left,7,33,1.0559,100.0,Right,2026-09-04T17:51:20+09:00
dataset/swipe_left/user00_swipe_left_0008.npz,user00,swipe_left,8,28,0.88,100.0,Right,2026-09-04T17:51:23+09:00
dataset/swipe_left/user00_swipe_left_0009.npz,user00,swipe_left,9,34,1.0724,100.0,Right,2026-09-04T17:51:25+09:00
dataset/swipe_left/user00_swipe_left_0010.npz,user00,swipe_left,10,35,1.1042,100.0,Right,2026-09-04T17:51:29+09:00
dataset/swipe_left/user00_swipe_left_0011.npz,user00,swipe_left,11,41,1.3119,100.0,Right,2026-09-04T17:51:32+09:00
dataset/swipe_left/user00_swipe_left_0012.npz,user00,swipe_left,12,40,1.2801,100.0,Right,2026-09-04T17:51:37+09:00
dataset/swipe_left/user00_swipe_left_0013.npz,user00,swipe_left,13,35,1.1359,100.0,Right,2026-09-04T22:59:42+09:00
dataset/swipe_left/user00_swipe_left_0014.npz,user00,swipe_left,14,27,0.8797,100.0,Right,2026-09-04T22:59:44+09:00
dataset/swipe_left/user00_swipe_left_0015.npz,user00,swipe_left,15,24,0.7679,100.0,Right,2026-09-04T22:59:47+09:00
dataset/swipe_left/user00_swipe_left_0016.npz,user00,swipe_left,16,28,0.912,100.0,Right,2026-09-04T22:59:49+09:00
dataset/swipe_left/user00_swipe_left_0017.npz,user00,swipe_left,17,27,0.8798,100.0,Right,2026-09-04T22:59:52+09:00
dataset/swipe_left/user00_swipe_left_0018.npz,user00,swipe_left,18,31,1.0079,100.0,Right,2026-09-04T22:59:55+09:00
dataset/swipe_left/user00_swipe_left_0019.npz,user00,swipe_left,19,27,0.8805,100.0,Right,2026-09-04T22:59:57+09:00
dataset/swipe_left/user00_swipe_left_0020.npz,user00,swipe_left,20,30,0.9759,100.0,Right,2026-09-04T23:00:00+09:00
dataset/swipe_left/user00_swipe_left_0021.npz,user00,swipe_left,21,23,0.7519,100.0,Right,2026-09-04T23:00:03+09:00
dataset/swipe_left/user00_swipe_left_0022.npz,user00,swipe_left,22,23,0.7362,91.3043,Right,2026-09-04T23:00:09+09:00
dataset/swipe_left/user00_swipe_left_0023.npz,user00,swipe_left,23,27,0.8799,100.0,Right,2026-09-04T23:00:12+09:00
dataset/swipe_left/user00_swipe_left_0024.npz,user00,swipe_left,24,25,0.7998,100.0,Right,2026-09-04T23:00:14+09:00
dataset/swipe_left/user00_swipe_left_0025.npz,user00,swipe_left,25,22,0.7038,95.4545,Right,2026-09-04T23:00:16+09:00
dataset/swipe_left/user00_swipe_left_0026.npz,user00,swipe_left,26,21,0.6721,100.0,Right,2026-09-04T23:00:19+09:00
dataset/swipe_left/user00_swipe_left_0027.npz,user00,swipe_left,27,20,0.6397,95.0,Right,2026-09-04T23:00:22+09:00
dataset/swipe_left/user00_swipe_left_0028.npz,user00,swipe_left,28,21,0.672,100.0,Right,2026-09-04T23:00:24+09:00
dataset/swipe_left/user00_swipe_left_0029.npz,user00,swipe_left,29,22,0.7038,100.0,Right,2026-09-04T23:00:26+09:00
dataset/swipe_left/user00_swipe_left_0030.npz,user00,swipe_left,30,22,0.7199,100.0,Right,2026-09-04T23:00:29+09:00
dataset/swipe_left/user00_swipe_left_0031.npz,user00,swipe_left,31,21,0.6882,95.2381,Right,2026-09-04T23:00:31+09:00
dataset/swipe_left/user00_swipe_left_0032.npz,user00,swipe_left,32,26,0.8481,100.0,Right,2026-09-04T23:00:34+09:00
dataset/swipe_left/user00_swipe_left_0033.npz,user00,swipe_left,33,26,0.8476,100.0,Right,2026-09-04T23:26:27+09:00
dataset/swipe_left/user00_swipe_left_0034.npz,user00,swipe_left,34,32,1.0561,100.0,Right,2026-09-04T23:26:30+09:00
dataset/swipe_left/user00_swipe_left_0035.npz,user00,swipe_left,35,32,1.0401,100.0,Right,2026-09-04T23:26:33+09:00
dataset/swipe_left/user00_swipe_left_0036.npz,user00,swipe_left,36,40,1.3128,100.0,Right,2026-09-04T23:26:36+09:00
dataset/swipe_left/user00_swipe_left_0037.npz,user00,swipe_left,37,34,1.12,100.0,Right,2026-09-04T23:26:38+09:00
dataset/swipe_left/p001_swipe_left_0001.npz,p001,swipe_left,1,32,1.056,100.0,Right,2026-09-05T12:51:56+09:00
dataset/swipe_left/p001_swipe_left_0002.npz,p001,swipe_left,2,33,1.0721,100.0,Right,2026-09-05T12:51:58+09:00
dataset/swipe_left/p001_swipe_left_0003.npz,p001,swipe_left,3,30,0.9757,100.0,Right,2026-09-05T12:52:02+09:00
dataset/swipe_left/p001_swipe_left_0004.npz,p001,swipe_left,4,32,1.056,100.0,Right,2026-09-05T12:52:05+09:00
dataset/swipe_left/p001_swipe_left_0005.npz,p001,swipe_left,5,30,0.9762,100.0,Right,2026-09-05T12:52:07+09:00
dataset/swipe_left/p001_swipe_left_0006.npz,p001,swipe_left,6,30,0.976,100.0,Right,2026-09-05T12:52:10+09:00
dataset/swipe_left/p001_swipe_left_0007.npz,p001,swipe_left,7,35,1.1521,100.0,Right,2026-09-05T12:52:13+09:00
dataset/swipe_left/p001_swipe_left_0008.npz,p001,swipe_left,8,34,1.1201,100.0,Right,2026-09-05T12:52:16+09:00
dataset/swipe_left/p001_swipe_left_0009.npz,p001,swipe_left,9,32,1.04,100.0,Right,2026-09-05T12:52:19+09:00
dataset/swipe_left/p001_swipe_left_0010.npz,p001,swipe_left,10,25,0.816,100.0,Right,2026-09-05T12:52:26+09:00
dataset/swipe_left/p001_swipe_left_0011.npz,p001,swipe_left,11,24,0.768,100.0,Right,2026-09-05T12:52:28+09:00
dataset/swipe_left/p001_swipe_left_0012.npz,p001,swipe_left,12,24,0.768,100.0,Right,2026-09-05T12:52:30+09:00
dataset/swipe_left/p001_swipe_left_0013.npz,p001,swipe_left,13,26,0.848,100.0,Right,2026-09-05T12:52:32+09:00
dataset/swipe_left/p001_swipe_left_0014.npz,p001,swipe_left,14,30,0.9761,100.0,Right,2026-09-05T12:52:35+09:00
dataset/swipe_left/p001_swipe_left_0015.npz,p001,swipe_left,15,28,0.9119,100.0,Right,2026-09-05T12:52:42+09:00
dataset/swipe_left/p001_swipe_left_0016.npz,p001,swipe_left,16,26,0.8323,100.0,Right,2026-09-05T12:52:44+09:00
dataset/swipe_left/p001_swipe_left_0017.npz,p001,swipe_left,17,21,0.6718,100.0,Right,2026-09-05T12:52:46+09:00
dataset/swipe_left/p001_swipe_left_0018.npz,p001,swipe_left,18,29,0.9441,100.0,Right,2026-09-05T12:52:48+09:00
dataset/swipe_left/p001_swipe_left_0019.npz,p001,swipe_left,19,28,0.9122,100.0,Right,2026-09-05T12:52:51+09:00
dataset/swipe_left/p001_swipe_left_0020.npz,p001,swipe_left,20,23,0.736,100.0,Right,2026-09-05T12:52:53+09:00
dataset/swipe_left/p001_swipe_left_0021.npz,p001,swipe_left,21,25,0.8002,100.0,Right,2026-09-05T12:52:55+09:00
dataset/swipe_left/p001_swipe_left_0022.npz,p001,swipe_left,22,22,0.72,100.0,Right,2026-09-05T12:52:57+09:00
dataset/swipe_left/p001_swipe_left_0023.npz,p001,swipe_left,23,30,0.9759,90.0,Right,2026-09-05T12:52:59+09:00
dataset/swipe_left/p001_swipe_left_0024.npz,p001,swipe_left,24,28,0.912,92.8571,Right,2026-09-05T12:53:02+09:00
dataset/swipe_left/p001_swipe_left_0025.npz,p001,swipe_left,25,29,0.9433,100.0,Right,2026-09-05T12:53:04+09:00
dataset/swipe_left/p001_swipe_left_0026.npz,p001,swipe_left,26,29,0.9442,86.2069,Right,2026-09-05T12:53:06+09:00
dataset/swipe_left/p001_swipe_left_0027.npz,p001,swipe_left,27,27,0.8642,100.0,Right,2026-09-05T12:53:08+09:00
dataset/swipe_left/p001_swipe_left_0028.npz,p001,swipe_left,28,34,1.12,94.1176,Right,2026-09-05T12:53:10+09:00
dataset/swipe_left/p001_swipe_left_0029.npz,p001,swipe_left,29,32,1.0402,100.0,Right,2026-09-05T12:53:13+09:00
dataset/swipe_left/p001_swipe_left_0030.npz,p001,swipe_left,30,30,0.9764,100.0,Right,2026-09-05T12:53:15+09:00
dataset/swipe_left/p001_swipe_left_0031.npz,p001,swipe_left,31,35,1.1521,100.0,Right,2026-09-05T12:53:18+09:00
dataset/swipe_left/p001_swipe_left_0032.npz,p001,swipe_left,32,29,0.9601,100.0,Right,2026-09-05T12:53:21+09:00
dataset/swipe_left/p001_swipe_left_0033.npz,p001,swipe_left,33,26,0.8482,100.0,Right,2026-09-05T12:53:23+09:00
dataset/swipe_left/p001_swipe_left_0034.npz,p001,swipe_left,34,26,0.8321,88.4615,Right,2026-09-05T12:53:25+09:00
dataset/swipe_left/p001_swipe_left_0035.npz,p001,swipe_left,35,32,1.056,90.625,Right,2026-09-05T12:53:27+09:00
dataset/swipe_left/p001_swipe_left_0036.npz,p001,swipe_left,36,35,1.1361,88.5714,Right,2026-09-05T12:53:30+09:00
dataset/swipe_left/p001_swipe_left_0037.npz,p001,swipe_left,37,36,1.1837,94.4444,Right,2026-09-05T12:53:32+09:00
dataset/swipe_left/p001_swipe_left_0038.npz,p001,swipe_left,38,30,0.9759,86.6667,Right,2026-09-05T12:53:34+09:00
dataset/swipe_left/p001_swipe_left_0039.npz,p001,swipe_left,39,33,1.072,84.8485,Right,2026-09-05T12:53:37+09:00
dataset/swipe_left/p001_swipe_left_0040.npz,p001,swipe_left,40,31,1.0081,87.0968,Right,2026-09-05T12:53:39+09:00
dataset/swipe_left/p001_swipe_left_0041.npz,p001,swipe_left,41,29,0.9439,100.0,Right,2026-09-05T12:53:41+09:00
dataset/swipe_left/p001_swipe_left_0042.npz,p001,swipe_left,42,33,1.0719,100.0,Right,2026-09-05T12:53:44+09:00
dataset/swipe_left/p001_swipe_left_0043.npz,p001,swipe_left,43,29,0.9439,100.0,Right,2026-09-05T12:53:46+09:00
dataset/swipe_left/p001_swipe_left_0044.npz,p001,swipe_left,44,29,0.9439,100.0,Right,2026-09-05T12:53:49+09:00
dataset/swipe_left/p001_swipe_left_0045.npz,p001,swipe_left,45,33,1.0719,100.0,Right,2026-09-05T12:53:51+09:00
dataset/swipe_left/p001_swipe_left_0046.npz,p001,swipe_left,46,25,0.8001,100.0,Right,2026-09-05T12:53:56+09:00
dataset/swipe_left/p001_swipe_left_0047.npz,p001,swipe_left,47,27,0.8799,100.0,Right,2026-09-05T12:53:58+09:00
dataset/swipe_left/p001_swipe_left_0048.npz,p001,swipe_left,48,28,0.912,89.2857,Right,2026-09-05T12:54:00+09:00
dataset/swipe_left/p001_swipe_left_0049.npz,p001,swipe_left,49,32,1.0398,100.0,Right,2026-09-05T12:54:02+09:00
dataset/swipe_left/p001_swipe_left_0050.npz,p001,swipe_left,50,27,0.8801,88.8889,Right,2026-09-05T12:54:04+09:00
dataset/swipe_left/p001_swipe_left_0051.npz,p001,swipe_left,51,24,0.7682,95.8333,Right,2026-09-05T12:54:06+09:00
dataset/swipe_left/p001_swipe_left_0052.npz,p001,swipe_left,52,32,1.04,100.0,Right,2026-09-05T12:54:09+09:00
dataset/swipe_left/p001_swipe_left_0053.npz,p001,swipe_left,53,27,0.8802,100.0,Right,2026-09-05T12:54:11+09:00
dataset/swipe_left/p001_swipe_left_0054.npz,p001,swipe_left,54,32,1.0559,100.0,Right,2026-09-05T12:54:13+09:00
dataset/swipe_left/p001_swipe_left_0055.npz,p001,swipe_left,55,27,0.88,100.0,Right,2026-09-05T12:54:18+09:00
dataset/swipe_left/p001_swipe_left_0056.npz,p001,swipe_left,56,26,0.8319,84.6154,Right,2026-09-05T12:54:20+09:00
dataset/swipe_left/p001_swipe_left_0057.npz,p001,swipe_left,57,35,1.1517,88.5714,Right,2026-09-05T12:54:22+09:00
dataset/swipe_left/p001_swipe_left_0058.npz,p001,swipe_left,58,34,1.12,88.2353,Right,2026-09-05T12:54:25+09:00
dataset/swipe_left/p001_swipe_left_0059.npz,p001,swipe_left,59,33,1.072,90.9091,Right,2026-09-05T12:54:27+09:00
dataset/swipe_left/p001_swipe_left_0060.npz,p001,swipe_left,60,25,0.816,88.0,Right,2026-09-05T12:54:34+09:00
dataset/swipe_left/p001_swipe_left_0061.npz,p001,swipe_left,61,26,0.8317,84.6154,Right,2026-09-05T12:54:36+09:00
dataset/swipe_left/p001_swipe_left_0062.npz,p001,swipe_left,62,27,0.88,100.0,Right,2026-09-05T12:54:38+09:00
dataset/swipe_left/p001_swipe_left_0063.npz,p001,swipe_left,63,29,0.9437,100.0,Right,2026-09-05T12:54:40+09:00
dataset/swipe_left/p001_swipe_left_0064.npz,p001,swipe_left,64,26,0.8319,92.3077,Right,2026-09-05T12:54:42+09:00
dataset/swipe_left/p001_swipe_left_0065.npz,p001,swipe_left,65,24,0.784,87.5,Right,2026-09-05T12:54:44+09:00
dataset/swipe_left/p001_swipe_left_0066.npz,p001,swipe_left,66,30,0.9759,96.6667,Right,2026-09-05T12:54:46+09:00
dataset/swipe_left/p001_swipe_left_0067.npz,p001,swipe_left,67,33,1.0879,96.9697,Right,2026-09-05T12:54:49+09:00
dataset/swipe_left/p001_swipe_left_0068.npz,p001,swipe_left,68,28,0.9121,85.7143,Right,2026-09-05T12:54:51+09:00
dataset/swipe_left/p001_swipe_left_0069.npz,p001,swipe_left,69,26,0.848,84.6154,Right,2026-09-05T12:54:54+09:00
dataset/swipe_left/p001_swipe_left_0070.npz,p001,swipe_left,70,28,0.912,82.1429,Right,2026-09-05T12:54:55+09:00
dataset/swipe_left/p001_swipe_left_0071.npz,p001,swipe_left,71,31,1.0078,100.0,Right,2026-09-05T12:54:58+09:00
dataset/swipe_left/p001_swipe_left_0072.npz,p001,swipe_left,72,32,1.0559,100.0,Right,2026-09-05T12:55:00+09:00
dataset/swipe_left/p001_swipe_left_0073.npz,p001,swipe_left,73,32,1.0559,100.0,Right,2026-09-05T12:55:02+09:00
dataset/swipe_left/p001_swipe_left_0074.npz,p001,swipe_left,74,36,1.1842,100.0,Right,2026-09-05T12:55:04+09:00
dataset/swipe_left/p001_swipe_left_0075.npz,p001,swipe_left,75,33,1.0718,100.0,Right,2026-09-05T12:55:07+09:00
dataset/swipe_left/p001_swipe_left_0076.npz,p001,swipe_left,76,30,0.9759,100.0,Right,2026-09-05T12:55:09+09:00
dataset/swipe_left/p001_swipe_left_0077.npz,p001,swipe_left,77,30,0.9922,86.6667,Right,2026-09-05T12:55:13+09:00
dataset/swipe_left/p001_swipe_left_0078.npz,p001,swipe_left,78,27,0.88,100.0,Right,2026-09-05T12:55:15+09:00
dataset/swipe_left/p001_swipe_left_0079.npz,p001,swipe_left,79,26,0.8479,84.6154,Right,2026-09-05T12:55:18+09:00
dataset/swipe_left/p001_swipe_left_0080.npz,p001,swipe_left,80,26,0.8479,88.4615,Right,2026-09-05T12:55:20+09:00
dataset/swipe_left/p001_swipe_left_0081.npz,p001,swipe_left,81,26,0.8482,100.0,Right,2026-09-05T12:55:23+09:00
dataset/swipe_left/p001_swipe_left_0082.npz,p001,swipe_left,82,28,0.9122,100.0,Right,2026-09-05T12:55:25+09:00
dataset/swipe_left/p001_swipe_left_0083.npz,p001,swipe_left,83,30,0.9763,100.0,Right,2026-09-05T12:55:27+09:00
dataset/swipe_left/p001_swipe_left_0084.npz,p001,swipe_left,84,27,0.8802,100.0,Right,2026-09-05T12:55:30+09:00
dataset/swipe_left/p001_swipe_left_0085.npz,p001,swipe_left,85,27,0.8801,92.5926,Right,2026-09-05T12:55:32+09:00
dataset/swipe_left/p001_swipe_left_0086.npz,p001,swipe_left,86,27,0.8801,81.4815,Right,2026-09-05T12:55:34+09:00
dataset/swipe_left/p001_swipe_left_0087.npz,p001,swipe_left,87,27,0.8801,85.1852,Right,2026-09-05T12:55:36+09:00
dataset/swipe_left/p001_swipe_left_0088.npz,p001,swipe_left,88,22,0.7041,81.8182,Right,2026-09-05T12:55:37+09:00
dataset/swipe_left/p001_swipe_left_0089.npz,p001,swipe_left,89,24,0.784,95.8333,Right,2026-09-05T12:55:39+09:00
dataset/swipe_left/p001_swipe_left_0090.npz,p001,swipe_left,90,26,0.8319,88.4615,Right,2026-09-05T12:55:41+09:00
dataset/swipe_left/p001_swipe_left_0091.npz,p001,swipe_left,91,24,0.7681,95.8333,Right,2026-09-05T12:55:43+09:00
dataset/swipe_left/p001_swipe_left_0092.npz,p001,swipe_left,92,28,0.9123,92.8571,Right,2026-09-05T12:55:45+09:00
dataset/swipe_left/p001_swipe_left_0093.npz,p001,swipe_left,93,27,0.8798,92.5926,Right,2026-09-05T12:55:46+09:00
dataset/swipe_left/p001_swipe_left_0094.npz,p001,swipe_left,94,29,0.9435,100.0,Right,2026-09-05T12:55:48+09:00
dataset/swipe_left/p001_swipe_left_0095.npz,p001,swipe_left,95,26,0.8478,88.4615,Right,2026-09-05T12:55:50+09:00
dataset/swipe_left/p001_swipe_left_0096.npz,p001,swipe_left,96,26,0.848,92.3077,Right,2026-09-05T12:55:52+09:00
dataset/swipe_left/p001_swipe_left_0097.npz,p001,swipe_left,97,29,0.9441,100.0,Right,2026-09-05T12:55:54+09:00
dataset/swipe_left/p001_swipe_left_0098.npz,p001,swipe_left,98,24,0.7842,95.8333,Right,2026-09-05T12:55:57+09:00
dataset/swipe_left/p001_swipe_left_0099.npz,p001,swipe_left,99,30,0.9761,100.0,Right,2026-09-05T12:55:59+09:00
dataset/swipe_left/p001_swipe_left_0100.npz,p001,swipe_left,100,29,0.96,86.2069,Right,2026-09-05T12:56:01+09:00
dataset/swipe_left/p001_swipe_left_0101.npz,p001,swipe_left,101,30,0.9762,100.0,Right,2026-09-05T12:56:03+09:00
dataset/swipe_left/p001_swipe_left_0102.npz,p001,swipe_left,102,26,0.8319,100.0,Right,2026-09-05T12:56:11+09:00
dataset/swipe_left/p001_swipe_left_0103.npz,p001,swipe_left,103,27,0.8798,100.0,Right,2026-09-05T12:56:13+09:00
dataset/swipe_left/p001_swipe_left_0104.npz,p001,swipe_left,104,28,0.9122,92.8571,Right,2026-09-05T12:56:14+09:00
dataset/swipe_left/p001_swipe_left_0105.npz,p001,swipe_left,105,31,1.0083,100.0,Right,2026-09-05T12:56:16+09:00
dataset/swipe_left/p001_swipe_left_0106.npz,p001,swipe_left,106,31,1.0082,96.7742,Right,2026-09-05T12:56:18+09:00
dataset/swipe_left/p001_swipe_left_0107.npz,p001,swipe_left,107,25,0.8128,100.0,Right,2026-09-05T12:56:20+09:00
dataset/swipe_left/p001_swipe_left_0108.npz,p001,swipe_left,108,27,0.8802,100.0,Right,2026-09-05T12:56:22+09:00
dataset/swipe_left/p001_swipe_left_0109.npz,p001,swipe_left,109,28,0.9118,92.8571,Right,2026-09-05T12:56:24+09:00
dataset/swipe_left/p001_swipe_left_0110.npz,p001,swipe_left,110,29,0.9439,100.0,Right,2026-09-05T12:56:26+09:00
dataset/swipe_left/p001_swipe_left_0111.npz,p001,swipe_left,111,29,0.9438,96.5517,Right,2026-09-05T12:56:28+09:00
dataset/swipe_left/p001_swipe_left_0112.npz,p001,swipe_left,112,27,0.8801,96.2963,Right,2026-09-05T12:56:29+09:00
dataset/swipe_left/p001_swipe_left_0113.npz,p001,swipe_left,113,28,0.9118,96.4286,Right,2026-09-05T12:56:31+09:00
dataset/swipe_left/p001_swipe_left_0114.npz,p001,swipe_left,114,27,0.88,88.8889,Right,2026-09-05T12:56:33+09:00
dataset/swipe_left/p001_swipe_left_0115.npz,p001,swipe_left,115,26,0.8479,84.6154,Right,2026-09-05T12:56:39+09:00
dataset/swipe_left/p001_swipe_left_0116.npz,p001,swipe_left,116,30,0.9758,90.0,Right,2026-09-05T12:56:41+09:00
dataset/swipe_left/p001_swipe_left_0117.npz,p001,swipe_left,117,26,0.8483,88.4615,Right,2026-09-05T12:56:43+09:00
dataset/swipe_left/p001_swipe_left_0118.npz,p001,swipe_left,118,25,0.8162,92.0,Right,2026-09-05T12:56:44+09:00
dataset/swipe_left/p001_swipe_left_0119.npz,p001,swipe_left,119,27,0.8801,88.8889,Right,2026-09-05T12:56:46+09:00
dataset/swipe_left/p001_swipe_left_0120.npz,p001,swipe_left,120,34,1.12,91.1765,Right,2026-09-05T12:56:48+09:00
dataset/swipe_left/p001_swipe_left_0121.npz,p001,swipe_left,121,29,0.9441,93.1034,Right,2026-09-05T12:56:50+09:00
dataset/swipe_left/p001_swipe_left_0122.npz,p001,swipe_left,122,28,0.9122,92.8571,Right,2026-09-05T12:56:52+09:00
dataset/swipe_left/p001_swipe_left_0123.npz,p001,swipe_left,123,27,0.8799,96.2963,Right,2026-09-05T12:56:54+09:00
dataset/make_fist/p001_make_fist_0001.npz,p001,make_fist,1,33,1.0721,100.0,Right,2026-09-05T12:57:48+09:00
dataset/make_fist/p001_make_fist_0002.npz,p001,make_fist,2,31,1.0081,100.0,Right,2026-09-05T12:57:50+09:00
dataset/make_fist/p001_make_fist_0003.npz,p001,make_fist,3,34,1.1045,100.0,Right,2026-09-05T12:57:52+09:00
dataset/make_fist/p001_make_fist_0004.npz,p001,make_fist,4,32,1.0401,100.0,Right,2026-09-05T12:57:54+09:00
dataset/make_fist/p001_make_fist_0005.npz,p001,make_fist,5,28,0.9119,100.0,Right,2026-09-05T12:57:57+09:00
dataset/make_fist/p001_make_fist_0006.npz,p001,make_fist,6,38,1.2482,100.0,Right,2026-09-05T12:57:59+09:00
dataset/make_fist/p001_make_fist_0007.npz,p001,make_fist,7,38,1.2637,100.0,Right,2026-09-05T12:58:02+09:00
dataset/make_fist/p001_make_fist_0008.npz,p001,make_fist,8,25,0.8158,100.0,Right,2026-09-05T12:58:04+09:00
dataset/make_fist/p001_make_fist_0009.npz,p001,make_fist,9,33,1.0722,100.0,Right,2026-09-05T12:58:06+09:00
dataset/make_fist/p001_make_fist_0010.npz,p001,make_fist,10,28,0.912,100.0,Right,2026-09-05T12:58:08+09:00
dataset/make_fist/p001_make_fist_0011.npz,p001,make_fist,11,33,1.072,100.0,Right,2026-09-05T12:58:11+09:00
dataset/make_fist/p001_make_fist_0012.npz,p001,make_fist,12,36,1.1842,100.0,Right,2026-09-05T12:58:13+09:00
dataset/make_fist/p001_make_fist_0013.npz,p001,make_fist,13,32,1.0401,100.0,Right,2026-09-05T12:58:15+09:00
dataset/make_fist/p001_make_fist_0014.npz,p001,make_fist,14,31,1.0078,100.0,Right,2026-09-05T12:58:17+09:00
dataset/make_fist/p001_make_fist_0015.npz,p001,make_fist,15,35,1.1521,100.0,Right,2026-09-05T12:58:19+09:00
dataset/make_fist/p001_make_fist_0016.npz,p001,make_fist,16,29,0.944,100.0,Right,2026-09-05T12:58:21+09:00
dataset/make_fist/p001_make_fist_0017.npz,p001,make_fist,17,30,0.9922,100.0,Right,2026-09-05T12:58:23+09:00
dataset/make_fist/p001_make_fist_0018.npz,p001,make_fist,18,33,1.088,100.0,Right,2026-09-05T12:58:25+09:00
dataset/make_fist/p001_make_fist_0019.npz,p001,make_fist,19,35,1.1359,100.0,Right,2026-09-05T12:58:27+09:00
dataset/make_fist/p001_make_fist_0020.npz,p001,make_fist,20,33,1.0878,100.0,Right,2026-09-05T12:58:30+09:00
dataset/make_fist/p001_make_fist_0021.npz,p001,make_fist,21,31,1.0078,100.0,Right,2026-09-05T12:58:32+09:00
dataset/make_fist/p001_make_fist_0022.npz,p001,make_fist,22,32,1.04,100.0,Right,2026-09-05T12:58:34+09:00
dataset/make_fist/p001_make_fist_0023.npz,p001,make_fist,23,29,0.9442,100.0,Right,2026-09-05T12:58:36+09:00
dataset/make_fist/p001_make_fist_0024.npz,p001,make_fist,24,31,1.008,100.0,Right,2026-09-05T12:58:38+09:00
dataset/make_fist/p001_make_fist_0025.npz,p001,make_fist,25,28,0.8961,100.0,Right,2026-09-05T12:58:39+09:00
dataset/make_fist/p001_make_fist_0025.npz,p001,make_fist,25,20,0.6403,100.0,Right,2026-09-05T12:59:45+09:00
dataset/make_fist/p001_make_fist_0026.npz,p001,make_fist,26,26,0.848,100.0,Right,2026-09-05T12:59:47+09:00
dataset/make_fist/p001_make_fist_0027.npz,p001,make_fist,27,29,0.9442,100.0,Right,2026-09-05T12:59:49+09:00
dataset/make_fist/p001_make_fist_0028.npz,p001,make_fist,28,32,1.0561,100.0,Right,2026-09-05T12:59:51+09:00
dataset/make_fist/p001_make_fist_0029.npz,p001,make_fist,29,33,1.0722,100.0,Right,2026-09-05T12:59:53+09:00
dataset/make_fist/p001_make_fist_0030.npz,p001,make_fist,30,30,0.9759,100.0,Right,2026-09-05T12:59:55+09:00
dataset/make_fist/p001_make_fist_0031.npz,p001,make_fist,31,32,1.0405,100.0,Right,2026-09-05T12:59:57+09:00
dataset/make_fist/p001_make_fist_0032.npz,p001,make_fist,32,32,1.0402,100.0,Right,2026-09-05T12:59:59+09:00
dataset/make_fist/p001_make_fist_0033.npz,p001,make_fist,33,33,1.0718,100.0,Right,2026-09-05T13:00:01+09:00
dataset/make_fist/p001_make_fist_0034.npz,p001,make_fist,34,30,0.9761,100.0,Right,2026-09-05T13:00:03+09:00
dataset/make_fist/p001_make_fist_0035.npz,p001,make_fist,35,32,1.04,100.0,Right,2026-09-05T13:00:06+09:00
dataset/make_fist/p001_make_fist_0036.npz,p001,make_fist,36,32,1.0561,100.0,Right,2026-09-05T13:00:08+09:00
dataset/make_fist/p001_make_fist_0037.npz,p001,make_fist,37,33,1.0882,100.0,Right,2026-09-05T13:00:10+09:00
dataset/make_fist/p001_make_fist_0038.npz,p001,make_fist,38,33,1.088,100.0,Right,2026-09-05T13:00:12+09:00
dataset/make_fist/p001_make_fist_0039.npz,p001,make_fist,39,31,1.008,100.0,Right,2026-09-05T13:00:14+09:00
dataset/make_fist/p001_make_fist_0040.npz,p001,make_fist,40,34,1.1198,100.0,Right,2026-09-05T13:00:17+09:00
dataset/make_fist/p001_make_fist_0041.npz,p001,make_fist,41,34,1.104,100.0,Right,2026-09-05T13:00:19+09:00
dataset/make_fist/p001_make_fist_0042.npz,p001,make_fist,42,33,1.072,100.0,Right,2026-09-05T13:00:22+09:00
dataset/make_fist/p001_make_fist_0043.npz,p001,make_fist,43,37,1.2159,100.0,Right,2026-09-05T13:00:24+09:00
dataset/make_fist/p001_make_fist_0044.npz,p001,make_fist,44,36,1.1678,100.0,Right,2026-09-05T13:00:26+09:00
dataset/make_fist/p001_make_fist_0045.npz,p001,make_fist,45,33,1.0717,100.0,Right,2026-09-05T13:00:29+09:00
dataset/make_fist/p001_make_fist_0046.npz,p001,make_fist,46,35,1.152,100.0,Right,2026-09-05T13:00:31+09:00
dataset/make_fist/p001_make_fist_0047.npz,p001,make_fist,47,29,0.9603,100.0,Right,2026-09-05T13:00:34+09:00
dataset/make_fist/p001_make_fist_0048.npz,p001,make_fist,48,29,0.9443,100.0,Right,2026-09-05T13:00:36+09:00
dataset/make_fist/p001_make_fist_0049.npz,p001,make_fist,49,31,1.024,100.0,Right,2026-09-05T13:00:39+09:00
dataset/make_fist/p001_make_fist_0050.npz,p001,make_fist,50,36,1.1842,100.0,Right,2026-09-05T13:00:41+09:00
dataset/make_fist/p001_make_fist_0051.npz,p001,make_fist,51,36,1.184,100.0,Right,2026-09-05T13:00:43+09:00
dataset/make_fist/p001_make_fist_0052.npz,p001,make_fist,52,32,1.0402,100.0,Right,2026-09-05T13:00:45+09:00
dataset/make_fist/p001_make_fist_0053.npz,p001,make_fist,53,35,1.152,100.0,Right,2026-09-05T13:00:48+09:00
dataset/make_fist/p001_make_fist_0054.npz,p001,make_fist,54,37,1.2163,100.0,Right,2026-09-05T13:00:50+09:00
dataset/make_fist/p001_make_fist_0055.npz,p001,make_fist,55,32,1.0401,100.0,Right,2026-09-05T13:00:52+09:00
dataset/make_fist/p001_make_fist_0056.npz,p001,make_fist,56,33,1.0719,100.0,Right,2026-09-05T13:00:54+09:00
dataset/make_fist/p001_make_fist_0057.npz,p001,make_fist,57,32,1.0397,100.0,Right,2026-09-05T13:00:57+09:00
dataset/make_fist/p001_make_fist_0058.npz,p001,make_fist,58,47,1.5519,100.0,Right,2026-09-05T13:00:59+09:00
dataset/make_fist/p001_make_fist_0059.npz,p001,make_fist,59,31,1.0083,100.0,Right,2026-09-05T13:01:02+09:00
dataset/make_fist/p001_make_fist_0060.npz,p001,make_fist,60,35,1.1521,100.0,Right,2026-09-05T13:01:04+09:00
dataset/make_fist/p001_make_fist_0061.npz,p001,make_fist,61,33,1.088,100.0,Right,2026-09-05T13:01:06+09:00
dataset/make_fist/p001_make_fist_0062.npz,p001,make_fist,62,32,1.056,100.0,Right,2026-09-05T13:01:09+09:00
dataset/make_fist/p001_make_fist_0063.npz,p001,make_fist,63,30,0.9758,100.0,Right,2026-09-05T13:01:12+09:00
dataset/make_fist/p001_make_fist_0064.npz,p001,make_fist,64,35,1.1521,100.0,Right,2026-09-05T13:01:15+09:00
dataset/make_fist/p001_make_fist_0065.npz,p001,make_fist,65,39,1.28,100.0,Right,2026-09-05T13:01:17+09:00
dataset/make_fist/p001_make_fist_0066.npz,p001,make_fist,66,37,1.2162,100.0,Right,2026-09-05T13:01:19+09:00
dataset/make_fist/p001_make_fist_0067.npz,p001,make_fist,67,38,1.2637,100.0,Right,2026-09-05T13:01:22+09:00
dataset/make_fist/p001_make_fist_0068.npz,p001,make_fist,68,38,1.248,100.0,Right,2026-09-05T13:01:24+09:00
dataset/make_fist/p001_make_fist_0069.npz,p001,make_fist,69,35,1.1519,100.0,Right,2026-09-05T13:01:27+09:00
dataset/make_fist/p001_make_fist_0070.npz,p001,make_fist,70,31,1.0238,100.0,Right,2026-09-05T13:01:29+09:00
dataset/make_fist/p001_make_fist_0071.npz,p001,make_fist,71,33,1.088,100.0,Right,2026-09-05T13:01:31+09:00
dataset/make_fist/p001_make_fist_0072.npz,p001,make_fist,72,34,1.1038,100.0,Right,2026-09-05T13:01:33+09:00
dataset/make_fist/p001_make_fist_0073.npz,p001,make_fist,73,35,1.1522,100.0,Right,2026-09-05T13:01:36+09:00
dataset/make_fist/p001_make_fist_0074.npz,p001,make_fist,74,33,1.088,100.0,Right,2026-09-05T13:01:38+09:00
dataset/make_fist/p001_make_fist_0075.npz,p001,make_fist,75,35,1.1517,100.0,Right,2026-09-05T13:01:40+09:00
dataset/make_fist/p001_make_fist_0076.npz,p001,make_fist,76,31,1.0241,100.0,Right,2026-09-05T13:01:42+09:00
dataset/make_fist/p001_make_fist_0077.npz,p001,make_fist,77,33,1.072,100.0,Right,2026-09-05T13:01:45+09:00
dataset/make_fist/p001_make_fist_0078.npz,p001,make_fist,78,34,1.104,100.0,Right,2026-09-05T13:01:47+09:00
dataset/make_fist/p001_make_fist_0079.npz,p001,make_fist,79,35,1.136,100.0,Right,2026-09-05T13:01:49+09:00
dataset/make_fist/p001_make_fist_0080.npz,p001,make_fist,80,38,1.2479,100.0,Right,2026-09-05T13:01:51+09:00
dataset/make_fist/p001_make_fist_0081.npz,p001,make_fist,81,35,1.1363,100.0,Right,2026-09-05T13:01:54+09:00
dataset/make_fist/p001_make_fist_0082.npz,p001,make_fist,82,37,1.2159,100.0,Right,2026-09-05T13:01:56+09:00
dataset/make_fist/p001_make_fist_0083.npz,p001,make_fist,83,41,1.3602,100.0,Right,2026-09-05T13:01:58+09:00
dataset/make_fist/p001_make_fist_0084.npz,p001,make_fist,84,32,1.0398,100.0,Right,2026-09-05T13:02:01+09:00
dataset/make_fist/p001_make_fist_0085.npz,p001,make_fist,85,27,0.8803,100.0,Right,2026-09-05T13:02:05+09:00
dataset/make_fist/p001_make_fist_0086.npz,p001,make_fist,86,31,1.0079,100.0,Right,2026-09-05T13:02:07+09:00
dataset/make_fist/p001_make_fist_0087.npz,p001,make_fist,87,32,1.0555,100.0,Right,2026-09-05T13:02:09+09:00
dataset/make_fist/p001_make_fist_0088.npz,p001,make_fist,88,35,1.152,100.0,Right,2026-09-05T13:02:11+09:00
dataset/make_fist/p001_make_fist_0089.npz,p001,make_fist,89,36,1.184,100.0,Right,2026-09-05T13:02:13+09:00
dataset/make_fist/p001_make_fist_0090.npz,p001,make_fist,90,38,1.248,100.0,Right,2026-09-05T13:02:16+09:00
dataset/make_fist/p001_make_fist_0091.npz,p001,make_fist,91,36,1.1841,100.0,Right,2026-09-05T13:02:18+09:00
dataset/make_fist/p001_make_fist_0092.npz,p001,make_fist,92,37,1.2163,100.0,Right,2026-09-05T13:02:21+09:00
dataset/make_fist/p001_make_fist_0093.npz,p001,make_fist,93,38,1.2482,100.0,Right,2026-09-05T13:02:23+09:00
dataset/make_fist/p001_make_fist_0094.npz,p001,make_fist,94,37,1.2158,100.0,Right,2026-09-05T13:02:26+09:00
dataset/make_fist/p001_make_fist_0095.npz,p001,make_fist,95,32,1.0403,100.0,Right,2026-09-05T13:02:28+09:00
dataset/make_fist/p001_make_fist_0096.npz,p001,make_fist,96,37,1.2161,100.0,Right,2026-09-05T13:02:30+09:00
dataset/make_fist/p001_make_fist_0097.npz,p001,make_fist,97,37,1.2162,100.0,Right,2026-09-05T13:02:33+09:00
dataset/make_fist/p001_make_fist_0098.npz,p001,make_fist,98,35,1.1358,100.0,Right,2026-09-05T13:02:35+09:00
dataset/make_fist/p001_make_fist_0099.npz,p001,make_fist,99,35,1.1518,100.0,Right,2026-09-05T13:02:37+09:00
dataset/make_fist/p001_make_fist_0100.npz,p001,make_fist,100,40,1.3121,100.0,Right,2026-09-05T13:02:40+09:00
dataset/make_fist/p001_make_fist_0101.npz,p001,make_fist,101,39,1.2802,100.0,Right,2026-09-05T13:02:42+09:00
dataset/make_fist/p001_make_fist_0102.npz,p001,make_fist,102,37,1.2159,100.0,Right,2026-09-05T13:02:44+09:00
dataset/make_fist/p001_make_fist_0103.npz,p001,make_fist,103,32,1.0399,100.0,Right,2026-09-05T13:02:46+09:00
dataset/make_fist/p001_make_fist_0104.npz,p001,make_fist,104,33,1.0879,100.0,Right,2026-09-05T13:02:49+09:00
dataset/make_fist/p001_make_fist_0105.npz,p001,make_fist,105,39,1.2799,100.0,Right,2026-09-05T13:02:51+09:00
dataset/make_fist/p001_make_fist_0106.npz,p001,make_fist,106,38,1.2479,100.0,Right,2026-09-05T13:02:53+09:00
dataset/make_fist/p001_make_fist_0107.npz,p001,make_fist,107,34,1.1203,100.0,Right,2026-09-05T13:02:56+09:00
dataset/make_fist/p001_make_fist_0108.npz,p001,make_fist,108,35,1.1522,100.0,Right,2026-09-05T13:02:58+09:00
dataset/make_fist/p001_make_fist_0109.npz,p001,make_fist,109,34,1.12,100.0,Right,2026-09-05T13:03:00+09:00
dataset/make_fist/p001_make_fist_0110.npz,p001,make_fist,110,39,1.2799,100.0,Right,2026-09-05T13:03:03+09:00
dataset/make_fist/p001_make_fist_0111.npz,p001,make_fist,111,39,1.2962,100.0,Right,2026-09-05T13:03:05+09:00
dataset/make_fist/p001_make_fist_0112.npz,p001,make_fist,112,37,1.2161,100.0,Right,2026-09-05T13:03:07+09:00
dataset/make_fist/p001_make_fist_0113.npz,p001,make_fist,113,36,1.184,100.0,Right,2026-09-05T13:03:10+09:00
dataset/make_fist/p001_make_fist_0114.npz,p001,make_fist,114,38,1.2481,100.0,Right,2026-09-05T13:03:12+09:00
dataset/make_fist/p001_make_fist_0115.npz,p001,make_fist,115,36,1.1841,100.0,Right,2026-09-05T13:03:14+09:00
dataset/make_fist/p001_make_fist_0116.npz,p001,make_fist,116,40,1.3121,100.0,Right,2026-09-05T13:03:17+09:00
dataset/make_fist/p001_make_fist_0117.npz,p001,make_fist,117,39,1.2799,100.0,Right,2026-09-05T13:03:19+09:00
dataset/make_fist/p001_make_fist_0118.npz,p001,make_fist,118,36,1.184,100.0,Right,2026-09-05T13:03:22+09:00
dataset/make_fist/p001_make_fist_0119.npz,p001,make_fist,119,40,1.328,100.0,Right,2026-09-05T13:03:24+09:00
dataset/make_fist/p001_make_fist_0120.npz,p001,make_fist,120,38,1.248,100.0,Right,2026-09-05T13:03:26+09:00
dataset/make_fist/p001_make_fist_0121.npz,p001,make_fist,121,35,1.1519,100.0,Right,2026-09-05T13:03:29+09:00
dataset/make_fist/p001_make_fist_0122.npz,p001,make_fist,122,46,1.5199,100.0,Right,2026-09-05T13:03:32+09:00
dataset/make_fist/p001_make_fist_0123.npz,p001,make_fist,123,34,1.12,100.0,Right,2026-09-05T13:03:34+09:00
dataset/make_fist/p001_make_fist_0124.npz,p001,make_fist,124,35,1.1361,100.0,Right,2026-09-05T13:03:36+09:00
dataset/make_fist/p001_make_fist_0125.npz,p001,make_fist,125,37,1.2161,100.0,Right,2026-09-05T13:03:39+09:00
dataset/make_fist/p001_make_fist_0126.npz,p001,make_fist,126,43,1.4241,100.0,Right,2026-09-05T13:03:42+09:00
dataset/make_fist/p001_make_fist_0127.npz,p001,make_fist,127,26,0.848,100.0,Right,2026-09-05T13:04:04+09:00
dataset/make_fist/p001_make_fist_0128.npz,p001,make_fist,128,30,0.976,100.0,Right,2026-09-05T13:04:06+09:00
dataset/make_fist/p001_make_fist_0129.npz,p001,make_fist,129,34,1.12,100.0,Right,2026-09-05T13:04:08+09:00
dataset/make_fist/p001_make_fist_0130.npz,p001,make_fist,130,35,1.1521,100.0,Right,2026-09-05T13:04:10+09:00
dataset/no_gesture/p001_no_gesture_0001.npz,p001,no_gesture,1,62,2.064,100.0,Right,2026-09-05T13:04:38+09:00
dataset/no_gesture/p001_no_gesture_0002.npz,p001,no_gesture,2,58,1.9355,100.0,Right,2026-09-05T13:04:42+09:00
dataset/no_gesture/p001_no_gesture_0003.npz,p001,no_gesture,3,46,1.5198,100.0,Right,2026-09-05T13:04:45+09:00
dataset/no_gesture/p001_no_gesture_0004.npz,p001,no_gesture,4,36,1.1682,100.0,Right,2026-09-05T13:04:52+09:00
dataset/no_gesture/p001_no_gesture_0005.npz,p001,no_gesture,5,37,1.2157,100.0,Right,2026-09-05T13:04:54+09:00
dataset/no_gesture/p001_no_gesture_0006.npz,p001,no_gesture,6,44,1.4558,100.0,Right,2026-09-05T13:04:57+09:00
dataset/no_gesture/p001_no_gesture_0007.npz,p001,no_gesture,7,37,1.2161,100.0,Right,2026-09-05T13:04:59+09:00
dataset/no_gesture/p001_no_gesture_0008.npz,p001,no_gesture,8,38,1.2482,100.0,Right,2026-09-05T13:05:04+09:00
dataset/no_gesture/p001_no_gesture_0009.npz,p001,no_gesture,9,35,1.1519,100.0,Right,2026-09-05T13:05:07+09:00
dataset/no_gesture/p001_no_gesture_0010.npz,p001,no_gesture,10,40,1.3279,100.0,Right,2026-09-05T13:05:09+09:00
dataset/no_gesture/p001_no_gesture_0011.npz,p001,no_gesture,11,39,1.2797,100.0,Right,2026-09-05T13:05:12+09:00
dataset/no_gesture/p001_no_gesture_0012.npz,p001,no_gesture,12,37,1.2158,100.0,Right,2026-09-05T13:05:15+09:00
dataset/no_gesture/p001_no_gesture_0013.npz,p001,no_gesture,13,54,1.7761,100.0,Right,2026-09-05T13:05:20+09:00
dataset/no_gesture/p001_no_gesture_0014.npz,p001,no_gesture,14,41,1.3602,100.0,Right,2026-09-05T13:05:22+09:00
dataset/no_gesture/p001_no_gesture_0015.npz,p001,no_gesture,15,46,1.5202,100.0,Right,2026-09-05T13:05:25+09:00
dataset/no_gesture/p001_no_gesture_0016.npz,p001,no_gesture,16,42,1.392,100.0,Right,2026-09-05T13:05:28+09:00
dataset/no_gesture/p001_no_gesture_0017.npz,p001,no_gesture,17,41,1.3599,100.0,Right,2026-09-05T13:05:30+09:00
dataset/no_gesture/p001_no_gesture_0018.npz,p001,no_gesture,18,37,1.2161,100.0,Right,2026-09-05T13:05:34+09:00
dataset/no_gesture/p001_no_gesture_0019.npz,p001,no_gesture,19,38,1.248,100.0,Right,2026-09-05T13:05:41+09:00
dataset/no_gesture/p001_no_gesture_0020.npz,p001,no_gesture,20,40,1.3117,100.0,Right,2026-09-05T13:05:44+09:00
dataset/no_gesture/p001_no_gesture_0021.npz,p001,no_gesture,21,42,1.3922,100.0,Right,2026-09-05T13:05:46+09:00
dataset/no_gesture/p001_no_gesture_0022.npz,p001,no_gesture,22,41,1.3599,100.0,Right,2026-09-05T13:05:49+09:00
dataset/no_gesture/p001_no_gesture_0023.npz,p001,no_gesture,23,48,1.5838,100.0,Right,2026-09-05T13:05:52+09:00
dataset/no_gesture/p001_no_gesture_0024.npz,p001,no_gesture,24,45,1.4881,100.0,Right,2026-09-05T13:05:55+09:00
dataset/no_gesture/p001_no_gesture_0025.npz,p001,no_gesture,25,33,1.0882,100.0,Right,2026-09-05T13:06:00+09:00
dataset/no_gesture/p001_no_gesture_0026.npz,p001,no_gesture,26,41,1.3441,100.0,Right,2026-09-05T13:06:04+09:00
dataset/no_gesture/p001_no_gesture_0027.npz,p001,no_gesture,27,37,1.2159,100.0,Right,2026-09-05T13:06:06+09:00
dataset/no_gesture/p001_no_gesture_0028.npz,p001,no_gesture,28,38,1.2477,100.0,Right,2026-09-05T13:06:09+09:00
dataset/no_gesture/p001_no_gesture_0029.npz,p001,no_gesture,29,37,1.2159,100.0,Right,2026-09-05T13:06:15+09:00
dataset/no_gesture/p001_no_gesture_0030.npz,p001,no_gesture,30,46,1.5205,100.0,Right,2026-09-05T13:06:17+09:00
dataset/no_gesture/p001_no_gesture_0031.npz,p001,no_gesture,31,45,1.4878,100.0,Right,2026-09-05T13:06:20+09:00
dataset/no_gesture/p001_no_gesture_0032.npz,p001,no_gesture,32,52,1.7122,100.0,Right,2026-09-05T13:06:23+09:00
dataset/no_gesture/p001_no_gesture_0033.npz,p001,no_gesture,33,48,1.6002,100.0,Right,2026-09-05T13:06:26+09:00
dataset/no_gesture/p001_no_gesture_0034.npz,p001,no_gesture,34,46,1.5201,100.0,Right,2026-09-05T13:06:28+09:00
dataset/no_gesture/p001_no_gesture_0035.npz,p001,no_gesture,35,36,1.1836,100.0,Right,2026-09-05T13:06:31+09:00
dataset/no_gesture/p001_no_gesture_0036.npz,p001,no_gesture,36,39,1.2801,100.0,Right,2026-09-05T13:06:36+09:00
dataset/no_gesture/p001_no_gesture_0037.npz,p001,no_gesture,37,40,1.3282,100.0,Right,2026-09-05T13:06:38+09:00
dataset/no_gesture/p001_no_gesture_0038.npz,p001,no_gesture,38,34,1.1041,100.0,Right,2026-09-05T13:30:05+09:00
dataset/no_gesture/p001_no_gesture_0039.npz,p001,no_gesture,39,41,1.3602,100.0,Right,2026-09-05T13:30:08+09:00
dataset/no_gesture/p001_no_gesture_0040.npz,p001,no_gesture,40,49,1.6161,100.0,Right,2026-09-05T13:30:10+09:00
dataset/no_gesture/p001_no_gesture_0041.npz,p001,no_gesture,41,36,1.1678,100.0,Right,2026-09-05T13:30:12+09:00
dataset/no_gesture/p001_no_gesture_0042.npz,p001,no_gesture,42,37,1.2159,100.0,Right,2026-09-05T13:30:17+09:00
dataset/no_gesture/p001_no_gesture_0043.npz,p001,no_gesture,43,39,1.296,100.0,Right,2026-09-05T13:30:20+09:00
dataset/no_gesture/p001_no_gesture_0044.npz,p001,no_gesture,44,39,1.28,100.0,Right,2026-09-05T13:30:22+09:00
dataset/no_gesture/p001_no_gesture_0045.npz,p001,no_gesture,45,37,1.2162,100.0,Right,2026-09-05T13:30:24+09:00
dataset/no_gesture/p001_no_gesture_0046.npz,p001,no_gesture,46,35,1.152,100.0,Right,2026-09-05T13:30:28+09:00
dataset/no_gesture/p001_no_gesture_0047.npz,p001,no_gesture,47,32,1.0403,100.0,Right,2026-09-05T13:30:29+09:00
dataset/no_gesture/p001_no_gesture_0048.npz,p001,no_gesture,48,39,1.2802,100.0,Right,2026-09-05T13:30:32+09:00
dataset/no_gesture/p001_no_gesture_0049.npz,p001,no_gesture,49,37,1.2159,100.0,Right,2026-09-05T13:30:35+09:00
dataset/no_gesture/p001_no_gesture_0050.npz,p001,no_gesture,50,37,1.216,100.0,Right,2026-09-05T13:30:37+09:00
dataset/no_gesture/p001_no_gesture_0051.npz,p001,no_gesture,51,29,0.9438,100.0,Right,2026-09-05T13:30:39+09:00
dataset/no_gesture/p001_no_gesture_0052.npz,p001,no_gesture,52,28,0.9122,100.0,Right,2026-09-05T13:30:44+09:00
dataset/no_gesture/p001_no_gesture_0053.npz,p001,no_gesture,53,37,1.2162,100.0,Right,2026-09-05T13:30:46+09:00
dataset/no_gesture/p001_no_gesture_0054.npz,p001,no_gesture,54,47,1.5522,100.0,Right,2026-09-05T13:30:48+09:00
dataset/no_gesture/p001_no_gesture_0055.npz,p001,no_gesture,55,38,1.2481,100.0,Right,2026-09-05T13:30:50+09:00
dataset/no_gesture/p001_no_gesture_0056.npz,p001,no_gesture,56,39,1.2801,100.0,Right,2026-09-05T13:30:53+09:00
dataset/no_gesture/p001_no_gesture_0057.npz,p001,no_gesture,57,37,1.2162,100.0,Right,2026-09-05T13:30:56+09:00
dataset/no_gesture/p001_no_gesture_0058.npz,p001,no_gesture,58,38,1.2479,100.0,Right,2026-09-05T13:30:58+09:00
dataset/no_gesture/p001_no_gesture_0059.npz,p001,no_gesture,59,35,1.1361,100.0,Right,2026-09-05T13:31:02+09:00
dataset/no_gesture/p001_no_gesture_0060.npz,p001,no_gesture,60,51,1.6959,100.0,Right,2026-09-05T13:31:04+09:00
dataset/no_gesture/p001_no_gesture_0061.npz,p001,no_gesture,61,33,1.0883,100.0,Right,2026-09-05T13:31:06+09:00
dataset/no_gesture/p001_no_gesture_0062.npz,p001,no_gesture,62,41,1.3439,100.0,Right,2026-09-05T13:31:10+09:00
dataset/no_gesture/p001_no_gesture_0063.npz,p001,no_gesture,63,36,1.184,100.0,Right,2026-09-05T13:31:12+09:00
dataset/no_gesture/p001_no_gesture_0064.npz,p001,no_gesture,64,36,1.1841,100.0,Right,2026-09-05T13:31:17+09:00
dataset/no_gesture/p001_no_gesture_0065.npz,p001,no_gesture,65,32,1.056,100.0,Right,2026-09-05T13:31:19+09:00
dataset/no_gesture/p001_no_gesture_0066.npz,p001,no_gesture,66,40,1.3281,100.0,Right,2026-09-05T13:31:22+09:00
dataset/no_gesture/p001_no_gesture_0067.npz,p001,no_gesture,67,39,1.2959,100.0,Right,2026-09-05T13:31:25+09:00
dataset/no_gesture/p001_no_gesture_0068.npz,p001,no_gesture,68,42,1.376,100.0,Right,2026-09-05T13:31:27+09:00
dataset/no_gesture/p001_no_gesture_0069.npz,p001,no_gesture,69,34,1.1201,100.0,Right,2026-09-05T13:31:29+09:00
dataset/no_gesture/p001_no_gesture_0070.npz,p001,no_gesture,70,38,1.2481,100.0,Right,2026-09-05T13:31:32+09:00
dataset/no_gesture/p001_no_gesture_0071.npz,p001,no_gesture,71,30,0.9761,100.0,Right,2026-09-05T13:31:34+09:00
dataset/no_gesture/p001_no_gesture_0072.npz,p001,no_gesture,72,41,1.3604,100.0,Right,2026-09-05T13:31:39+09:00
dataset/no_gesture/p001_no_gesture_0073.npz,p001,no_gesture,73,45,1.4884,100.0,Right,2026-09-05T13:31:41+09:00
dataset/no_gesture/p001_no_gesture_0074.npz,p001,no_gesture,74,50,1.6481,100.0,Right,2026-09-05T13:31:44+09:00
dataset/no_gesture/p001_no_gesture_0075.npz,p001,no_gesture,75,47,1.5519,100.0,Right,2026-09-05T13:31:47+09:00
dataset/no_gesture/p001_no_gesture_0076.npz,p001,no_gesture,76,44,1.4397,100.0,Right,2026-09-05T13:31:49+09:00
dataset/no_gesture/p001_no_gesture_0077.npz,p001,no_gesture,77,57,1.8878,100.0,Right,2026-09-05T13:31:52+09:00
dataset/no_gesture/p001_no_gesture_0078.npz,p001,no_gesture,78,51,1.6802,100.0,Right,2026-09-05T13:31:54+09:00
dataset/no_gesture/p001_no_gesture_0079.npz,p001,no_gesture,79,37,1.2161,100.0,Right,2026-09-05T13:31:56+09:00
dataset/no_gesture/p001_no_gesture_0080.npz,p001,no_gesture,80,34,1.1042,91.1765,Right,2026-09-05T13:31:58+09:00
dataset/no_gesture/p001_no_gesture_0081.npz,p001,no_gesture,81,42,1.392,88.0952,Right,2026-09-05T13:32:07+09:00
dataset/no_gesture/p001_no_gesture_0082.npz,p001,no_gesture,82,39,1.2797,87.1795,Right,2026-09-05T13:32:09+09:00
dataset/no_gesture/p001_no_gesture_0083.npz,p001,no_gesture,83,35,1.152,100.0,Right,2026-09-05T13:32:12+09:00
dataset/no_gesture/p001_no_gesture_0084.npz,p001,no_gesture,84,38,1.2479,97.3684,Right,2026-09-05T13:32:14+09:00
dataset/no_gesture/p001_no_gesture_0085.npz,p001,no_gesture,85,38,1.248,100.0,Right,2026-09-05T13:32:16+09:00
dataset/no_gesture/p001_no_gesture_0086.npz,p001,no_gesture,86,41,1.344,100.0,Right,2026-09-05T13:32:19+09:00
dataset/no_gesture/p001_no_gesture_0087.npz,p001,no_gesture,87,39,1.2806,100.0,Right,2026-09-05T13:32:22+09:00
dataset/no_gesture/p001_no_gesture_0088.npz,p001,no_gesture,88,40,1.312,100.0,Right,2026-09-05T13:32:24+09:00
dataset/no_gesture/p001_no_gesture_0089.npz,p001,no_gesture,89,41,1.3442,100.0,Right,2026-09-05T13:32:26+09:00
dataset/no_gesture/p001_no_gesture_0090.npz,p001,no_gesture,90,38,1.2481,100.0,Right,2026-09-05T13:32:29+09:00
dataset/swipe_right/p001_swipe_right_0001.npz,p001,swipe_right,1,44,1.4565,100.0,Left,2026-09-06T17:44:08+09:00
dataset/swipe_right/p001_swipe_right_0002.npz,p001,swipe_right,2,35,1.152,100.0,Left,2026-09-06T17:44:11+09:00
dataset/swipe_right/p001_swipe_right_0003.npz,p001,swipe_right,3,28,0.912,100.0,Left,2026-09-06T17:44:13+09:00
dataset/swipe_right/p001_swipe_right_0004.npz,p001,swipe_right,4,32,1.0402,100.0,Left,2026-09-06T17:44:15+09:00
dataset/swipe_right/p001_swipe_right_0005.npz,p001,swipe_right,5,24,0.7681,100.0,Left,2026-09-06T17:44:17+09:00
dataset/swipe_right/p001_swipe_right_0006.npz,p001,swipe_right,6,24,0.7679,91.6667,Left,2026-09-06T17:44:22+09:00
dataset/swipe_right/p001_swipe_right_0007.npz,p001,swipe_right,7,27,0.8639,100.0,Left,2026-09-06T17:44:24+09:00
dataset/swipe_right/p001_swipe_right_0008.npz,p001,swipe_right,8,28,0.912,96.4286,Left,2026-09-06T17:44:26+09:00
dataset/swipe_right/p001_swipe_right_0009.npz,p001,swipe_right,9,32,1.0562,87.5,Left,2026-09-06T17:44:28+09:00
dataset/swipe_right/p001_swipe_right_0010.npz,p001,swipe_right,10,27,0.88,100.0,Left,2026-09-06T17:44:30+09:00
dataset/swipe_right/p001_swipe_right_0011.npz,p001,swipe_right,11,28,0.9119,100.0,Left,2026-09-06T17:44:33+09:00
dataset/swipe_right/p001_swipe_right_0012.npz,p001,swipe_right,12,32,1.0401,96.875,Left,2026-09-06T17:44:35+09:00
dataset/swipe_right/p001_swipe_right_0013.npz,p001,swipe_right,13,32,1.04,93.75,Left,2026-09-06T17:44:44+09:00
dataset/swipe_right/p001_swipe_right_0014.npz,p001,swipe_right,14,28,0.9121,96.4286,Left,2026-09-06T17:44:46+09:00
dataset/swipe_right/p001_swipe_right_0015.npz,p001,swipe_right,15,32,1.0559,100.0,Left,2026-09-06T17:44:48+09:00
dataset/swipe_right/p001_swipe_right_0016.npz,p001,swipe_right,16,28,0.9118,89.2857,Left,2026-09-06T17:44:50+09:00
dataset/swipe_right/p001_swipe_right_0017.npz,p001,swipe_right,17,44,1.4568,100.0,Left,2026-09-06T17:44:53+09:00
dataset/swipe_right/p001_swipe_right_0018.npz,p001,swipe_right,18,34,1.104,100.0,Left,2026-09-06T17:44:55+09:00
dataset/swipe_right/p001_swipe_right_0019.npz,p001,swipe_right,19,32,1.04,100.0,Left,2026-09-06T17:44:57+09:00
dataset/swipe_right/p001_swipe_right_0020.npz,p001,swipe_right,20,28,0.9121,100.0,Left,2026-09-06T17:45:00+09:00
dataset/swipe_right/p001_swipe_right_0021.npz,p001,swipe_right,21,27,0.8802,100.0,Left,2026-09-06T17:45:02+09:00
dataset/swipe_right/p001_swipe_right_0022.npz,p001,swipe_right,22,30,0.992,100.0,Left,2026-09-06T17:45:04+09:00
dataset/swipe_right/p001_swipe_right_0023.npz,p001,swipe_right,23,38,1.2477,100.0,Left,2026-09-06T17:45:07+09:00
dataset/swipe_right/p001_swipe_right_0024.npz,p001,swipe_right,24,33,1.0868,100.0,Left,2026-09-06T17:45:09+09:00
dataset/swipe_right/p001_swipe_right_0025.npz,p001,swipe_right,25,31,1.0079,100.0,Left,2026-09-06T17:45:11+09:00
dataset/swipe_right/p001_swipe_right_0026.npz,p001,swipe_right,26,32,1.04,100.0,Left,2026-09-06T17:45:14+09:00
dataset/swipe_right/p001_swipe_right_0027.npz,p001,swipe_right,27,30,0.976,100.0,Left,2026-09-06T17:45:16+09:00
dataset/swipe_right/p001_swipe_right_0028.npz,p001,swipe_right,28,29,0.9454,100.0,Left,2026-09-06T17:45:18+09:00
dataset/swipe_right/p001_swipe_right_0029.npz,p001,swipe_right,29,36,1.184,100.0,Left,2026-09-06T17:45:21+09:00
dataset/swipe_right/p001_swipe_right_0030.npz,p001,swipe_right,30,35,1.1518,100.0,Left,2026-09-06T17:45:23+09:00
dataset/swipe_right/p001_swipe_right_0031.npz,p001,swipe_right,31,37,1.2157,100.0,Left,2026-09-06T17:45:25+09:00
dataset/swipe_right/p001_swipe_right_0032.npz,p001,swipe_right,32,30,0.9759,93.3333,Left,2026-09-06T17:45:27+09:00
dataset/swipe_right/p001_swipe_right_0033.npz,p001,swipe_right,33,31,1.0242,100.0,Left,2026-09-06T17:45:30+09:00
dataset/swipe_right/p001_swipe_right_0034.npz,p001,swipe_right,34,33,1.0881,100.0,Left,2026-09-06T17:45:32+09:00
dataset/swipe_right/p001_swipe_right_0035.npz,p001,swipe_right,35,34,1.104,100.0,Left,2026-09-06T17:45:34+09:00
dataset/swipe_right/p001_swipe_right_0036.npz,p001,swipe_right,36,33,1.0721,100.0,Left,2026-09-06T17:45:37+09:00
dataset/swipe_right/p001_swipe_right_0037.npz,p001,swipe_right,37,35,1.152,100.0,Left,2026-09-06T17:45:39+09:00
dataset/swipe_right/p001_swipe_right_0038.npz,p001,swipe_right,38,32,1.0405,100.0,Left,2026-09-06T17:45:41+09:00
dataset/swipe_right/p001_swipe_right_0039.npz,p001,swipe_right,39,37,1.2159,100.0,Left,2026-09-06T17:45:43+09:00
dataset/swipe_right/p001_swipe_right_0040.npz,p001,swipe_right,40,36,1.1843,100.0,Left,2026-09-06T17:45:46+09:00
dataset/swipe_right/p001_swipe_right_0041.npz,p001,swipe_right,41,33,1.0719,100.0,Left,2026-09-06T17:45:48+09:00
dataset/swipe_right/p001_swipe_right_0042.npz,p001,swipe_right,42,32,1.0563,100.0,Left,2026-09-06T17:45:50+09:00
dataset/swipe_right/p001_swipe_right_0043.npz,p001,swipe_right,43,31,1.024,100.0,Left,2026-09-06T17:45:52+09:00
dataset/swipe_right/p001_swipe_right_0044.npz,p001,swipe_right,44,30,0.9764,100.0,Left,2026-09-06T17:45:57+09:00
dataset/swipe_right/p001_swipe_right_0045.npz,p001,swipe_right,45,34,1.1201,85.2941,Left,2026-09-06T17:46:01+09:00
dataset/swipe_right/p001_swipe_right_0046.npz,p001,swipe_right,46,33,1.0721,100.0,Left,2026-09-06T17:46:03+09:00
dataset/swipe_right/p001_swipe_right_0047.npz,p001,swipe_right,47,31,1.008,100.0,Left,2026-09-06T17:46:05+09:00
dataset/swipe_right/p001_swipe_right_0048.npz,p001,swipe_right,48,36,1.1834,100.0,Left,2026-09-06T17:46:07+09:00
dataset/swipe_right/p001_swipe_right_0049.npz,p001,swipe_right,49,34,1.1041,100.0,Left,2026-09-06T17:46:10+09:00
dataset/swipe_right/p001_swipe_right_0050.npz,p001,swipe_right,50,30,0.9759,93.3333,Left,2026-09-06T17:46:12+09:00
dataset/swipe_right/p001_swipe_right_0051.npz,p001,swipe_right,51,33,1.0883,100.0,Left,2026-09-06T17:46:14+09:00
dataset/swipe_right/p001_swipe_right_0052.npz,p001,swipe_right,52,31,1.0082,100.0,Left,2026-09-06T17:46:16+09:00
dataset/swipe_right/p001_swipe_right_0053.npz,p001,swipe_right,53,43,1.4241,100.0,Left,2026-09-06T17:46:19+09:00
dataset/swipe_right/p001_swipe_right_0054.npz,p001,swipe_right,54,36,1.1843,100.0,Left,2026-09-06T17:46:21+09:00
dataset/swipe_right/p001_swipe_right_0055.npz,p001,swipe_right,55,41,1.3604,90.2439,Left,2026-09-06T17:46:23+09:00
dataset/swipe_right/p001_swipe_right_0056.npz,p001,swipe_right,56,35,1.1525,100.0,Left,2026-09-06T17:46:26+09:00
dataset/swipe_right/p001_swipe_right_0057.npz,p001,swipe_right,57,29,0.9441,100.0,Left,2026-09-06T17:47:20+09:00
dataset/swipe_right/p001_swipe_right_0058.npz,p001,swipe_right,58,30,0.9919,86.6667,Left,2026-09-06T17:47:22+09:00
dataset/swipe_right/p001_swipe_right_0059.npz,p001,swipe_right,59,30,0.9761,100.0,Left,2026-09-06T17:47:24+09:00
dataset/swipe_right/p001_swipe_right_0060.npz,p001,swipe_right,60,31,1.0079,100.0,Left,2026-09-06T17:47:26+09:00
dataset/swipe_right/p001_swipe_right_0061.npz,p001,swipe_right,61,32,1.056,100.0,Left,2026-09-06T17:47:28+09:00
dataset/swipe_right/p001_swipe_right_0062.npz,p001,swipe_right,62,27,0.8796,100.0,Left,2026-09-06T17:47:30+09:00
dataset/swipe_right/p001_swipe_right_0063.npz,p001,swipe_right,63,28,0.9119,100.0,Left,2026-09-06T17:47:32+09:00
dataset/finger_snap/p001_finger_snap_0001.npz,p001,finger_snap,1,47,1.552,100.0,Right,2026-09-07T10:29:13+09:00
dataset/finger_snap/p001_finger_snap_0002.npz,p001,finger_snap,2,39,1.28,100.0,Right,2026-09-07T10:29:16+09:00
dataset/finger_snap/p001_finger_snap_0003.npz,p001,finger_snap,3,32,1.0401,100.0,Right,2026-09-07T10:29:18+09:00
dataset/finger_snap/p001_finger_snap_0004.npz,p001,finger_snap,4,39,1.2959,100.0,Right,2026-09-07T10:29:20+09:00
dataset/finger_snap/p001_finger_snap_0005.npz,p001,finger_snap,5,33,1.072,100.0,Right,2026-09-07T10:29:23+09:00
dataset/finger_snap/p001_finger_snap_0006.npz,p001,finger_snap,6,37,1.2161,100.0,Right,2026-09-07T10:29:25+09:00
dataset/finger_snap/p001_finger_snap_0007.npz,p001,finger_snap,7,38,1.2482,100.0,Right,2026-09-07T10:29:28+09:00
dataset/finger_snap/p001_finger_snap_0008.npz,p001,finger_snap,8,41,1.344,100.0,Right,2026-09-07T10:29:30+09:00
dataset/finger_snap/p001_finger_snap_0009.npz,p001,finger_snap,9,44,1.44,100.0,Right,2026-09-07T10:29:33+09:00
dataset/finger_snap/p001_finger_snap_0010.npz,p001,finger_snap,10,42,1.392,100.0,Right,2026-09-07T10:29:37+09:00
dataset/finger_snap/p001_finger_snap_0011.npz,p001,finger_snap,11,46,1.5202,100.0,Right,2026-09-07T10:29:40+09:00
dataset/finger_snap/p001_finger_snap_0012.npz,p001,finger_snap,12,40,1.3118,100.0,Right,2026-09-07T10:29:44+09:00
dataset/finger_snap/p001_finger_snap_0013.npz,p001,finger_snap,13,42,1.3763,100.0,Right,2026-09-07T10:29:47+09:00
dataset/finger_snap/p001_finger_snap_0014.npz,p001,finger_snap,14,49,1.6321,100.0,Right,2026-09-07T10:29:51+09:00
dataset/finger_snap/p001_finger_snap_0015.npz,p001,finger_snap,15,38,1.2481,100.0,Right,2026-09-07T10:29:54+09:00
dataset/finger_snap/p001_finger_snap_0016.npz,p001,finger_snap,16,41,1.344,100.0,Right,2026-09-07T10:29:56+09:00
dataset/finger_snap/p001_finger_snap_0017.npz,p001,finger_snap,17,47,1.5522,100.0,Right,2026-09-07T10:29:58+09:00
dataset/finger_snap/p001_finger_snap_0018.npz,p001,finger_snap,18,40,1.3123,100.0,Right,2026-09-07T10:30:01+09:00
dataset/finger_snap/p001_finger_snap_0019.npz,p001,finger_snap,19,47,1.552,100.0,Right,2026-09-07T10:30:04+09:00
dataset/finger_snap/p001_finger_snap_0020.npz,p001,finger_snap,20,45,1.4879,100.0,Right,2026-09-07T10:30:07+09:00
dataset/finger_snap/p001_finger_snap_0021.npz,p001,finger_snap,21,38,1.2466,100.0,Right,2026-09-07T10:30:09+09:00
dataset/finger_snap/p001_finger_snap_0022.npz,p001,finger_snap,22,39,1.28,100.0,Right,2026-09-07T10:30:12+09:00
dataset/finger_snap/p001_finger_snap_0023.npz,p001,finger_snap,23,40,1.3119,100.0,Right,2026-09-07T10:30:14+09:00
dataset/finger_snap/p001_finger_snap_0024.npz,p001,finger_snap,24,43,1.408,100.0,Right,2026-09-07T10:30:17+09:00
dataset/finger_snap/p001_finger_snap_0025.npz,p001,finger_snap,25,36,1.1839,100.0,Right,2026-09-07T10:30:19+09:00
dataset/finger_snap/p001_finger_snap_0026.npz,p001,finger_snap,26,43,1.408,100.0,Right,2026-09-07T10:30:22+09:00
dataset/finger_snap/p001_finger_snap_0027.npz,p001,finger_snap,27,44,1.4399,100.0,Right,2026-09-07T10:30:25+09:00
dataset/finger_snap/p001_finger_snap_0028.npz,p001,finger_snap,28,44,1.4396,100.0,Right,2026-09-07T10:30:27+09:00
dataset/finger_snap/p001_finger_snap_0029.npz,p001,finger_snap,29,36,1.1843,100.0,Right,2026-09-07T10:30:32+09:00
dataset/finger_snap/p001_finger_snap_0030.npz,p001,finger_snap,30,40,1.3119,100.0,Right,2026-09-07T10:30:34+09:00
dataset/finger_snap/p001_finger_snap_0031.npz,p001,finger_snap,31,41,1.3437,100.0,Right,2026-09-07T10:30:37+09:00
dataset/finger_snap/p001_finger_snap_0032.npz,p001,finger_snap,32,37,1.2161,100.0,Right,2026-09-07T10:30:39+09:00
dataset/finger_snap/p001_finger_snap_0033.npz,p001,finger_snap,33,37,1.216,100.0,Right,2026-09-07T10:30:41+09:00
dataset/finger_snap/p001_finger_snap_0034.npz,p001,finger_snap,34,36,1.1843,100.0,Right,2026-09-07T10:30:43+09:00
dataset/finger_snap/p001_finger_snap_0035.npz,p001,finger_snap,35,38,1.2479,100.0,Right,2026-09-07T10:30:46+09:00
dataset/finger_snap/p001_finger_snap_0036.npz,p001,finger_snap,36,46,1.5202,100.0,Right,2026-09-07T10:30:49+09:00
dataset/finger_snap/p001_finger_snap_0037.npz,p001,finger_snap,37,47,1.5522,100.0,Right,2026-09-07T10:30:51+09:00
dataset/finger_snap/p001_finger_snap_0038.npz,p001,finger_snap,38,38,1.2481,100.0,Right,2026-09-07T10:30:53+09:00
dataset/finger_snap/p001_finger_snap_0039.npz,p001,finger_snap,39,39,1.296,100.0,Right,2026-09-07T10:30:56+09:00
dataset/finger_snap/p001_finger_snap_0040.npz,p001,finger_snap,40,37,1.216,100.0,Right,2026-09-07T10:30:58+09:00
dataset/finger_snap/p001_finger_snap_0041.npz,p001,finger_snap,41,42,1.3758,100.0,Right,2026-09-07T10:31:01+09:00
dataset/finger_snap/p001_finger_snap_0042.npz,p001,finger_snap,42,38,1.2479,100.0,Right,2026-09-07T10:31:03+09:00
dataset/finger_snap/p001_finger_snap_0043.npz,p001,finger_snap,43,41,1.3597,100.0,Right,2026-09-07T10:31:06+09:00
dataset/finger_snap/p001_finger_snap_0044.npz,p001,finger_snap,44,46,1.5201,100.0,Right,2026-09-07T10:31:08+09:00
dataset/finger_snap/p001_finger_snap_0045.npz,p001,finger_snap,45,50,1.6484,100.0,Right,2026-09-07T10:31:11+09:00
dataset/finger_snap/p001_finger_snap_0046.npz,p001,finger_snap,46,45,1.4879,100.0,Right,2026-09-07T10:31:14+09:00
dataset/finger_snap/p001_finger_snap_0047.npz,p001,finger_snap,47,43,1.4236,100.0,Right,2026-09-07T10:31:16+09:00
dataset/finger_snap/p001_finger_snap_0048.npz,p001,finger_snap,48,41,1.36,100.0,Right,2026-09-07T10:31:18+09:00
dataset/finger_snap/p001_finger_snap_0049.npz,p001,finger_snap,49,40,1.3119,100.0,Right,2026-09-07T10:31:21+09:00
dataset/finger_snap/p001_finger_snap_0050.npz,p001,finger_snap,50,45,1.4879,100.0,Right,2026-09-07T10:31:23+09:00
dataset/finger_snap/p001_finger_snap_0051.npz,p001,finger_snap,51,49,1.6159,100.0,Right,2026-09-07T10:31:27+09:00
dataset/finger_snap/p001_finger_snap_0052.npz,p001,finger_snap,52,38,1.248,100.0,Right,2026-09-07T10:31:29+09:00
dataset/finger_snap/p001_finger_snap_0053.npz,p001,finger_snap,53,33,1.0882,100.0,Right,2026-09-07T10:31:31+09:00
dataset/finger_snap/p001_finger_snap_0054.npz,p001,finger_snap,54,39,1.2799,100.0,Right,2026-09-07T10:31:34+09:00
dataset/finger_snap/p001_finger_snap_0055.npz,p001,finger_snap,55,40,1.3121,100.0,Right,2026-09-07T10:31:37+09:00
dataset/finger_snap/p001_finger_snap_0056.npz,p001,finger_snap,56,42,1.376,100.0,Right,2026-09-07T10:31:39+09:00
dataset/finger_snap/p001_finger_snap_0057.npz,p001,finger_snap,57,40,1.3281,100.0,Right,2026-09-07T10:31:42+09:00
dataset/finger_snap/p001_finger_snap_0058.npz,p001,finger_snap,58,47,1.5521,100.0,Right,2026-09-07T10:31:45+09:00
dataset/finger_snap/p001_finger_snap_0059.npz,p001,finger_snap,59,42,1.376,100.0,Right,2026-09-07T10:31:48+09:00
dataset/finger_snap/p001_finger_snap_0060.npz,p001,finger_snap,60,45,1.488,100.0,Right,2026-09-07T10:31:50+09:00
dataset/finger_snap/p001_finger_snap_0061.npz,p001,finger_snap,61,43,1.4236,100.0,Right,2026-09-07T10:31:53+09:00
dataset/finger_snap/p001_finger_snap_0062.npz,p001,finger_snap,62,45,1.4872,100.0,Right,2026-09-07T10:31:56+09:00
dataset/finger_snap/p001_finger_snap_0063.npz,p001,finger_snap,63,43,1.4239,100.0,Right,2026-09-07T10:31:58+09:00
dataset/finger_snap/p001_finger_snap_0064.npz,p001,finger_snap,64,47,1.552,100.0,Right,2026-09-07T10:32:01+09:00
dataset/finger_snap/p001_finger_snap_0065.npz,p001,finger_snap,65,37,1.2161,100.0,Right,2026-09-07T10:32:04+09:00
dataset/finger_snap/p001_finger_snap_0066.npz,p001,finger_snap,66,40,1.3281,100.0,Right,2026-09-07T10:32:07+09:00
dataset/finger_snap/p001_finger_snap_0067.npz,p001,finger_snap,67,42,1.3918,100.0,Right,2026-09-07T10:32:15+09:00
dataset/finger_snap/p001_finger_snap_0068.npz,p001,finger_snap,68,48,1.584,100.0,Right,2026-09-07T10:32:24+09:00
dataset/finger_snap/p001_finger_snap_0069.npz,p001,finger_snap,69,52,1.7281,100.0,Right,2026-09-07T10:32:33+09:00
dataset/finger_snap/p001_finger_snap_0070.npz,p001,finger_snap,70,55,1.824,100.0,Right,2026-09-07T10:32:36+09:00
dataset/finger_snap/p001_finger_snap_0071.npz,p001,finger_snap,71,40,1.3121,100.0,Right,2026-09-07T10:32:40+09:00
dataset/finger_snap/p001_finger_snap_0072.npz,p001,finger_snap,72,39,1.2798,100.0,Right,2026-09-07T10:32:42+09:00
dataset/finger_snap/p001_finger_snap_0073.npz,p001,finger_snap,73,38,1.248,100.0,Right,2026-09-07T10:32:45+09:00
dataset/finger_snap/p001_finger_snap_0074.npz,p001,finger_snap,74,44,1.4402,100.0,Right,2026-09-07T10:32:48+09:00
dataset/finger_snap/p001_finger_snap_0075.npz,p001,finger_snap,75,40,1.3121,100.0,Right,2026-09-07T10:32:52+09:00
dataset/finger_snap/p001_finger_snap_0076.npz,p001,finger_snap,76,41,1.3599,100.0,Right,2026-09-07T10:32:55+09:00
dataset/finger_snap/p001_finger_snap_0077.npz,p001,finger_snap,77,34,1.1199,100.0,Right,2026-09-07T10:32:57+09:00
dataset/finger_snap/p001_finger_snap_0078.npz,p001,finger_snap,78,40,1.3123,100.0,Right,2026-09-07T10:33:00+09:00
dataset/finger_snap/p001_finger_snap_0079.npz,p001,finger_snap,79,38,1.2479,100.0,Right,2026-09-07T10:33:02+09:00
dataset/finger_snap/p001_finger_snap_0080.npz,p001,finger_snap,80,39,1.2799,100.0,Right,2026-09-07T10:33:05+09:00
dataset/finger_snap/p001_finger_snap_0081.npz,p001,finger_snap,81,41,1.36,100.0,Right,2026-09-07T10:33:07+09:00
dataset/finger_snap/p001_finger_snap_0082.npz,p001,finger_snap,82,36,1.1682,100.0,Right,2026-09-07T10:33:10+09:00
dataset/finger_snap/p001_finger_snap_0083.npz,p001,finger_snap,83,40,1.3282,100.0,Right,2026-09-07T10:33:12+09:00
dataset/finger_snap/p001_finger_snap_0084.npz,p001,finger_snap,84,41,1.3439,100.0,Right,2026-09-07T10:33:15+09:00
dataset/finger_snap/p001_finger_snap_0085.npz,p001,finger_snap,85,45,1.488,100.0,Right,2026-09-07T10:33:18+09:00
dataset/finger_snap/p001_finger_snap_0086.npz,p001,finger_snap,86,46,1.5203,100.0,Right,2026-09-07T10:33:20+09:00
dataset/finger_snap/p001_finger_snap_0087.npz,p001,finger_snap,87,43,1.4082,100.0,Right,2026-09-07T10:33:23+09:00
dataset/finger_snap/p001_finger_snap_0088.npz,p001,finger_snap,88,39,1.2799,100.0,Right,2026-09-07T10:33:25+09:00
dataset/finger_snap/p001_finger_snap_0089.npz,p001,finger_snap,89,37,1.2156,100.0,Right,2026-09-07T10:33:28+09:00
dataset/finger_snap/p001_finger_snap_0090.npz,p001,finger_snap,90,39,1.2795,100.0,Right,2026-09-07T10:33:31+09:00
dataset/finger_snap/p001_finger_snap_0091.npz,p001,finger_snap,91,40,1.3122,100.0,Right,2026-09-07T10:33:33+09:00
dataset/finger_snap/p001_finger_snap_0092.npz,p001,finger_snap,92,41,1.344,100.0,Right,2026-09-07T10:33:36+09:00
dataset/finger_snap/p001_finger_snap_0093.npz,p001,finger_snap,93,45,1.488,100.0,Right,2026-09-07T10:33:39+09:00
dataset/finger_snap/p001_finger_snap_0094.npz,p001,finger_snap,94,42,1.3921,100.0,Right,2026-09-07T10:33:41+09:00
dataset/finger_snap/p001_finger_snap_0095.npz,p001,finger_snap,95,43,1.4241,100.0,Right,2026-09-07T10:33:43+09:00
dataset/finger_snap/p001_finger_snap_0096.npz,p001,finger_snap,96,40,1.3281,100.0,Right,2026-09-07T10:33:46+09:00
dataset/finger_snap/p001_finger_snap_0097.npz,p001,finger_snap,97,45,1.4877,100.0,Right,2026-09-07T10:33:49+09:00
dataset/finger_snap/p001_finger_snap_0098.npz,p001,finger_snap,98,50,1.6642,100.0,Right,2026-09-07T10:33:52+09:00
dataset/finger_snap/p001_finger_snap_0099.npz,p001,finger_snap,99,50,1.6483,100.0,Right,2026-09-07T10:33:54+09:00
dataset/finger_snap/p001_finger_snap_0100.npz,p001,finger_snap,100,54,1.7922,100.0,Right,2026-09-07T10:33:58+09:00
dataset/swipe_left/p005_swipe_left_0001.npz,p005,swipe_left,1,30,0.976,86.6667,Right,2026-09-07T10:38:31+09:00
dataset/swipe_left/p005_swipe_left_0002.npz,p005,swipe_left,2,32,1.0578,93.75,Right,2026-09-07T10:38:35+09:00
dataset/swipe_left/p005_swipe_left_0003.npz,p005,swipe_left,3,41,1.345,100.0,Right,2026-09-07T10:38:38+09:00
dataset/swipe_left/p005_swipe_left_0004.npz,p005,swipe_left,4,36,1.1844,100.0,Right,2026-09-07T10:38:40+09:00
dataset/swipe_left/p005_swipe_left_0005.npz,p005,swipe_left,5,33,1.0719,90.9091,Right,2026-09-07T10:38:43+09:00
dataset/swipe_left/p005_swipe_left_0006.npz,p005,swipe_left,6,35,1.1514,91.4286,Right,2026-09-07T10:38:45+09:00
dataset/swipe_left/p005_swipe_left_0007.npz,p005,swipe_left,7,35,1.1521,91.4286,Right,2026-09-07T10:38:48+09:00
dataset/swipe_left/p005_swipe_left_0008.npz,p005,swipe_left,8,31,1.0076,93.5484,Right,2026-09-07T10:38:50+09:00
dataset/swipe_left/p005_swipe_left_0009.npz,p005,swipe_left,9,29,0.9441,86.2069,Right,2026-09-07T10:38:53+09:00
dataset/swipe_left/p005_swipe_left_0010.npz,p005,swipe_left,10,37,1.216,89.1892,Right,2026-09-07T10:38:55+09:00
dataset/swipe_left/p005_swipe_left_0011.npz,p005,swipe_left,11,34,1.1194,91.1765,Right,2026-09-07T10:38:58+09:00
dataset/swipe_left/p005_swipe_left_0012.npz,p005,swipe_left,12,49,1.6174,91.8367,Right,2026-09-07T10:39:05+09:00
dataset/swipe_left/p005_swipe_left_0013.npz,p005,swipe_left,13,30,0.9761,93.3333,Right,2026-09-07T10:39:17+09:00
dataset/swipe_left/p005_swipe_left_0014.npz,p005,swipe_left,14,34,1.1044,91.1765,Right,2026-09-07T10:39:21+09:00
dataset/swipe_left/p005_swipe_left_0015.npz,p005,swipe_left,15,33,1.0878,90.9091,Right,2026-09-07T10:39:23+09:00
dataset/swipe_left/p005_swipe_left_0016.npz,p005,swipe_left,16,27,0.8647,100.0,Right,2026-09-07T10:39:37+09:00
dataset/swipe_left/p005_swipe_left_0017.npz,p005,swipe_left,17,29,0.943,100.0,Right,2026-09-07T10:39:40+09:00
dataset/swipe_left/p005_swipe_left_0018.npz,p005,swipe_left,18,27,0.8627,81.4815,Right,2026-09-07T10:39:42+09:00
dataset/swipe_left/p005_swipe_left_0019.npz,p005,swipe_left,19,29,0.9443,86.2069,Right,2026-09-07T10:39:45+09:00
dataset/swipe_left/p005_swipe_left_0020.npz,p005,swipe_left,20,24,0.7678,83.3333,Right,2026-09-07T10:39:47+09:00
dataset/swipe_left/p005_swipe_left_0021.npz,p005,swipe_left,21,28,0.9118,89.2857,Right,2026-09-07T10:39:49+09:00
dataset/swipe_left/p005_swipe_left_0022.npz,p005,swipe_left,22,29,0.9443,100.0,Right,2026-09-07T10:39:52+09:00
dataset/swipe_left/p005_swipe_left_0023.npz,p005,swipe_left,23,43,1.4235,100.0,Right,2026-09-07T10:39:56+09:00
dataset/swipe_left/p005_swipe_left_0024.npz,p005,swipe_left,24,34,1.104,88.2353,Right,2026-09-07T10:39:58+09:00
dataset/swipe_left/p005_swipe_left_0025.npz,p005,swipe_left,25,44,1.4441,90.9091,Right,2026-09-07T10:40:01+09:00
dataset/swipe_left/p005_swipe_left_0026.npz,p005,swipe_left,26,33,1.0724,100.0,Right,2026-09-07T10:40:03+09:00
dataset/swipe_left/p005_swipe_left_0027.npz,p005,swipe_left,27,36,1.1755,86.1111,Right,2026-09-07T10:40:06+09:00
dataset/swipe_left/p005_swipe_left_0028.npz,p005,swipe_left,28,34,1.1195,97.0588,Right,2026-09-07T10:40:08+09:00
dataset/swipe_left/p005_swipe_left_0029.npz,p005,swipe_left,29,32,1.0562,84.375,Right,2026-09-07T10:40:11+09:00
dataset/swipe_left/p005_swipe_left_0030.npz,p005,swipe_left,30,32,1.0563,84.375,Right,2026-09-07T10:40:13+09:00
dataset/swipe_left/p005_swipe_left_0031.npz,p005,swipe_left,31,35,1.1506,91.4286,Right,2026-09-07T10:40:20+09:00
dataset/swipe_left/p005_swipe_left_0032.npz,p005,swipe_left,32,27,0.8813,92.5926,Right,2026-09-07T10:40:22+09:00
dataset/swipe_left/p005_swipe_left_0033.npz,p005,swipe_left,33,48,1.584,85.4167,Right,2026-09-07T10:40:24+09:00
dataset/swipe_left/p005_swipe_left_0034.npz,p005,swipe_left,34,29,0.9431,89.6552,Right,2026-09-07T10:40:26+09:00
dataset/swipe_left/p005_swipe_left_0035.npz,p005,swipe_left,35,41,1.3606,100.0,Right,2026-09-07T10:40:29+09:00
dataset/swipe_left/p005_swipe_left_0036.npz,p005,swipe_left,36,43,1.4239,95.3488,Right,2026-09-07T10:40:31+09:00
dataset/swipe_left/p005_swipe_left_0036.npz,p005,swipe_left,36,36,1.1827,91.6667,Right,2026-09-07T10:41:59+09:00
dataset/swipe_left/p005_swipe_left_0037.npz,p005,swipe_left,37,24,0.784,91.6667,Right,2026-09-07T10:42:10+09:00
dataset/swipe_left/p005_swipe_left_0038.npz,p005,swipe_left,38,26,0.8323,88.4615,Right,2026-09-07T10:42:12+09:00
dataset/swipe_left/p005_swipe_left_0039.npz,p005,swipe_left,39,26,0.8469,80.7692,Right,2026-09-07T10:42:15+09:00
dataset/swipe_left/p005_swipe_left_0040.npz,p005,swipe_left,40,23,0.7357,86.9565,Right,2026-09-07T10:42:17+09:00
dataset/swipe_left/p005_swipe_left_0041.npz,p005,swipe_left,41,28,0.912,85.7143,Right,2026-09-07T10:42:20+09:00
dataset/swipe_left/p005_swipe_left_0042.npz,p005,swipe_left,42,26,0.8492,88.4615,Right,2026-09-07T10:42:22+09:00
dataset/swipe_left/p005_swipe_left_0043.npz,p005,swipe_left,43,30,0.9758,90.0,Right,2026-09-07T10:42:24+09:00
dataset/swipe_left/p005_swipe_left_0044.npz,p005,swipe_left,44,42,1.3764,90.4762,Right,2026-09-07T10:43:06+09:00
dataset/swipe_left/p005_swipe_left_0045.npz,p005,swipe_left,45,30,0.9762,86.6667,Right,2026-09-07T10:43:10+09:00
dataset/swipe_left/p005_swipe_left_0046.npz,p005,swipe_left,46,27,0.8809,92.5926,Right,2026-09-07T10:43:12+09:00
dataset/swipe_left/p005_swipe_left_0047.npz,p005,swipe_left,47,24,0.7679,91.6667,Right,2026-09-07T10:43:14+09:00
dataset/swipe_left/p005_swipe_left_0048.npz,p005,swipe_left,48,33,1.0718,90.9091,Right,2026-09-07T10:43:17+09:00
dataset/swipe_left/p005_swipe_left_0049.npz,p005,swipe_left,49,26,0.8322,96.1538,Right,2026-09-07T10:43:20+09:00
dataset/swipe_left/p005_swipe_left_0050.npz,p005,swipe_left,50,32,1.0402,96.875,Right,2026-09-07T10:43:23+09:00
dataset/make_fist/p005_make_fist_0001.npz,p005,make_fist,1,23,0.7349,100.0,Right,2026-09-07T10:44:04+09:00
dataset/make_fist/p005_make_fist_0002.npz,p005,make_fist,2,25,0.8163,100.0,Right,2026-09-07T10:44:07+09:00
dataset/make_fist/p005_make_fist_0003.npz,p005,make_fist,3,29,0.9437,100.0,Right,2026-09-07T10:44:09+09:00
dataset/make_fist/p005_make_fist_0004.npz,p005,make_fist,4,30,0.9756,100.0,Right,2026-09-07T10:44:11+09:00
dataset/make_fist/p005_make_fist_0005.npz,p005,make_fist,5,29,0.9438,100.0,Right,2026-09-07T10:44:15+09:00
dataset/make_fist/p005_make_fist_0006.npz,p005,make_fist,6,39,1.2793,100.0,Right,2026-09-07T10:44:30+09:00
dataset/make_fist/p005_make_fist_0007.npz,p005,make_fist,7,26,0.8481,100.0,Right,2026-09-07T10:44:32+09:00
dataset/make_fist/p005_make_fist_0008.npz,p005,make_fist,8,29,0.9448,100.0,Right,2026-09-07T10:44:42+09:00
dataset/make_fist/p005_make_fist_0009.npz,p005,make_fist,9,31,1.0082,100.0,Right,2026-09-07T10:44:44+09:00
dataset/make_fist/p005_make_fist_0010.npz,p005,make_fist,10,37,1.2162,100.0,Right,2026-09-07T10:44:47+09:00
dataset/make_fist/p005_make_fist_0011.npz,p005,make_fist,11,29,0.9448,100.0,Right,2026-09-07T10:44:49+09:00
dataset/make_fist/p005_make_fist_0012.npz,p005,make_fist,12,30,0.9768,100.0,Right,2026-09-07T10:44:51+09:00
dataset/make_fist/p005_make_fist_0013.npz,p005,make_fist,13,34,1.1208,100.0,Right,2026-09-07T10:44:53+09:00
dataset/make_fist/p005_make_fist_0014.npz,p005,make_fist,14,27,0.8811,100.0,Right,2026-09-07T10:44:55+09:00
dataset/make_fist/p005_make_fist_0015.npz,p005,make_fist,15,29,0.9443,100.0,Right,2026-09-07T10:44:58+09:00
dataset/make_fist/p005_make_fist_0016.npz,p005,make_fist,16,34,1.1203,100.0,Right,2026-09-07T10:45:00+09:00
dataset/make_fist/p005_make_fist_0017.npz,p005,make_fist,17,33,1.072,100.0,Right,2026-09-07T10:45:02+09:00
dataset/make_fist/p005_make_fist_0018.npz,p005,make_fist,18,29,0.9455,100.0,Right,2026-09-07T10:45:04+09:00
dataset/make_fist/p005_make_fist_0019.npz,p005,make_fist,19,29,0.9435,100.0,Right,2026-09-07T10:45:06+09:00
dataset/make_fist/p005_make_fist_0020.npz,p005,make_fist,20,35,1.152,100.0,Right,2026-09-07T10:45:08+09:00
dataset/make_fist/p005_make_fist_0021.npz,p005,make_fist,21,34,1.1043,100.0,Right,2026-09-07T10:45:10+09:00
dataset/make_fist/p005_make_fist_0022.npz,p005,make_fist,22,33,1.0892,100.0,Right,2026-09-07T10:45:13+09:00
dataset/make_fist/p005_make_fist_0023.npz,p005,make_fist,23,37,1.2162,100.0,Right,2026-09-07T10:45:15+09:00
dataset/make_fist/p005_make_fist_0024.npz,p005,make_fist,24,35,1.1521,100.0,Right,2026-09-07T10:45:17+09:00
dataset/make_fist/p005_make_fist_0025.npz,p005,make_fist,25,33,1.0881,100.0,Right,2026-09-07T10:45:19+09:00
dataset/make_fist/p005_make_fist_0026.npz,p005,make_fist,26,36,1.1836,100.0,Right,2026-09-07T10:45:21+09:00
dataset/make_fist/p005_make_fist_0027.npz,p005,make_fist,27,27,0.8793,100.0,Right,2026-09-07T10:45:23+09:00
dataset/make_fist/p005_make_fist_0028.npz,p005,make_fist,28,29,0.9437,100.0,Right,2026-09-07T10:45:25+09:00
dataset/make_fist/p005_make_fist_0029.npz,p005,make_fist,29,25,0.7992,100.0,Right,2026-09-07T10:45:26+09:00
dataset/make_fist/p005_make_fist_0030.npz,p005,make_fist,30,24,0.7839,100.0,Right,2026-09-07T10:45:28+09:00
dataset/make_fist/p005_make_fist_0031.npz,p005,make_fist,31,30,0.976,100.0,Right,2026-09-07T10:45:30+09:00
dataset/make_fist/p005_make_fist_0032.npz,p005,make_fist,32,28,0.9116,100.0,Right,2026-09-07T10:45:32+09:00
dataset/make_fist/p005_make_fist_0033.npz,p005,make_fist,33,23,0.7522,100.0,Right,2026-09-07T10:45:33+09:00
dataset/make_fist/p005_make_fist_0034.npz,p005,make_fist,34,35,1.1359,100.0,Right,2026-09-07T10:45:35+09:00
dataset/make_fist/p005_make_fist_0035.npz,p005,make_fist,35,28,0.9119,100.0,Right,2026-09-07T10:45:37+09:00
dataset/make_fist/p005_make_fist_0036.npz,p005,make_fist,36,30,0.9917,100.0,Right,2026-09-07T10:45:39+09:00
dataset/make_fist/p005_make_fist_0037.npz,p005,make_fist,37,27,0.8799,100.0,Right,2026-09-07T10:45:40+09:00
dataset/make_fist/p005_make_fist_0038.npz,p005,make_fist,38,26,0.8468,100.0,Right,2026-09-07T10:45:42+09:00
dataset/make_fist/p005_make_fist_0039.npz,p005,make_fist,39,28,0.9144,100.0,Right,2026-09-07T10:45:43+09:00
dataset/make_fist/p005_make_fist_0040.npz,p005,make_fist,40,31,1.0238,100.0,Right,2026-09-07T10:45:45+09:00
dataset/make_fist/p005_make_fist_0041.npz,p005,make_fist,41,32,1.0562,100.0,Right,2026-09-07T10:45:47+09:00
dataset/make_fist/p005_make_fist_0042.npz,p005,make_fist,42,24,0.7845,100.0,Right,2026-09-07T10:45:49+09:00
dataset/make_fist/p005_make_fist_0043.npz,p005,make_fist,43,29,0.9435,100.0,Right,2026-09-07T10:45:50+09:00
dataset/make_fist/p005_make_fist_0044.npz,p005,make_fist,44,30,0.9926,100.0,Right,2026-09-07T10:45:52+09:00
dataset/make_fist/p005_make_fist_0045.npz,p005,make_fist,45,32,1.0399,100.0,Right,2026-09-07T10:45:54+09:00
dataset/make_fist/p005_make_fist_0046.npz,p005,make_fist,46,27,0.8804,100.0,Right,2026-09-07T10:45:56+09:00
dataset/make_fist/p005_make_fist_0047.npz,p005,make_fist,47,27,0.8791,100.0,Right,2026-09-07T10:45:58+09:00
dataset/make_fist/p005_make_fist_0048.npz,p005,make_fist,48,27,0.8637,100.0,Right,2026-09-07T10:45:59+09:00
dataset/make_fist/p005_make_fist_0049.npz,p005,make_fist,49,26,0.8471,100.0,Right,2026-09-07T10:46:01+09:00
dataset/make_fist/p005_make_fist_0050.npz,p005,make_fist,50,32,1.0395,100.0,Right,2026-09-07T10:46:03+09:00
dataset/finger_snap/p005_finger_snap_0001.npz,p005,finger_snap,1,25,0.815,100.0,Right,2026-09-07T10:46:38+09:00
dataset/finger_snap/p005_finger_snap_0002.npz,p005,finger_snap,2,37,1.2155,100.0,Right,2026-09-07T10:46:40+09:00
dataset/finger_snap/p005_finger_snap_0003.npz,p005,finger_snap,3,29,0.9444,100.0,Right,2026-09-07T10:46:43+09:00
dataset/finger_snap/p005_finger_snap_0004.npz,p005,finger_snap,4,32,1.0405,100.0,Right,2026-09-07T10:46:45+09:00
dataset/finger_snap/p005_finger_snap_0005.npz,p005,finger_snap,5,27,0.8804,100.0,Right,2026-09-07T10:46:48+09:00
dataset/finger_snap/p005_finger_snap_0006.npz,p005,finger_snap,6,30,0.9763,100.0,Right,2026-09-07T10:46:51+09:00
dataset/finger_snap/p005_finger_snap_0007.npz,p005,finger_snap,7,33,1.0881,100.0,Right,2026-09-07T10:46:54+09:00
dataset/finger_snap/p005_finger_snap_0008.npz,p005,finger_snap,8,32,1.0391,100.0,Right,2026-09-07T10:46:56+09:00
dataset/finger_snap/p005_finger_snap_0009.npz,p005,finger_snap,9,38,1.2486,100.0,Right,2026-09-07T10:46:58+09:00
dataset/finger_snap/p005_finger_snap_0010.npz,p005,finger_snap,10,32,1.0544,100.0,Right,2026-09-07T10:47:00+09:00
dataset/finger_snap/p005_finger_snap_0011.npz,p005,finger_snap,11,32,1.0398,100.0,Right,2026-09-07T10:47:03+09:00
dataset/finger_snap/p005_finger_snap_0012.npz,p005,finger_snap,12,33,1.0881,100.0,Right,2026-09-07T10:47:05+09:00
dataset/finger_snap/p005_finger_snap_0013.npz,p005,finger_snap,13,31,1.0234,100.0,Right,2026-09-07T10:47:07+09:00
dataset/finger_snap/p005_finger_snap_0014.npz,p005,finger_snap,14,32,1.0554,100.0,Right,2026-09-07T10:47:09+09:00
dataset/finger_snap/p005_finger_snap_0015.npz,p005,finger_snap,15,32,1.04,100.0,Right,2026-09-07T10:47:11+09:00
dataset/finger_snap/p005_finger_snap_0016.npz,p005,finger_snap,16,29,0.9436,100.0,Right,2026-09-07T10:47:13+09:00
dataset/finger_snap/p005_finger_snap_0017.npz,p005,finger_snap,17,29,0.9435,100.0,Right,2026-09-07T10:47:15+09:00
dataset/finger_snap/p005_finger_snap_0018.npz,p005,finger_snap,18,30,0.9752,100.0,Right,2026-09-07T10:47:17+09:00
dataset/finger_snap/p005_finger_snap_0019.npz,p005,finger_snap,19,32,1.0555,100.0,Right,2026-09-07T10:47:19+09:00
dataset/finger_snap/p005_finger_snap_0020.npz,p005,finger_snap,20,33,1.0717,100.0,Right,2026-09-07T10:47:21+09:00
dataset/finger_snap/p005_finger_snap_0021.npz,p005,finger_snap,21,32,1.0398,100.0,Right,2026-09-07T10:47:23+09:00
dataset/finger_snap/p005_finger_snap_0022.npz,p005,finger_snap,22,31,1.0079,100.0,Right,2026-09-07T10:47:26+09:00
dataset/finger_snap/p005_finger_snap_0023.npz,p005,finger_snap,23,28,0.9121,100.0,Right,2026-09-07T10:47:30+09:00
dataset/finger_snap/p005_finger_snap_0024.npz,p005,finger_snap,24,29,0.944,100.0,Right,2026-09-07T10:47:32+09:00
dataset/finger_snap/p005_finger_snap_0025.npz,p005,finger_snap,25,30,0.9758,100.0,Right,2026-09-07T10:47:34+09:00
dataset/finger_snap/p005_finger_snap_0026.npz,p005,finger_snap,26,29,0.9442,100.0,Right,2026-09-07T10:47:38+09:00
dataset/finger_snap/p005_finger_snap_0027.npz,p005,finger_snap,27,29,0.9442,100.0,Right,2026-09-07T10:47:40+09:00
dataset/finger_snap/p005_finger_snap_0028.npz,p005,finger_snap,28,32,1.0555,100.0,Right,2026-09-07T10:47:42+09:00
dataset/finger_snap/p005_finger_snap_0029.npz,p005,finger_snap,29,29,0.9445,100.0,Right,2026-09-07T10:47:43+09:00
dataset/finger_snap/p005_finger_snap_0030.npz,p005,finger_snap,30,28,0.9124,100.0,Right,2026-09-07T10:47:45+09:00
dataset/finger_snap/p005_finger_snap_0031.npz,p005,finger_snap,31,29,0.944,100.0,Right,2026-09-07T10:47:47+09:00
dataset/finger_snap/p005_finger_snap_0032.npz,p005,finger_snap,32,28,0.9114,100.0,Right,2026-09-07T10:47:49+09:00
dataset/finger_snap/p005_finger_snap_0033.npz,p005,finger_snap,33,32,1.0391,100.0,Right,2026-09-07T10:47:51+09:00
dataset/finger_snap/p005_finger_snap_0034.npz,p005,finger_snap,34,36,1.1842,100.0,Right,2026-09-07T10:47:53+09:00
dataset/finger_snap/p005_finger_snap_0035.npz,p005,finger_snap,35,32,1.0416,100.0,Right,2026-09-07T10:47:55+09:00
dataset/finger_snap/p005_finger_snap_0036.npz,p005,finger_snap,36,34,1.1032,100.0,Right,2026-09-07T10:47:58+09:00
dataset/finger_snap/p005_finger_snap_0037.npz,p005,finger_snap,37,33,1.0718,100.0,Right,2026-09-07T10:48:00+09:00
dataset/finger_snap/p005_finger_snap_0038.npz,p005,finger_snap,38,31,1.0072,100.0,Right,2026-09-07T10:48:02+09:00
dataset/finger_snap/p005_finger_snap_0039.npz,p005,finger_snap,39,33,1.0715,100.0,Right,2026-09-07T10:48:04+09:00
dataset/finger_snap/p005_finger_snap_0040.npz,p005,finger_snap,40,31,1.008,100.0,Right,2026-09-07T10:48:07+09:00
dataset/finger_snap/p005_finger_snap_0041.npz,p005,finger_snap,41,31,1.0082,100.0,Right,2026-09-07T10:48:09+09:00
dataset/finger_snap/p005_finger_snap_0042.npz,p005,finger_snap,42,29,0.9442,100.0,Right,2026-09-07T10:48:11+09:00
dataset/finger_snap/p005_finger_snap_0043.npz,p005,finger_snap,43,34,1.1204,100.0,Right,2026-09-07T10:48:13+09:00
dataset/finger_snap/p005_finger_snap_0044.npz,p005,finger_snap,44,34,1.12,100.0,Right,2026-09-07T10:48:15+09:00
dataset/finger_snap/p005_finger_snap_0045.npz,p005,finger_snap,45,29,0.9434,100.0,Right,2026-09-07T10:48:17+09:00
dataset/finger_snap/p005_finger_snap_0046.npz,p005,finger_snap,46,35,1.1521,100.0,Right,2026-09-07T10:48:20+09:00
dataset/finger_snap/p005_finger_snap_0047.npz,p005,finger_snap,47,34,1.1197,100.0,Right,2026-09-07T10:48:22+09:00
dataset/finger_snap/p005_finger_snap_0048.npz,p005,finger_snap,48,35,1.1526,100.0,Right,2026-09-07T10:48:24+09:00
dataset/finger_snap/p005_finger_snap_0049.npz,p005,finger_snap,49,30,0.976,100.0,Right,2026-09-07T10:48:26+09:00
dataset/finger_snap/p005_finger_snap_0050.npz,p005,finger_snap,50,33,1.0721,100.0,Right,2026-09-07T10:48:28+09:00
dataset/no_gesture/p005_no_gesture_0001.npz,p005,no_gesture,1,35,1.1517,85.7143,Right,2026-09-07T10:49:59+09:00
dataset/no_gesture/p005_no_gesture_0002.npz,p005,no_gesture,2,72,2.4003,100.0,Right,2026-09-07T10:50:05+09:00
dataset/no_gesture/p005_no_gesture_0003.npz,p005,no_gesture,3,52,1.7124,100.0,Right,2026-09-07T10:50:07+09:00
dataset/no_gesture/p005_no_gesture_0004.npz,p005,no_gesture,4,52,1.7281,100.0,Right,2026-09-07T10:50:15+09:00
dataset/no_gesture/p005_no_gesture_0005.npz,p005,no_gesture,5,63,2.0961,100.0,Right,2026-09-07T10:50:18+09:00
dataset/no_gesture/p005_no_gesture_0006.npz,p005,no_gesture,6,57,1.8882,100.0,Right,2026-09-07T10:50:21+09:00
dataset/no_gesture/p005_no_gesture_0007.npz,p005,no_gesture,7,51,1.6952,98.0392,Right,2026-09-07T10:50:38+09:00
dataset/no_gesture/p005_no_gesture_0008.npz,p005,no_gesture,8,75,2.4956,100.0,Right,2026-09-07T10:50:45+09:00
dataset/no_gesture/p005_no_gesture_0009.npz,p005,no_gesture,9,61,2.015,100.0,Right,2026-09-07T10:50:48+09:00
dataset/no_gesture/p005_no_gesture_0010.npz,p005,no_gesture,10,59,1.9512,100.0,Right,2026-09-07T10:50:51+09:00
dataset/no_gesture/p005_no_gesture_0011.npz,p005,no_gesture,11,72,2.4004,100.0,Right,2026-09-07T10:50:54+09:00
dataset/no_gesture/p005_no_gesture_0012.npz,p005,no_gesture,12,72,2.4,100.0,Right,2026-09-07T10:50:57+09:00
dataset/no_gesture/p005_no_gesture_0013.npz,p005,no_gesture,13,55,1.8247,100.0,Right,2026-09-07T10:51:00+09:00
dataset/no_gesture/p005_no_gesture_0014.npz,p005,no_gesture,14,55,1.8236,100.0,Right,2026-09-07T10:51:03+09:00
dataset/no_gesture/p005_no_gesture_0015.npz,p005,no_gesture,15,59,1.9526,100.0,Right,2026-09-07T10:51:06+09:00
dataset/no_gesture/p005_no_gesture_0016.npz,p005,no_gesture,16,72,2.4001,100.0,Right,2026-09-07T10:51:10+09:00
dataset/no_gesture/p005_no_gesture_0017.npz,p005,no_gesture,17,65,2.1594,100.0,Right,2026-09-07T10:51:13+09:00
dataset/no_gesture/p005_no_gesture_0018.npz,p005,no_gesture,18,60,1.9841,100.0,Right,2026-09-07T10:51:16+09:00
dataset/no_gesture/p005_no_gesture_0019.npz,p005,no_gesture,19,42,1.3755,100.0,Right,2026-09-07T10:51:24+09:00
dataset/no_gesture/p005_no_gesture_0020.npz,p005,no_gesture,20,42,1.3755,100.0,Right,2026-09-07T10:51:26+09:00
dataset/finger_snap/p004_finger_snap_0001.npz,p004,finger_snap,1,42,1.3912,100.0,Right,2026-09-07T10:53:03+09:00
dataset/finger_snap/p004_finger_snap_0002.npz,p004,finger_snap,2,39,1.2809,100.0,Right,2026-09-07T10:53:07+09:00
dataset/finger_snap/p004_finger_snap_0003.npz,p004,finger_snap,3,43,1.4243,100.0,Right,2026-09-07T10:53:13+09:00
dataset/finger_snap/p004_finger_snap_0004.npz,p004,finger_snap,4,37,1.2162,100.0,Right,2026-09-07T10:53:17+09:00
dataset/finger_snap/p004_finger_snap_0005.npz,p004,finger_snap,5,44,1.4409,100.0,Right,2026-09-07T10:53:23+09:00
dataset/finger_snap/p004_finger_snap_0006.npz,p004,finger_snap,6,50,1.6471,100.0,Right,2026-09-07T10:54:09+09:00
dataset/finger_snap/p004_finger_snap_0007.npz,p004,finger_snap,7,38,1.2482,100.0,Right,2026-09-07T10:54:21+09:00
dataset/finger_snap/p004_finger_snap_0008.npz,p004,finger_snap,8,41,1.3443,100.0,Right,2026-09-07T10:54:34+09:00
dataset/finger_snap/p004_finger_snap_0009.npz,p004,finger_snap,9,41,1.3445,100.0,Right,2026-09-07T10:54:38+09:00
dataset/finger_snap/p004_finger_snap_0010.npz,p004,finger_snap,10,38,1.2472,100.0,Right,2026-09-07T10:54:41+09:00
dataset/finger_snap/p004_finger_snap_0011.npz,p004,finger_snap,11,46,1.5201,100.0,Right,2026-09-07T10:54:46+09:00
dataset/finger_snap/p004_finger_snap_0012.npz,p004,finger_snap,12,42,1.3759,100.0,Right,2026-09-07T10:54:50+09:00
dataset/finger_snap/p004_finger_snap_0013.npz,p004,finger_snap,13,40,1.3132,100.0,Right,2026-09-07T10:54:55+09:00
dataset/finger_snap/p004_finger_snap_0014.npz,p004,finger_snap,14,36,1.1835,100.0,Right,2026-09-07T10:55:00+09:00
dataset/finger_snap/p004_finger_snap_0015.npz,p004,finger_snap,15,33,1.0875,100.0,Right,2026-09-07T10:55:09+09:00
dataset/finger_snap/p004_finger_snap_0016.npz,p004,finger_snap,16,42,1.3775,100.0,Right,2026-09-07T10:55:12+09:00
dataset/finger_snap/p004_finger_snap_0017.npz,p004,finger_snap,17,38,1.2477,100.0,Right,2026-09-07T10:55:16+09:00
dataset/finger_snap/p004_finger_snap_0018.npz,p004,finger_snap,18,44,1.4402,100.0,Right,2026-09-07T10:55:19+09:00
dataset/finger_snap/p004_finger_snap_0019.npz,p004,finger_snap,19,39,1.2802,100.0,Right,2026-09-07T10:55:22+09:00
dataset/finger_snap/p004_finger_snap_0020.npz,p004,finger_snap,20,35,1.1369,100.0,Right,2026-09-07T10:55:27+09:00
dataset/finger_snap/p004_finger_snap_0021.npz,p004,finger_snap,21,35,1.1518,100.0,Right,2026-09-07T10:55:31+09:00
dataset/finger_snap/p004_finger_snap_0022.npz,p004,finger_snap,22,36,1.1842,100.0,Right,2026-09-07T10:55:40+09:00
dataset/finger_snap/p004_finger_snap_0023.npz,p004,finger_snap,23,43,1.4081,100.0,Right,2026-09-07T10:55:44+09:00
dataset/finger_snap/p004_finger_snap_0024.npz,p004,finger_snap,24,45,1.4886,100.0,Right,2026-09-07T10:55:48+09:00
dataset/finger_snap/p004_finger_snap_0025.npz,p004,finger_snap,25,47,1.5516,100.0,Right,2026-09-07T10:55:55+09:00
dataset/finger_snap/p004_finger_snap_0026.npz,p004,finger_snap,26,44,1.4565,100.0,Right,2026-09-07T10:55:58+09:00
dataset/finger_snap/p004_finger_snap_0027.npz,p004,finger_snap,27,41,1.3451,100.0,Right,2026-09-07T10:56:02+09:00
dataset/finger_snap/p004_finger_snap_0028.npz,p004,finger_snap,28,43,1.4239,100.0,Right,2026-09-07T10:56:06+09:00
dataset/finger_snap/p004_finger_snap_0029.npz,p004,finger_snap,29,50,1.6491,100.0,Right,2026-09-07T10:56:10+09:00
dataset/finger_snap/p004_finger_snap_0030.npz,p004,finger_snap,30,39,1.2797,100.0,Right,2026-09-07T10:56:14+09:00
dataset/finger_snap/p004_finger_snap_0031.npz,p004,finger_snap,31,43,1.4088,100.0,Right,2026-09-07T10:56:17+09:00
dataset/finger_snap/p004_finger_snap_0032.npz,p004,finger_snap,32,38,1.2486,100.0,Right,2026-09-07T10:56:20+09:00
dataset/finger_snap/p004_finger_snap_0033.npz,p004,finger_snap,33,38,1.2482,100.0,Right,2026-09-07T10:56:24+09:00
dataset/finger_snap/p004_finger_snap_0034.npz,p004,finger_snap,34,42,1.3921,100.0,Right,2026-09-07T10:56:27+09:00
dataset/finger_snap/p004_finger_snap_0035.npz,p004,finger_snap,35,44,1.4565,100.0,Right,2026-09-07T10:56:30+09:00
dataset/finger_snap/p004_finger_snap_0036.npz,p004,finger_snap,36,37,1.217,100.0,Right,2026-09-07T10:56:33+09:00
dataset/finger_snap/p004_finger_snap_0037.npz,p004,finger_snap,37,27,0.8811,100.0,Right,2026-09-07T10:56:35+09:00
dataset/finger_snap/p004_finger_snap_0038.npz,p004,finger_snap,38,30,0.9901,100.0,Right,2026-09-07T10:56:39+09:00
dataset/finger_snap/p004_finger_snap_0039.npz,p004,finger_snap,39,33,1.0885,100.0,Right,2026-09-07T10:56:41+09:00
dataset/finger_snap/p004_finger_snap_0040.npz,p004,finger_snap,40,42,1.3761,100.0,Right,2026-09-07T10:56:44+09:00
dataset/finger_snap/p004_finger_snap_0041.npz,p004,finger_snap,41,39,1.2802,100.0,Right,2026-09-07T10:56:47+09:00
dataset/finger_snap/p004_finger_snap_0042.npz,p004,finger_snap,42,35,1.1531,100.0,Right,2026-09-07T10:56:50+09:00
dataset/finger_snap/p004_finger_snap_0043.npz,p004,finger_snap,43,37,1.2157,100.0,Right,2026-09-07T10:56:53+09:00
dataset/finger_snap/p004_finger_snap_0044.npz,p004,finger_snap,44,35,1.1362,100.0,Right,2026-09-07T10:56:56+09:00
dataset/finger_snap/p004_finger_snap_0045.npz,p004,finger_snap,45,34,1.1041,100.0,Right,2026-09-07T10:57:00+09:00
dataset/finger_snap/p004_finger_snap_0046.npz,p004,finger_snap,46,45,1.4879,100.0,Right,2026-09-07T10:57:03+09:00
dataset/finger_snap/p004_finger_snap_0047.npz,p004,finger_snap,47,40,1.3124,100.0,Right,2026-09-07T10:57:07+09:00
dataset/finger_snap/p004_finger_snap_0048.npz,p004,finger_snap,48,37,1.2168,100.0,Right,2026-09-07T10:57:11+09:00
dataset/finger_snap/p004_finger_snap_0049.npz,p004,finger_snap,49,44,1.4562,100.0,Right,2026-09-07T10:57:14+09:00
dataset/finger_snap/p004_finger_snap_0050.npz,p004,finger_snap,50,35,1.1363,100.0,Right,2026-09-07T10:57:17+09:00
dataset/finger_snap/p004_finger_snap_0051.npz,p004,finger_snap,51,40,1.3118,100.0,Right,2026-09-07T10:57:31+09:00
dataset/finger_snap/p004_finger_snap_0052.npz,p004,finger_snap,52,37,1.2163,100.0,Right,2026-09-07T10:57:34+09:00
dataset/finger_snap/p004_finger_snap_0053.npz,p004,finger_snap,53,47,1.5522,100.0,Right,2026-09-07T10:57:38+09:00
dataset/finger_snap/p004_finger_snap_0054.npz,p004,finger_snap,54,46,1.5199,100.0,Right,2026-09-07T10:57:41+09:00
dataset/finger_snap/p004_finger_snap_0055.npz,p004,finger_snap,55,40,1.3117,100.0,Right,2026-09-07T10:57:44+09:00
dataset/finger_snap/p004_finger_snap_0056.npz,p004,finger_snap,56,38,1.2476,100.0,Right,2026-09-07T10:57:46+09:00
dataset/finger_snap/p004_finger_snap_0057.npz,p004,finger_snap,57,36,1.1846,100.0,Right,2026-09-07T10:57:51+09:00
dataset/finger_snap/p004_finger_snap_0058.npz,p004,finger_snap,58,40,1.3111,100.0,Right,2026-09-07T10:57:54+09:00
dataset/finger_snap/p004_finger_snap_0059.npz,p004,finger_snap,59,37,1.2158,100.0,Right,2026-09-07T10:57:56+09:00
dataset/finger_snap/p004_finger_snap_0060.npz,p004,finger_snap,60,35,1.1358,100.0,Right,2026-09-07T10:58:00+09:00
dataset/finger_snap/p004_finger_snap_0061.npz,p004,finger_snap,61,35,1.1527,100.0,Right,2026-09-07T10:58:05+09:00
dataset/finger_snap/p004_finger_snap_0062.npz,p004,finger_snap,62,35,1.1363,100.0,Right,2026-09-07T10:58:08+09:00
dataset/finger_snap/p004_finger_snap_0063.npz,p004,finger_snap,63,37,1.2161,100.0,Right,2026-09-07T10:58:11+09:00
dataset/finger_snap/p004_finger_snap_0064.npz,p004,finger_snap,64,40,1.3116,100.0,Right,2026-09-07T10:58:14+09:00
dataset/finger_snap/p004_finger_snap_0065.npz,p004,finger_snap,65,42,1.3932,100.0,Right,2026-09-07T10:58:16+09:00
dataset/finger_snap/p004_finger_snap_0066.npz,p004,finger_snap,66,38,1.247,100.0,Right,2026-09-07T10:58:20+09:00
dataset/finger_snap/p004_finger_snap_0067.npz,p004,finger_snap,67,38,1.2488,100.0,Right,2026-09-07T10:58:23+09:00
dataset/finger_snap/p004_finger_snap_0068.npz,p004,finger_snap,68,36,1.1851,100.0,Right,2026-09-07T10:58:26+09:00
dataset/finger_snap/p004_finger_snap_0069.npz,p004,finger_snap,69,36,1.1854,100.0,Right,2026-09-07T10:58:29+09:00
dataset/finger_snap/p004_finger_snap_0070.npz,p004,finger_snap,70,34,1.1181,100.0,Right,2026-09-07T10:58:51+09:00
dataset/finger_snap/p004_finger_snap_0071.npz,p004,finger_snap,71,35,1.1517,100.0,Right,2026-09-07T10:58:56+09:00
dataset/finger_snap/p004_finger_snap_0072.npz,p004,finger_snap,72,41,1.3598,100.0,Right,2026-09-07T10:58:59+09:00
dataset/finger_snap/p004_finger_snap_0073.npz,p004,finger_snap,73,33,1.0888,100.0,Right,2026-09-07T10:59:02+09:00
dataset/finger_snap/p004_finger_snap_0074.npz,p004,finger_snap,74,33,1.0883,100.0,Right,2026-09-07T10:59:06+09:00
dataset/finger_snap/p004_finger_snap_0075.npz,p004,finger_snap,75,43,1.407,100.0,Right,2026-09-07T10:59:09+09:00
dataset/finger_snap/p004_finger_snap_0076.npz,p004,finger_snap,76,43,1.4084,100.0,Right,2026-09-07T10:59:13+09:00
dataset/finger_snap/p004_finger_snap_0077.npz,p004,finger_snap,77,40,1.3291,100.0,Right,2026-09-07T10:59:15+09:00
dataset/finger_snap/p004_finger_snap_0078.npz,p004,finger_snap,78,33,1.0879,100.0,Right,2026-09-07T10:59:18+09:00
dataset/finger_snap/p004_finger_snap_0079.npz,p004,finger_snap,79,36,1.1843,100.0,Right,2026-09-07T10:59:20+09:00
dataset/finger_snap/p004_finger_snap_0080.npz,p004,finger_snap,80,37,1.2164,100.0,Right,2026-09-07T10:59:23+09:00
dataset/finger_snap/p004_finger_snap_0081.npz,p004,finger_snap,81,30,0.9761,100.0,Right,2026-09-07T10:59:26+09:00
dataset/finger_snap/p004_finger_snap_0082.npz,p004,finger_snap,82,39,1.2813,100.0,Right,2026-09-07T10:59:29+09:00
dataset/finger_snap/p004_finger_snap_0083.npz,p004,finger_snap,83,35,1.1526,100.0,Right,2026-09-07T10:59:32+09:00
dataset/finger_snap/p004_finger_snap_0084.npz,p004,finger_snap,84,32,1.0404,100.0,Right,2026-09-07T10:59:34+09:00
dataset/finger_snap/p004_finger_snap_0085.npz,p004,finger_snap,85,29,0.9602,100.0,Right,2026-09-07T10:59:37+09:00
dataset/finger_snap/p004_finger_snap_0086.npz,p004,finger_snap,86,34,1.1205,100.0,Right,2026-09-07T10:59:40+09:00
dataset/finger_snap/p004_finger_snap_0087.npz,p004,finger_snap,87,34,1.1161,100.0,Right,2026-09-07T10:59:43+09:00
dataset/finger_snap/p004_finger_snap_0088.npz,p004,finger_snap,88,33,1.0723,100.0,Right,2026-09-07T10:59:45+09:00
dataset/finger_snap/p004_finger_snap_0089.npz,p004,finger_snap,89,38,1.2484,100.0,Right,2026-09-07T10:59:49+09:00
dataset/finger_snap/p004_finger_snap_0090.npz,p004,finger_snap,90,38,1.2482,100.0,Right,2026-09-07T10:59:52+09:00
dataset/finger_snap/p004_finger_snap_0091.npz,p004,finger_snap,91,36,1.1841,100.0,Right,2026-09-07T10:59:59+09:00
dataset/finger_snap/p004_finger_snap_0092.npz,p004,finger_snap,92,34,1.1196,100.0,Right,2026-09-07T11:00:02+09:00
dataset/finger_snap/p004_finger_snap_0093.npz,p004,finger_snap,93,33,1.0878,100.0,Right,2026-09-07T11:00:05+09:00
dataset/finger_snap/p004_finger_snap_0094.npz,p004,finger_snap,94,33,1.0883,100.0,Right,2026-09-07T11:00:07+09:00
dataset/finger_snap/p004_finger_snap_0095.npz,p004,finger_snap,95,35,1.1368,100.0,Right,2026-09-07T11:00:09+09:00
dataset/finger_snap/p004_finger_snap_0096.npz,p004,finger_snap,96,31,1.01,100.0,Right,2026-09-07T11:00:12+09:00
dataset/finger_snap/p004_finger_snap_0097.npz,p004,finger_snap,97,34,1.1218,100.0,Right,2026-09-07T11:00:15+09:00
dataset/finger_snap/p004_finger_snap_0098.npz,p004,finger_snap,98,34,1.1199,100.0,Right,2026-09-07T11:00:17+09:00
dataset/finger_snap/p004_finger_snap_0099.npz,p004,finger_snap,99,41,1.3449,100.0,Right,2026-09-07T11:00:22+09:00
dataset/finger_snap/p004_finger_snap_0100.npz,p004,finger_snap,100,35,1.1527,100.0,Right,2026-09-07T11:00:25+09:00
dataset/finger_snap/p003_finger_snap_0001.npz,p003,finger_snap,1,27,0.8806,100.0,Right,2026-09-07T11:01:38+09:00
dataset/finger_snap/p003_finger_snap_0002.npz,p003,finger_snap,2,39,1.28,100.0,Right,2026-09-07T11:01:40+09:00
dataset/finger_snap/p003_finger_snap_0001.npz,p003,finger_snap,1,42,1.3768,100.0,Right,2026-09-07T11:02:55+09:00
dataset/finger_snap/p003_finger_snap_0002.npz,p003,finger_snap,2,40,1.3123,100.0,Right,2026-09-07T11:03:00+09:00
dataset/finger_snap/p003_finger_snap_0003.npz,p003,finger_snap,3,43,1.4082,100.0,Right,2026-09-07T11:03:03+09:00
dataset/finger_snap/p003_finger_snap_0004.npz,p003,finger_snap,4,43,1.4237,100.0,Right,2026-09-07T11:03:07+09:00
dataset/finger_snap/p003_finger_snap_0005.npz,p003,finger_snap,5,33,1.0721,100.0,Right,2026-09-07T11:03:09+09:00
dataset/finger_snap/p003_finger_snap_0006.npz,p003,finger_snap,6,38,1.2471,100.0,Right,2026-09-07T11:03:11+09:00
dataset/finger_snap/p003_finger_snap_0007.npz,p003,finger_snap,7,37,1.2158,100.0,Right,2026-09-07T11:03:13+09:00
dataset/finger_snap/p003_finger_snap_0008.npz,p003,finger_snap,8,33,1.0882,100.0,Right,2026-09-07T11:03:16+09:00
dataset/finger_snap/p003_finger_snap_0009.npz,p003,finger_snap,9,35,1.1523,100.0,Right,2026-09-07T11:03:18+09:00
dataset/finger_snap/p003_finger_snap_0010.npz,p003,finger_snap,10,29,0.9439,100.0,Right,2026-09-07T11:03:20+09:00
dataset/finger_snap/p003_finger_snap_0011.npz,p003,finger_snap,11,31,1.0082,100.0,Right,2026-09-07T11:03:22+09:00
dataset/finger_snap/p003_finger_snap_0012.npz,p003,finger_snap,12,36,1.1831,100.0,Right,2026-09-07T11:03:24+09:00
dataset/finger_snap/p003_finger_snap_0013.npz,p003,finger_snap,13,33,1.0881,100.0,Right,2026-09-07T11:03:26+09:00
dataset/finger_snap/p003_finger_snap_0014.npz,p003,finger_snap,14,35,1.1524,100.0,Right,2026-09-07T11:03:28+09:00
dataset/finger_snap/p003_finger_snap_0015.npz,p003,finger_snap,15,33,1.0883,100.0,Right,2026-09-07T11:03:30+09:00
dataset/finger_snap/p003_finger_snap_0016.npz,p003,finger_snap,16,26,0.848,100.0,Right,2026-09-07T11:03:36+09:00
dataset/finger_snap/p003_finger_snap_0017.npz,p003,finger_snap,17,29,0.9434,100.0,Right,2026-09-07T11:03:38+09:00
dataset/finger_snap/p003_finger_snap_0018.npz,p003,finger_snap,18,31,1.0088,100.0,Right,2026-09-07T11:03:40+09:00
dataset/finger_snap/p003_finger_snap_0019.npz,p003,finger_snap,19,30,0.9762,100.0,Right,2026-09-07T11:03:42+09:00
dataset/finger_snap/p003_finger_snap_0020.npz,p003,finger_snap,20,35,1.1516,100.0,Right,2026-09-07T11:03:44+09:00
dataset/finger_snap/p003_finger_snap_0021.npz,p003,finger_snap,21,38,1.2482,100.0,Right,2026-09-07T11:03:47+09:00
dataset/finger_snap/p003_finger_snap_0022.npz,p003,finger_snap,22,34,1.1039,100.0,Right,2026-09-07T11:03:49+09:00
dataset/finger_snap/p003_finger_snap_0023.npz,p003,finger_snap,23,30,0.9757,100.0,Right,2026-09-07T11:03:50+09:00
dataset/finger_snap/p003_finger_snap_0024.npz,p003,finger_snap,24,34,1.119,100.0,Right,2026-09-07T11:03:52+09:00
dataset/finger_snap/p003_finger_snap_0025.npz,p003,finger_snap,25,31,1.0243,100.0,Right,2026-09-07T11:03:55+09:00
dataset/finger_snap/p003_finger_snap_0026.npz,p003,finger_snap,26,32,1.0399,100.0,Right,2026-09-07T11:03:59+09:00
dataset/finger_snap/p003_finger_snap_0027.npz,p003,finger_snap,27,35,1.1525,100.0,Right,2026-09-07T11:04:01+09:00
dataset/finger_snap/p003_finger_snap_0028.npz,p003,finger_snap,28,35,1.1518,100.0,Right,2026-09-07T11:04:03+09:00
dataset/finger_snap/p003_finger_snap_0029.npz,p003,finger_snap,29,32,1.0403,100.0,Right,2026-09-07T11:04:05+09:00
dataset/finger_snap/p003_finger_snap_0030.npz,p003,finger_snap,30,32,1.0393,100.0,Right,2026-09-07T11:04:06+09:00
dataset/finger_snap/p003_finger_snap_0031.npz,p003,finger_snap,31,31,1.0069,100.0,Right,2026-09-07T11:04:08+09:00
dataset/finger_snap/p003_finger_snap_0032.npz,p003,finger_snap,32,34,1.1203,100.0,Right,2026-09-07T11:04:11+09:00
dataset/finger_snap/p003_finger_snap_0033.npz,p003,finger_snap,33,36,1.1839,100.0,Right,2026-09-07T11:04:13+09:00
dataset/finger_snap/p003_finger_snap_0034.npz,p003,finger_snap,34,34,1.1203,100.0,Right,2026-09-07T11:04:15+09:00
dataset/finger_snap/p003_finger_snap_0035.npz,p003,finger_snap,35,28,0.9121,100.0,Right,2026-09-07T11:05:04+09:00
dataset/finger_snap/p003_finger_snap_0036.npz,p003,finger_snap,36,27,0.8801,100.0,Right,2026-09-07T11:05:06+09:00
dataset/finger_snap/p003_finger_snap_0037.npz,p003,finger_snap,37,27,0.8635,100.0,Right,2026-09-07T11:05:07+09:00
dataset/finger_snap/p003_finger_snap_0038.npz,p003,finger_snap,38,23,0.752,100.0,Right,2026-09-07T11:05:09+09:00
dataset/finger_snap/p003_finger_snap_0039.npz,p003,finger_snap,39,25,0.8005,100.0,Right,2026-09-07T11:05:10+09:00
dataset/finger_snap/p003_finger_snap_0040.npz,p003,finger_snap,40,26,0.8477,100.0,Right,2026-09-07T11:05:12+09:00
dataset/finger_snap/p003_finger_snap_0041.npz,p003,finger_snap,41,28,0.9124,100.0,Right,2026-09-07T11:05:13+09:00
dataset/finger_snap/p003_finger_snap_0042.npz,p003,finger_snap,42,28,0.9112,100.0,Right,2026-09-07T11:05:15+09:00
dataset/finger_snap/p003_finger_snap_0043.npz,p003,finger_snap,43,28,0.9117,100.0,Right,2026-09-07T11:05:17+09:00
dataset/finger_snap/p003_finger_snap_0044.npz,p003,finger_snap,44,29,0.959,100.0,Right,2026-09-07T11:05:19+09:00
dataset/finger_snap/p003_finger_snap_0045.npz,p003,finger_snap,45,30,0.9757,100.0,Right,2026-09-07T11:05:20+09:00
dataset/finger_snap/p003_finger_snap_0046.npz,p003,finger_snap,46,30,0.9759,100.0,Right,2026-09-07T11:05:22+09:00
dataset/finger_snap/p003_finger_snap_0047.npz,p003,finger_snap,47,29,0.9442,100.0,Right,2026-09-07T11:05:23+09:00
dataset/finger_snap/p003_finger_snap_0048.npz,p003,finger_snap,48,27,0.8793,100.0,Right,2026-09-07T11:05:25+09:00
dataset/finger_snap/p003_finger_snap_0049.npz,p003,finger_snap,49,25,0.8163,100.0,Right,2026-09-07T11:05:27+09:00
dataset/finger_snap/p003_finger_snap_0050.npz,p003,finger_snap,50,26,0.848,100.0,Right,2026-09-07T11:05:28+09:00
dataset/finger_snap/p003_finger_snap_0051.npz,p003,finger_snap,51,25,0.8157,100.0,Right,2026-09-07T11:05:32+09:00
dataset/finger_snap/p003_finger_snap_0052.npz,p003,finger_snap,52,28,0.9117,100.0,Right,2026-09-07T11:05:34+09:00
dataset/finger_snap/p003_finger_snap_0053.npz,p003,finger_snap,53,27,0.8653,100.0,Right,2026-09-07T11:05:36+09:00
dataset/finger_snap/p003_finger_snap_0054.npz,p003,finger_snap,54,31,1.0225,100.0,Right,2026-09-07T11:05:38+09:00
dataset/finger_snap/p003_finger_snap_0055.npz,p003,finger_snap,55,30,0.9765,100.0,Right,2026-09-07T11:05:40+09:00
dataset/finger_snap/p003_finger_snap_0056.npz,p003,finger_snap,56,27,0.8801,100.0,Right,2026-09-07T11:05:42+09:00
dataset/finger_snap/p003_finger_snap_0057.npz,p003,finger_snap,57,28,0.912,100.0,Right,2026-09-07T11:05:43+09:00
dataset/finger_snap/p003_finger_snap_0058.npz,p003,finger_snap,58,23,0.7367,100.0,Right,2026-09-07T11:05:45+09:00
dataset/finger_snap/p003_finger_snap_0059.npz,p003,finger_snap,59,26,0.8483,100.0,Right,2026-09-07T11:05:55+09:00
dataset/finger_snap/p003_finger_snap_0060.npz,p003,finger_snap,60,29,0.9429,100.0,Right,2026-09-07T11:05:56+09:00
dataset/finger_snap/p003_finger_snap_0061.npz,p003,finger_snap,61,29,0.9438,100.0,Right,2026-09-07T11:05:58+09:00
dataset/finger_snap/p003_finger_snap_0062.npz,p003,finger_snap,62,25,0.7996,100.0,Right,2026-09-07T11:05:59+09:00
dataset/finger_snap/p003_finger_snap_0063.npz,p003,finger_snap,63,24,0.7842,100.0,Right,2026-09-07T11:06:01+09:00
dataset/finger_snap/p003_finger_snap_0064.npz,p003,finger_snap,64,28,0.9122,100.0,Right,2026-09-07T11:06:02+09:00
dataset/finger_snap/p003_finger_snap_0065.npz,p003,finger_snap,65,25,0.8166,100.0,Right,2026-09-07T11:06:05+09:00
dataset/finger_snap/p003_finger_snap_0066.npz,p003,finger_snap,66,24,0.7831,100.0,Right,2026-09-07T11:06:08+09:00
dataset/finger_snap/p003_finger_snap_0067.npz,p003,finger_snap,67,20,0.6404,100.0,Right,2026-09-07T11:06:09+09:00
dataset/finger_snap/p003_finger_snap_0068.npz,p003,finger_snap,68,27,0.8802,100.0,Right,2026-09-07T11:06:12+09:00
dataset/finger_snap/p003_finger_snap_0069.npz,p003,finger_snap,69,28,0.9126,100.0,Right,2026-09-07T11:06:14+09:00
dataset/finger_snap/p003_finger_snap_0070.npz,p003,finger_snap,70,25,0.8154,100.0,Right,2026-09-07T11:06:16+09:00
dataset/finger_snap/p003_finger_snap_0071.npz,p003,finger_snap,71,35,1.1524,100.0,Right,2026-09-07T11:06:18+09:00
dataset/finger_snap/p003_finger_snap_0072.npz,p003,finger_snap,72,30,0.9914,100.0,Right,2026-09-07T11:06:20+09:00
dataset/finger_snap/p003_finger_snap_0073.npz,p003,finger_snap,73,27,0.8804,100.0,Right,2026-09-07T11:06:21+09:00
dataset/finger_snap/p003_finger_snap_0074.npz,p003,finger_snap,74,33,1.0715,100.0,Right,2026-09-07T11:06:23+09:00
dataset/finger_snap/p003_finger_snap_0075.npz,p003,finger_snap,75,30,0.9762,100.0,Right,2026-09-07T11:06:25+09:00
dataset/finger_snap/p003_finger_snap_0076.npz,p003,finger_snap,76,28,0.9125,100.0,Right,2026-09-07T11:06:27+09:00
dataset/finger_snap/p003_finger_snap_0077.npz,p003,finger_snap,77,35,1.1518,100.0,Right,2026-09-07T11:06:29+09:00
dataset/finger_snap/p003_finger_snap_0078.npz,p003,finger_snap,78,34,1.1202,100.0,Right,2026-09-07T11:06:30+09:00
dataset/finger_snap/p003_finger_snap_0079.npz,p003,finger_snap,79,30,0.9762,100.0,Right,2026-09-07T11:06:32+09:00
dataset/finger_snap/p003_finger_snap_0080.npz,p003,finger_snap,80,32,1.0406,100.0,Right,2026-09-07T11:06:34+09:00
dataset/finger_snap/p003_finger_snap_0081.npz,p003,finger_snap,81,28,0.9117,100.0,Right,2026-09-07T11:06:36+09:00
dataset/finger_snap/p003_finger_snap_0082.npz,p003,finger_snap,82,30,0.9761,100.0,Right,2026-09-07T11:06:38+09:00
dataset/finger_snap/p003_finger_snap_0083.npz,p003,finger_snap,83,28,0.911,100.0,Right,2026-09-07T11:06:40+09:00
dataset/finger_snap/p003_finger_snap_0084.npz,p003,finger_snap,84,35,1.1367,100.0,Right,2026-09-07T11:06:42+09:00
dataset/finger_snap/p003_finger_snap_0085.npz,p003,finger_snap,85,28,0.9126,100.0,Right,2026-09-07T11:06:44+09:00
dataset/finger_snap/p003_finger_snap_0086.npz,p003,finger_snap,86,31,1.0078,100.0,Right,2026-09-07T11:06:46+09:00
dataset/finger_snap/p003_finger_snap_0087.npz,p003,finger_snap,87,31,1.0084,100.0,Right,2026-09-07T11:06:48+09:00
dataset/finger_snap/p003_finger_snap_0088.npz,p003,finger_snap,88,30,0.9916,100.0,Right,2026-09-07T11:06:50+09:00
dataset/finger_snap/p003_finger_snap_0089.npz,p003,finger_snap,89,28,0.9124,100.0,Right,2026-09-07T11:06:52+09:00
dataset/finger_snap/p003_finger_snap_0090.npz,p003,finger_snap,90,27,0.8787,100.0,Right,2026-09-07T11:06:54+09:00
dataset/finger_snap/p003_finger_snap_0091.npz,p003,finger_snap,91,30,0.9755,100.0,Right,2026-09-07T11:06:55+09:00
dataset/finger_snap/p003_finger_snap_0092.npz,p003,finger_snap,92,33,1.0877,100.0,Right,2026-09-07T11:06:57+09:00
dataset/finger_snap/p003_finger_snap_0093.npz,p003,finger_snap,93,35,1.1365,100.0,Right,2026-09-07T11:06:59+09:00
dataset/finger_snap/p003_finger_snap_0094.npz,p003,finger_snap,94,27,0.8802,100.0,Right,2026-09-07T11:07:02+09:00
dataset/finger_snap/p003_finger_snap_0095.npz,p003,finger_snap,95,27,0.8799,100.0,Right,2026-09-07T11:07:04+09:00
dataset/finger_snap/p003_finger_snap_0096.npz,p003,finger_snap,96,32,1.0555,100.0,Right,2026-09-07T11:07:06+09:00
dataset/finger_snap/p003_finger_snap_0097.npz,p003,finger_snap,97,29,0.9438,100.0,Right,2026-09-07T11:07:08+09:00
dataset/finger_snap/p003_finger_snap_0098.npz,p003,finger_snap,98,34,1.1205,100.0,Right,2026-09-07T11:07:10+09:00
dataset/finger_snap/p003_finger_snap_0099.npz,p003,finger_snap,99,31,1.0083,100.0,Right,2026-09-07T11:07:12+09:00
dataset/finger_snap/p003_finger_snap_0100.npz,p003,finger_snap,100,28,0.9126,100.0,Right,2026-09-07T11:07:15+09:00
dataset/finger_snap/p002_finger_snap_0001.npz,p002,finger_snap,1,71,2.352,100.0,Right,2026-09-07T11:10:59+09:00
dataset/finger_snap/p002_finger_snap_0002.npz,p002,finger_snap,2,46,1.5198,100.0,Right,2026-09-07T11:11:15+09:00
dataset/finger_snap/p002_finger_snap_0003.npz,p002,finger_snap,3,50,1.6642,100.0,Right,2026-09-07T11:11:24+09:00
dataset/finger_snap/p002_finger_snap_0004.npz,p002,finger_snap,4,48,1.5841,100.0,Right,2026-09-07T11:11:50+09:00
dataset/finger_snap/p002_finger_snap_0005.npz,p002,finger_snap,5,47,1.5521,100.0,Right,2026-09-07T11:12:11+09:00
dataset/finger_snap/p002_finger_snap_0006.npz,p002,finger_snap,6,65,2.1598,98.4615,Right,2026-09-07T11:12:17+09:00
dataset/finger_snap/p002_finger_snap_0007.npz,p002,finger_snap,7,45,1.4882,100.0,Right,2026-09-07T11:12:22+09:00
dataset/finger_snap/p002_finger_snap_0008.npz,p002,finger_snap,8,55,1.8241,100.0,Right,2026-09-07T11:12:32+09:00
dataset/finger_snap/p002_finger_snap_0009.npz,p002,finger_snap,9,48,1.584,100.0,Right,2026-09-07T11:12:38+09:00
dataset/finger_snap/p002_finger_snap_0010.npz,p002,finger_snap,10,60,1.9843,100.0,Right,2026-09-07T11:13:06+09:00
dataset/finger_snap/p002_finger_snap_0011.npz,p002,finger_snap,11,60,1.984,100.0,Right,2026-09-07T11:13:11+09:00
dataset/finger_snap/p002_finger_snap_0012.npz,p002,finger_snap,12,44,1.4401,100.0,Right,2026-09-07T11:13:17+09:00
dataset/finger_snap/p002_finger_snap_0013.npz,p002,finger_snap,13,46,1.5198,100.0,Right,2026-09-07T11:13:20+09:00
dataset/finger_snap/p002_finger_snap_0014.npz,p002,finger_snap,14,46,1.5199,100.0,Right,2026-09-07T11:13:23+09:00
dataset/finger_snap/p002_finger_snap_0015.npz,p002,finger_snap,15,45,1.488,100.0,Right,2026-09-07T11:13:40+09:00
dataset/finger_snap/p002_finger_snap_0016.npz,p002,finger_snap,16,46,1.5042,100.0,Right,2026-09-07T11:13:56+09:00
dataset/finger_snap/p002_finger_snap_0017.npz,p002,finger_snap,17,63,2.096,100.0,Right,2026-09-07T11:14:10+09:00
dataset/finger_snap/p002_finger_snap_0018.npz,p002,finger_snap,18,37,1.2161,100.0,Right,2026-09-07T11:14:20+09:00
dataset/finger_snap/p002_finger_snap_0019.npz,p002,finger_snap,19,53,1.7441,100.0,Right,2026-09-07T11:14:24+09:00
dataset/finger_snap/p002_finger_snap_0020.npz,p002,finger_snap,20,52,1.7282,100.0,Right,2026-09-07T11:14:28+09:00
dataset/finger_snap/p002_finger_snap_0021.npz,p002,finger_snap,21,55,1.824,100.0,Right,2026-09-07T11:14:37+09:00
dataset/finger_snap/p002_finger_snap_0022.npz,p002,finger_snap,22,48,1.5839,100.0,Right,2026-09-07T11:14:41+09:00
dataset/finger_snap/p002_finger_snap_0023.npz,p002,finger_snap,23,46,1.504,100.0,Right,2026-09-07T11:14:45+09:00
dataset/finger_snap/p002_finger_snap_0024.npz,p002,finger_snap,24,50,1.6636,100.0,Right,2026-09-07T11:14:49+09:00
dataset/finger_snap/p002_finger_snap_0025.npz,p002,finger_snap,25,48,1.5841,100.0,Right,2026-09-07T11:14:56+09:00
dataset/finger_snap/p002_finger_snap_0026.npz,p002,finger_snap,26,54,1.7759,100.0,Right,2026-09-07T11:15:04+09:00
dataset/finger_snap/p002_finger_snap_0027.npz,p002,finger_snap,27,58,1.9201,100.0,Right,2026-09-07T11:15:08+09:00
dataset/finger_snap/p002_finger_snap_0028.npz,p002,finger_snap,28,52,1.7122,100.0,Right,2026-09-07T11:15:13+09:00
dataset/finger_snap/p002_finger_snap_0029.npz,p002,finger_snap,29,58,1.936,100.0,Right,2026-09-07T11:15:25+09:00
dataset/finger_snap/p002_finger_snap_0030.npz,p002,finger_snap,30,53,1.744,100.0,Right,2026-09-07T11:15:32+09:00
dataset/finger_snap/p002_finger_snap_0031.npz,p002,finger_snap,31,41,1.3441,100.0,Right,2026-09-07T11:15:36+09:00
dataset/finger_snap/p002_finger_snap_0032.npz,p002,finger_snap,32,56,1.8561,100.0,Right,2026-09-07T11:15:41+09:00
dataset/finger_snap/p002_finger_snap_0033.npz,p002,finger_snap,33,48,1.5848,100.0,Right,2026-09-07T11:15:45+09:00
dataset/finger_snap/p002_finger_snap_0034.npz,p002,finger_snap,34,48,1.584,100.0,Right,2026-09-07T11:15:50+09:00
dataset/finger_snap/p002_finger_snap_0035.npz,p002,finger_snap,35,49,1.6159,100.0,Right,2026-09-07T11:16:16+09:00
dataset/finger_snap/p002_finger_snap_0036.npz,p002,finger_snap,36,36,1.184,100.0,Right,2026-09-07T11:16:57+09:00
dataset/finger_snap/p002_finger_snap_0037.npz,p002,finger_snap,37,59,1.9519,100.0,Right,2026-09-07T11:17:02+09:00
dataset/finger_snap/p002_finger_snap_0038.npz,p002,finger_snap,38,53,1.76,100.0,Right,2026-09-07T11:17:09+09:00
dataset/finger_snap/p002_finger_snap_0039.npz,p002,finger_snap,39,38,1.2482,100.0,Right,2026-09-07T11:17:21+09:00
dataset/finger_snap/p002_finger_snap_0040.npz,p002,finger_snap,40,55,1.824,100.0,Right,2026-09-07T11:17:24+09:00
dataset/finger_snap/p002_finger_snap_0041.npz,p002,finger_snap,41,49,1.6161,100.0,Right,2026-09-07T11:17:27+09:00
dataset/finger_snap/p002_finger_snap_0042.npz,p002,finger_snap,42,57,1.888,100.0,Right,2026-09-07T11:17:34+09:00
dataset/finger_snap/p002_finger_snap_0043.npz,p002,finger_snap,43,42,1.392,100.0,Right,2026-09-07T11:17:38+09:00
dataset/finger_snap/p002_finger_snap_0044.npz,p002,finger_snap,44,40,1.312,100.0,Right,2026-09-07T11:17:42+09:00
dataset/finger_snap/p002_finger_snap_0045.npz,p002,finger_snap,45,37,1.2161,100.0,Right,2026-09-07T11:17:48+09:00
dataset/finger_snap/p002_finger_snap_0046.npz,p002,finger_snap,46,44,1.4399,100.0,Right,2026-09-07T11:17:53+09:00
dataset/finger_snap/p002_finger_snap_0047.npz,p002,finger_snap,47,48,1.6001,100.0,Right,2026-09-07T11:17:57+09:00
dataset/finger_snap/p002_finger_snap_0048.npz,p002,finger_snap,48,51,1.696,100.0,Right,2026-09-07T11:18:01+09:00
dataset/finger_snap/p002_finger_snap_0049.npz,p002,finger_snap,49,73,2.4321,100.0,Right,2026-09-07T11:18:11+09:00
dataset/finger_snap/p002_finger_snap_0050.npz,p002,finger_snap,50,42,1.3761,100.0,Right,2026-09-07T11:18:19+09:00
